AFTER_TAX_YIELD,APPLIED_YIELD,AVG_ANNUAL_TAX_YIELD,BDBNS_ABL_CHNL_NM,BDBNS_ABL_CHNL_TCD,BD_INRT_TCD,BD_INTP_TCD,BD_KND,BD_OFR_TCD,BD_TISU_A,BUYABLE_QUANTITY,BUY_YIELD,CORP_AFTER_TAX_YIELD,CORP_PRETAX_YIELD,COV,CRD_GRD,CRD_GRD_DT,CURR_CD,DEPO_EQUIV_YIELD_154,DEPO_EQUIV_YIELD_495,DIRTY,DUR,EVAL_PRICE,EXG_CLOSE_PRICE,EXG_CLOSE_PRICE_BASE_DT,EXG_CLOSE_YIELD,EXRT_GRTE_ERN_R,EXRT_GRTE_ERN_R_TCD,EXRT_RPY_R,INFO_BASE_DT,INFO_SEQ,ISU_BAL_AMT,ISU_DT,MAT_DT,NDY_APPLIED_YIELD,NDY_COV,NDY_DIRTY,NDY_DUR,NDY_EVAL_PRICE,PD_ABRV_ENG_NM,PD_ABRV_NM,PD_CTRY_CD,PD_ENG_NM,PD_EXG_MKT,PD_NM,PD_NO,PD_PBCM,PD_PEN_TR_YN,PD_RISK_GCD,PD_RISK_NM,PD_STD_INFO_UPDATE,PREF_TAX_YIELD,REMAINING_DAYS,SALE_YIELD_BASE_DT,SRFC_IRT,STD_PD_MCLS_NM,STD_PD_SCLS_NM,TRADE_PRICE,drv_is_perpetual,drv_maturity_status,drv_is_matured,drv_is_buyable,drv_crd_grd_norm,drv_crd_grd_rank,drv_risk_grade,drv_std_info_lag_days,drv_is_intl_bond
,3.92,,,,고정금리,복리채,지역개발채,공모,71519355000,,,,,8.6272,,,KRW,,,10232.58,2.5359,10232.58,,,,0.0,99,100.0,2026-08-21,1,71432675000.0,2024-03-31,2029-03-31,3.92,8.5877,10233.65,2.5429,10233.65,KYUNGKI PROVINCIAL24-03,경기지역개발24-03,KR,KYUNGKI PROVINCIAL DEVELOPMENT24-03,장외,경기지역개발채권 24-03,KR2044022E39,경기도,Y,16,매우낮은위험(6등급),2026-08-21,,953.0,,2.5,국공채,지역개발,,N,active,N,Y,,,6,1,N
,3.427,,,,고정금리,복리채,지역개발채,공모,10285855000,,,,,1.4363,,,KRW,,,10235.21,0.8365,10235.21,,,,0.0,99,100.0,2026-08-21,1,10250915000.0,2022-06-30,2027-06-30,3.427,1.4135,10236.15,0.8372,10236.15,ULSAN PROVINCIAL22-06,울산지역개발22-06,KR,ULSAN PROVINCIAL DEVELOPMENT22-06,장외,울산지역개발채권 22-06,KR2008012C61,울산광역시,Y,16,매우낮은위험(6등급),2026-08-21,,313.0,,1.05,국공채,지역개발,,N,active,N,Y,,,6,1,N
,3.143,,,,고정금리,복리채,도시철도공채,공모,8652980000,,,,,0.4962,,,KRW,,,10390.19,0.4374,10390.19,,,,0.0,99,100.0,2026-08-21,1,8637900000.0,2022-01-31,2027-01-31,3.143,0.4561,10391.07,0.4372,10391.07,BUSAN SUBWAY22-01,부산도시철도22-01,KR,BUSAN SUBWAY22-01,장외,부산도시철도공채증권 22-01,KR2006024C12,부산광역시,Y,16,매우낮은위험(6등급),2026-08-21,,163.0,,1.05,국공채,도시철도,,N,active,N,Y,,,6,1,N
,4.064,,,,고정금리,복리채,지역개발채,공모,6303435000,,,,,12.8697,,,KRW,,,9927.77,3.1819,9927.77,,,,0.0,99,100.0,2026-08-21,1,6303435000.0,2024-11-30,2029-11-30,4.064,12.8327,9928.86,3.1911,9928.86,KWANGJU PROVINCIAL24-11,광주지역개발24-11,KR,KWANGJU PROVINCIAL DEVELOPMENT24-11,장외,광주지역개발채권 24-11,KR2005032EB7,전남광주통합특별시,N,16,매우낮은위험(6등급),2026-08-21,,1197.0,,2.5,국공채,지역개발,,N,active,N,Y,,,6,1,N
,2.875,,,,고정금리,복리채,도시철도공채,공모,59555275000,,,,,0.0139,,,KRW,,,10881.62,0.0262,10881.62,,,,0.0,99,100.0,2026-08-21,1,59381595000.0,2019-08-31,2026-08-31,2.875,0.0087,10882.48,0.0244,10882.48,SEOUL SUBWAY19-08,서울도시철도19-08,KR,SEOUL METROPOLITAN CITY SUBWAY BOND19-08,장외,서울철도 2019-08,KR2001024984,서울특별시,Y,16,매우낮은위험(6등급),2026-08-21,,10.0,,1.25,국공채,도시철도,,N,active,N,Y,,,6,1,N
,3.754,,,,고정금리,복리채,국민주택1종,공모,1061131140000,,,,,6.0531,,,KRW,,,9868.45,2.0525,9868.45,8566.0,2023-10-31,4.562,0.0,99,100.0,2026-08-21,1,1058687980000.0,2023-09-30,2028-09-30,3.754,6.0311,9869.46,2.0571,9869.46,KNHB (Ⅰ)23-09,국민주택1종23-09,KR,KOREA NATIONAL HOUSING BOND (Ⅰ)23-09,장내,국민주택1종채권 23-09,KR101501DD96,대한민국,Y,16,매우낮은위험(6등급),2026-08-21,,771.0,,1.3,국공채,국민주택,,N,active,N,Y,,,6,1,N
,4.084,,,,고정금리,복리채,도시철도공채,공모,64899305000,,,,,14.6276,,,KRW,,,10257.72,3.4213,10257.72,9152.0,2023-03-31,3.76,0.0,99,100.0,2026-08-21,1,64843360000.0,2023-02-28,2030-02-28,4.084,14.5857,10258.84,3.4315,10258.84,SEOUL SUBWAY23-02,서울도시철도23-02,KR,SEOUL METROPOLITAN CITY SUBWAY BOND23-02,장내,서울도시철도공채증권 23-02,KR2001024D20,서울특별시,Y,16,매우낮은위험(6등급),2026-08-21,,1287.0,,2.5,국공채,도시철도,,N,active,N,Y,,,6,1,N
,4.467,,,,고정금리,복리채,도시철도공채,공모,40303660000,,,,,50.5074,,,KRW,,,8445.68,6.7197,8445.68,0.0,,0.0,0.0,99,100.0,2026-08-21,1,40252020000.0,2026-07-31,2033-07-31,4.467,50.473,8446.67,6.7424,8446.67,SEOUL SUBWAY26-07,서울도시철도26-07,KR,SEOUL METROPOLITAN CITY SUBWAY BOND26-07,장내,서울도시철도공채증권 26-07,KR2001024G76,서울특별시,Y,16,매우낮은위험(6등급),2026-08-21,,2536.0,,2.0,국공채,도시철도,,N,active,N,Y,,,6,1,N
,4.256,,,,고정금리,복리채,도시철도공채,공모,3838400000,,,,,23.7082,,,KRW,,,9108.95,4.4688,9108.95,9087.0,2026-04-30,4.036,0.0,99,100.0,2026-08-21,1,3835600000.0,2026-03-31,2031-03-31,4.256,23.6679,9109.99,4.4832,9109.99,BUSAN SUBWAY26-03,부산도시철도26-03,KR,BUSAN SUBWAY26-03,장내,부산도시철도공채증권 26-03,KR2006014G36,부산광역시,Y,16,매우낮은위험(6등급),2026-08-21,,1683.0,,2.0,국공채,도시철도,,N,active,N,Y,,,6,1,N
,3.751,,,,고정금리,복리채,도시철도공채,공모,8818990000,,,,,4.5082,,,KRW,,,10596.64,1.728,10596.64,9319.0,2023-06-30,4.021,0.0,99,100.0,2026-08-21,1,8818990000.0,2023-05-31,2028-05-31,3.751,4.4772,10597.7,1.7319,10597.7,BUSAN SUBWAY23-05,부산도시철도23-05,KR,BUSAN SUBWAY23-05,장내,부산도시철도공채증권 23-05,KR2006024D52,부산광역시,Y,16,매우낮은위험(6등급),2026-08-21,,649.0,,2.5,국공채,도시철도,,N,active,N,Y,,,6,1,N
,3.868,,,,고정금리,복리채,지역개발채,공모,23655490000,,,,,7.2705,,,KRW,,,10342.37,2.2971,10342.37,9482.0,2024-01-31,3.658,0.0,99,100.0,2026-08-21,1,23543660000.0,2023-12-31,2028-12-31,3.868,7.2317,10343.45,2.3032,10343.45,CHUNGBUK PROVINCIAL23-12,충북지역개발23-12,KR,CHUNGBUK PROVINCIAL DEVELOPMENT23-12,장내,충북지역개발채권 23-12,KR2033022DC4,충청북도,Y,16,매우낮은위험(6등급),2026-08-21,,863.0,,2.5,국공채,지역개발,,N,active,N,Y,,,6,1,N
,3.858,,,,고정금리,복리채,지역개발채,공모,72634245000,,,,,6.8382,,,KRW,,,10378.27,2.2144,10378.27,9493.0,2023-12-28,3.627,0.0,99,100.0,2026-08-21,1,72477575000.0,2023-11-30,2028-11-30,3.858,6.8033,10379.36,2.2201,10379.36,KYUNGKI PROVINCIAL23-11,경기지역개발23-11,KR,KYUNGKI PROVINCIAL DEVELOPMENT23-11,장내,경기지역개발채권 23-11,KR2044022DB3,경기도,Y,16,매우낮은위험(6등급),2026-08-21,,832.0,,2.5,국공채,지역개발,,N,active,N,Y,,,6,1,N
,4.31,,,,고정금리,복리채,지역개발채,공모,61060910000,,,,,26.1137,,,KRW,,,8992.92,4.7075,8992.92,8952.0,2026-07-31,4.356,0.0,99,100.0,2026-08-21,1,60860835000.0,2026-06-30,2031-06-30,4.31,26.083,8993.95,4.7226,8993.95,KYUNGKI PROVINCIAL26-06,경기지역개발26-06,KR,KYUNGKI PROVINCIAL DEVELOPMENT26-06,장내,경기지역개발채권 26-06,KR2044022G60,경기도,Y,16,매우낮은위험(6등급),2026-08-21,,1774.0,,2.0,국공채,지역개발,,N,active,N,Y,,,6,1,N
,4.169,,,,고정금리,이표채,일반회사채,공모,87000000000,,,,,1.3014,A-,2026-06-24,KRW,,,10129.26,1.02,10129.26,,,,0.0,99,100.0,2026-08-21,1,87000000000.0,2024-09-11,2027-09-10,4.169,1.2952,10130.41,1.0189,10130.41,DOOSAN ENERBILITY79-2,두산에너빌리티79-2,KR,DOOSAN ENERBILITY79-2,장외,두산에너빌리티79-2,KR6034022E93,두산에너빌리티(주),Y,14,보통위험(4등급),2026-08-21,,385.0,,4.571,회사채,일반사채,,N,active,N,Y,A-,7,4,1,N
,4.291,,,,고정금리,이표채,일반특수법인채,공모,200000000000,,,,,13.1587,AAA,2020-03-04,KRW,,,9154.03,3.3752,9154.03,0.0,,0.0,0.0,99,100.0,2026-08-21,1,200000000000.0,2020-03-04,2030-03-04,4.291,13.1427,9155.09,3.3792,9155.09,KEPCO1022,한국전력1022,KR,KOREA ELECTRIC POWER CORPCORPORATION1022,장내,한국전력공사채권1022,KR350101GA36,한국전력공사(주),Y,16,매우낮은위험(6등급),2026-08-21,,1291.0,,1.479,특수채,공사채,,N,active,N,Y,AAA,1,6,1,N
,4.421,,,,고정금리,이표채,일반특수법인채,공모,90000000000,,,,,24.679,AAA,2021-09-03,KRW,,,9052.79,4.6613,9052.79,0.0,,0.0,0.0,99,100.0,2026-08-21,1,90000000000.0,2021-09-03,2031-09-03,4.421,24.6583,9053.87,4.6679,9053.87,INCHEON INTER AIR165,인천국제공항공사165,KR,INCHEON INTERNATIONAL AIRPORT165,장내,인천국제공항공사165,KR352202GB96,인천국제공항공사,N,16,매우낮은위험(6등급),2026-08-21,,1839.0,,2.086,특수채,공사채,,N,active,N,Y,AAA,1,6,1,N
,3.784,,,,고정금리,복리채,국민주택1종,공모,1061845440000,,,,,7.2817,,,KRW,,,9769.63,2.2984,9769.63,8946.5,2024-01-31,3.642,0.0,99,100.0,2026-08-21,1,1057645300000.0,2023-12-31,2028-12-31,3.784,7.2426,9770.63,2.3043,9770.63,KNHB (Ⅰ)23-12,국민주택1종23-12,KR,KOREA NATIONAL HOUSING BOND (Ⅰ)23-12,장내,국민주택1종채권 23-12,KR101501DDC7,대한민국,Y,16,매우낮은위험(6등급),2026-08-21,,863.0,,1.3,국공채,국민주택,,N,active,N,Y,,,6,1,N
,4.256,,,,고정금리,복리채,도시철도공채,공모,46090300000,,,,,23.7081,,,KRW,,,9747.3,4.4688,9747.3,9015.0,2024-04-30,3.985,0.0,99,100.0,2026-08-21,1,46024700000.0,2024-03-31,2031-03-31,4.256,23.6678,9748.41,4.4832,9748.41,SEOUL SUBWAY24-03,서울도시철도24-03,KR,SEOUL METROPOLITAN CITY SUBWAY BOND24-03,장내,서울도시철도공채증권 24-03,KR2001024E37,서울특별시,Y,16,매우낮은위험(6등급),2026-08-21,,1683.0,,2.5,국공채,도시철도,,N,active,N,Y,,,6,1,N
,4.387,,,,고정금리,복리채,도시철도공채,공모,44675715000,,,,,33.0026,,,KRW,,,9317.68,5.351,9317.68,9524.0,2025-03-31,3.164,0.0,99,100.0,2026-08-21,1,44554365000.0,2025-02-28,2032-02-29,4.387,32.9621,9318.78,5.3693,9318.78,SEOUL SUBWAY25-02,서울도시철도25-02,KR,SEOUL METROPOLITAN CITY SUBWAY BOND25-02,장내,서울도시철도공채증권 25-02,KR2001024F28,서울특별시,Y,16,매우낮은위험(6등급),2026-08-21,,2018.0,,2.5,국공채,도시철도,,N,active,N,Y,,,6,1,N
,3.868,,,,고정금리,복리채,지역개발채,공모,7825720000,,,,,7.2705,,,KRW,,,10342.37,2.2971,10342.37,9482.0,2024-01-31,3.658,0.0,99,100.0,2026-08-21,1,7682680000.0,2023-12-31,2028-12-31,3.868,7.2317,10343.45,2.3032,10343.45,BUSAN PROVINCIAL23-12,부산지역개발23-12,KR,BUSAN PROVINCIAL DEVELOPMENT23-12,장내,부산지역개발채권 23-12,KR2006012DC8,부산광역시,Y,16,매우낮은위험(6등급),2026-08-21,,863.0,,2.5,국공채,지역개발,,N,active,N,Y,,,6,1,N
,4.201,,,,고정금리,복리채,지역개발채,공모,74432070000,,,,,21.467,,,KRW,,,9224.26,4.2313,9224.26,9247.0,2026-01-30,3.668,0.0,99,100.0,2026-08-21,1,74047030000.0,2025-12-31,2030-12-31,4.201,21.4266,9225.31,4.2447,9225.31,KYUNGKI PROVINCIAL25-12,경기지역개발25-12,KR,KYUNGKI PROVINCIAL DEVELOPMENT25-12,장내,경기지역개발채권 25-12,KR2044022FC6,경기도,Y,16,매우낮은위험(6등급),2026-08-21,,1593.0,,2.0,국공채,지역개발,,N,active,N,Y,,,6,1,N
,4.183,,,,고정금리,복리채,지역개발채,공모,14086020000,,,,,20.7278,,,KRW,,,9263.75,4.1492,9263.75,9333.0,2025-12-30,3.473,0.0,99,100.0,2026-08-21,1,14044880000.0,2025-11-30,2030-11-30,4.183,20.6904,9264.8,4.1621,9264.8,CHUNNAM PROVINCIAL25-11,전남지역개발25-11,KR,CHUNNAM PROVINCIAL DEVELOPMENT25-11,장내,전남지역개발채권 25-11,KR2066022FB1,전남광주통합특별시,Y,16,매우낮은위험(6등급),2026-08-21,,1562.0,,2.0,국공채,지역개발,,N,active,N,Y,,,6,1,N
,4.31,,,,고정금리,복리채,지역개발채,공모,19826700000,,,,,26.1137,,,KRW,,,8992.92,4.7075,8992.92,8952.0,2026-07-31,4.356,0.0,99,100.0,2026-08-21,1,19633555000.0,2026-06-30,2031-06-30,4.31,26.083,8993.95,4.7226,8993.95,CHUNNAM PROVINCIAL26-06,전남지역개발26-06,KR,CHUNNAM PROVINCIAL DEVELOPMENT26-06,장내,전남지역개발채권 26-06,KR2066022G63,전남광주통합특별시,Y,16,매우낮은위험(6등급),2026-08-21,,1774.0,,2.0,국공채,지역개발,,N,active,N,Y,,,6,1,N
,3.528,,,,고정금리,복리채,지역개발채,공모,22254040000,,,,,2.1407,,,KRW,,,10137.76,1.0813,10137.76,8330.0,2022-10-31,4.894,0.0,99,100.0,2026-08-21,1,22175105000.0,2022-09-30,2027-09-30,3.528,2.1214,10138.74,1.0827,10138.74,KYUNGBUK PROVINCIAL22-09,경북지역개발22-09,KR,KYUNGBUK PROVINCIAL DEVELOPMENT22-09,장내,경북지역개발채권 22-09,KR2077012C90,경상북도,Y,16,매우낮은위험(6등급),2026-08-21,,405.0,,1.05,국공채,지역개발,,N,active,N,Y,,,6,1,N
,4.499,,,,고정금리,이표채,일반특수법인채,공모,110000000000,,,,,54.0997,AAA,2019-05-15,KRW,,,8360.18,7.0628,8360.18,0.0,,0.0,0.0,99,100.0,2026-08-21,1,110000000000.0,2019-05-15,2034-05-15,4.499,54.0718,8361.19,7.0675,8361.19,KOGAS394,한국가스공사394,KR,KOREA GAS394,장내,한국가스공사 394,KR350801G954,한국가스공사(주),N,16,매우낮은위험(6등급),2026-08-21,,2824.0,,1.972,특수채,공사채,,N,active,N,Y,AAA,1,6,1,N
,5.007,,,,고정금리,이표채,할부금융채,공모,210000000000,,,,,2.3234,A0,2026-02-04,KRW,,,9924.09,1.4004,9924.09,0.0,,0.0,0.0,99,100.0,2026-08-21,1,210000000000.0,2026-02-04,2028-02-04,5.007,2.3155,9925.43,1.3998,9925.43,KIC133,한국투자캐피탈133,KR,Korea Investment Capital133,장내,한국투자캐피탈133,KR6214341G28,한국투자캐피탈(주),Y,14,보통위험(4등급),2026-08-21,,532.0,,4.321,회사채,일반사채,,N,active,N,Y,A,6,4,1,N
,3.441,,,,고정금리,복리채,국민주택1종,공모,1153393810000,,,,,1.9337,,,KRW,,,10150.8,1.0013,10150.8,,,,0.0,99,100.0,2026-08-21,1,1143483050000.0,2022-08-31,2027-08-31,3.441,1.9251,10151.76,1.0022,10151.76,KNHB (Ⅰ)22-08,국민주택1종22-08,KR,KOREA NATIONAL HOUSING BOND (Ⅰ)22-08,장외,국민주택1종채권 22-08,KR101501DC89,대한민국,Y,16,매우낮은위험(6등급),2026-08-21,,375.0,,1.0,국공채,국민주택,,N,active,N,Y,,,6,1,N
,2.437,,,,고정금리,복리채,국민주택2종,공모,282120000,,,,,1.2329,,,KRW,,,9814.54,0.7618,9814.54,,,,0.0,99,100.0,2026-08-21,1,282120000.0,2017-05-31,2027-05-31,2.437,1.2019,9815.19,0.7617,9815.19,KNHB (Ⅱ)17-05,국민주택2종17-05,KR,KOREA NATIONAL HOUSING BOND (Ⅱ)17-05,장외,국민주택2종 2017-05,KR101701D757,대한민국,N,16,매우낮은위험(6등급),2026-08-21,,283.0,,0.0,국공채,국민주택,,N,active,N,Y,,,6,1,N
,4.635,,,,고정금리,이표채,국고채권,공모,20278021600000,,,,,182.8398,,,KRW,,,8201.3,12.2772,8201.3,,,,0.0,99,100.0,2026-08-21,1,10665013600000.0,2012-12-10,2042-12-10,4.635,182.7904,8202.33,12.2989,8202.33,KTB03000-4212(12-5),국고03000-4212(12-5),KR,KOREA TREASURY BOND03000-4212(12-5),장외,국고채권03000-4212(12-5),KR10350172C8,대한민국,Y,16,매우낮은위험(6등급),2026-08-21,,5955.0,,3.0,국공채,국고채,,N,active,N,Y,,,6,1,N
,4.161,,,,고정금리,이표채,국고채권,공모,19960560000000,,,,,25.8099,,,KRW,,,10001.77,4.7187,10001.77,,,,0.0,99,100.0,2026-08-21,1,14552560000000.0,2011-12-10,2031-12-10,4.161,25.7846,10002.89,4.7251,10002.89,KTB04000-3112(11-7),국고04000-3112(11-7),KR,KOREA TREASURY BOND04000-3112(11-7),장외,국고채권 04000-3112(11-7),KR10350271C8,대한민국,Y,16,매우낮은위험(6등급),2026-08-21,,1937.0,,4.0,국공채,국고채,,N,active,N,Y,,,6,1,N
,4.668,,,,고정금리,이표채,국고채권,공모,9220000000000,,,,,802.2941,,,KRW,,,4407.1,23.1787,4407.1,,,,0.0,99,100.0,2026-08-21,1,4102000000000.0,2020-09-10,2070-09-10,4.668,802.515,4407.65,23.228,4407.65,KTB01625-7009(20-10),국고01625-7009(20-10),KR,KOREA TREASURY BOND01625-7009(20-10),장외,국고채권 01625-7009(20-10),KR103503GA90,대한민국,Y,16,매우낮은위험(6등급),2026-08-21,,16091.0,,1.625,국공채,국고채,,N,active,N,Y,,,6,1,N
,3.207,,,,고정금리,복리채,도시철도공채,공모,49828160000,,,,,0.6375,,,KRW,,,10533.25,0.5122,10533.25,,,,0.0,99,100.0,2026-08-21,1,49792010000.0,2020-02-29,2027-02-28,3.207,0.597,10534.16,0.5122,10534.16,SEOUL SUBWAY20-02,서울도시철도20-02,KR,SEOUL METROPOLITAN CITY SUBWAY BOND20-02,장외,서울도시철도공채증권 20-02,KR2001034A21,서울특별시,Y,16,매우낮은위험(6등급),2026-08-21,,191.0,,1.0,국공채,도시철도,,N,active,N,Y,,,6,1,N
,3.64,,,,고정금리,복리채,지역개발채,공모,15596835000,,,,,3.193,,,KRW,,,10741.99,1.4099,10741.99,,,,0.0,99,100.0,2026-08-21,1,15538490000.0,2023-01-31,2028-01-31,3.64,3.1526,10743.05,1.4128,10743.05,KANGWON PROVINCIAL23-01,강원지역개발23-01,KR,KANGWON PROVINCIAL DEVELOPMENT23-01,장외,강원지역개발채권 23-01,KR2002012D14,강원도,Y,16,매우낮은위험(6등급),2026-08-21,,528.0,,2.5,국공채,지역개발,,N,active,N,Y,,,6,1,N
,2.974,,,,고정금리,복리채,지역개발채,공모,16948805000,,,,,0.241,,,KRW,,,10450.03,0.2714,10450.03,,,,0.0,99,100.0,2026-08-21,1,16879970000.0,2021-11-30,2026-11-30,2.974,0.208,10450.87,0.2705,10450.87,KANGWON PROVINCIAL21-11,강원지역개발21-11,KR,KANGWON PROVINCIAL DEVELOPMENT21-11,장외,강원지역개발채권 21-11,KR2002022BB7,강원도,Y,16,매우낮은위험(6등급),2026-08-21,,101.0,,1.05,국공채,지역개발,,N,active,N,Y,,,6,1,N
,4.098,,,,고정금리,복리채,지역개발채,공모,13807485000,,,,,15.9038,,,KRW,,,9753.6,3.5828,9753.6,,,,0.0,99,100.0,2026-08-21,1,13740765000.0,2025-04-30,2030-04-30,4.098,15.8657,9754.66,3.5935,9754.66,KANGWON PROVINCIAL25-04,강원지역개발25-04,KR,KANGWON PROVINCIAL DEVELOPMENT25-04,장외,강원지역개발채권 25-04,KR2002022F44,강원도,N,16,매우낮은위험(6등급),2026-08-21,,1348.0,,2.5,국공채,지역개발,,N,active,N,Y,,,6,1,N
,4.098,,,,고정금리,복리채,지역개발채,공모,5894710000,,,,,15.9038,,,KRW,,,9753.6,3.5828,9753.6,,,,0.0,99,100.0,2026-08-21,1,5871660000.0,2025-04-30,2030-04-30,4.098,15.8657,9754.66,3.5935,9754.66,DAEJON PROVINCIAL25-04,대전지역개발25-04,KR,DAEJON PROVINCIAL DEVELOPMENT25-04,장외,대전지역개발채권25-04,KR2003022F42,대전광역시,Y,16,매우낮은위험(6등급),2026-08-21,,1348.0,,2.5,국공채,지역개발,,N,active,N,Y,,,6,1,N
,3.208,,,,고정금리,복리채,지역개발채,공모,12676550000,,,,,0.6375,,,KRW,,,10362.04,0.5122,10362.04,,,,0.0,99,100.0,2026-08-21,1,12655920000.0,2022-02-28,2027-02-28,3.208,0.597,10362.94,0.5122,10362.94,INCHEON PROVINCIAL22-02,인천지역개발22-02,KR,INCHEON PROVINCIAL DEVELOPMENT22-02,장외,인천지역개발채권 22-02,KR2004012C29,인천광역시,Y,16,매우낮은위험(6등급),2026-08-21,,191.0,,1.05,국공채,지역개발,,N,active,N,Y,,,6,1,N
,4.105,,,,고정금리,복리채,지역개발채,공모,7735715000,,,,,16.5777,,,KRW,,,9718.13,3.6646,9718.13,,,,0.0,99,100.0,2026-08-21,1,7731410000.0,2025-05-31,2030-05-31,4.105,16.5436,9719.19,3.6755,9719.19,INCHEON PROVINCIAL25-05,인천지역개발25-05,KR,INCHEON PROVINCIAL DEVELOPMENT25-05,장외,인천지역개발채권 25-05,KR2004022F57,인천광역시,Y,16,매우낮은위험(6등급),2026-08-21,,1379.0,,2.5,국공채,지역개발,,N,active,N,Y,,,6,1,N
,4.078,,,,고정금리,복리채,지역개발채,공모,5777365000,,,,,14.0647,,,KRW,,,9856.02,3.3469,9856.02,,,,0.0,99,100.0,2026-08-21,1,5775045000.0,2025-01-31,2030-01-31,4.078,14.0228,9857.11,3.3569,9857.11,KWANGJU PROVINCIAL25-01,광주지역개발25-01,KR,KWANGJU PROVINCIAL DEVELOPMENT25-01,장외,광주지역개발채권 25-01,KR2005012F15,전남광주통합특별시,N,16,매우낮은위험(6등급),2026-08-21,,1259.0,,2.5,국공채,지역개발,,N,active,N,Y,,,6,1,N
,3.464,,,,고정금리,복리채,도시철도공채,공모,9807895000,,,,,1.6857,,,KRW,,,10202.86,0.9185,10202.86,,,,0.0,99,100.0,2026-08-21,1,9793365000.0,2022-07-31,2027-07-31,3.464,1.6718,10203.8,0.9193,10203.8,BUSAN SUBWAY22-07,부산도시철도22-07,KR,BUSAN SUBWAY22-07,장외,부산도시철도공채증권 22-07,KR2006014C71,부산광역시,Y,16,매우낮은위험(6등급),2026-08-21,,344.0,,1.05,국공채,도시철도,,N,active,N,Y,,,6,1,N
,3.528,,,,고정금리,복리채,지역개발채,공모,3084560000,,,,,2.1407,,,KRW,,,10137.76,1.0813,10137.76,,,,0.0,99,100.0,2026-08-21,1,3048035000.0,2022-09-30,2027-09-30,3.528,2.1214,10138.74,1.0827,10138.74,BUSAN PROVINCIAL22-09,부산지역개발22-09,KR,BUSAN PROVINCIAL DEVELOPMENT22-09,장외,부산지역개발채권 22-09,KR2006022C97,부산광역시,Y,16,매우낮은위험(6등급),2026-08-21,,405.0,,1.05,국공채,지역개발,,N,active,N,Y,,,6,1,N
,3.777,,,,고정금리,복리채,지역개발채,공모,5147455000,,,,,4.8797,,,KRW,,,10560.15,1.8072,10560.15,,,,0.0,99,100.0,2026-08-21,1,5135575000.0,2023-06-30,2028-06-30,3.777,4.8549,10561.21,1.8112,10561.21,BUSAN PROVINCIAL23-06,부산지역개발23-06,KR,BUSAN PROVINCIAL DEVELOPMENT23-06,장외,부산지역개발채권 23-06,KR2006022D62,부산광역시,N,16,매우낮은위험(6등급),2026-08-21,,679.0,,2.5,국공채,지역개발,,N,active,N,Y,,,6,1,N
,3.892,,,,고정금리,복리채,지역개발채,공모,2518800000,,,,,8.144,,,KRW,,,10272.91,2.454,10272.91,,,,0.0,99,100.0,2026-08-21,1,2503085000.0,2024-02-29,2029-02-28,3.892,8.1032,10273.98,2.4607,10273.98,BUSAN PROVINCIAL24-02,부산지역개발24-02,KR,BUSAN PROVINCIAL DEVELOPMENT24-02,장외,부산지역개발채권 24-02,KR2006022E20,부산광역시,N,16,매우낮은위험(6등급),2026-08-21,,922.0,,2.5,국공채,지역개발,,N,active,N,Y,,,6,1,N
,4.057,,,,고정금리,복리채,지역개발채,공모,2505855000,,,,,12.3178,,,KRW,,,9962.74,3.1019,9962.74,,,,0.0,99,100.0,2026-08-21,1,2484895000.0,2024-10-31,2029-10-31,4.057,12.2857,9963.84,3.1106,9963.84,BUSAN PROVINCIAL24-10,부산지역개발24-10,KR,BUSAN PROVINCIAL DEVELOPMENT24-10,장외,부산지역개발채권 24-10,KR2006022EA9,부산광역시,N,16,매우낮은위험(6등급),2026-08-21,,1167.0,,2.5,국공채,지역개발,,N,active,N,Y,,,6,1,N
,3.528,,,,고정금리,복리채,지역개발채,공모,15912730000,,,,,2.1407,,,KRW,,,10137.76,1.0813,10137.76,,,,0.0,99,100.0,2026-08-21,1,15825680000.0,2022-09-30,2027-09-30,3.528,2.1214,10138.74,1.0827,10138.74,CHUNGBUK PROVINCIAL22-09,충북지역개발22-09,KR,CHUNGBUK PROVINCIAL DEVELOPMENT22-09,장외,충북지역개발채권 22-09,KR2033022C91,충청북도,Y,16,매우낮은위험(6등급),2026-08-21,,405.0,,1.05,국공채,지역개발,,N,active,N,Y,,,6,1,N
,3.528,,,,고정금리,복리채,지역개발채,공모,11819945000,,,,,2.1407,,,KRW,,,10137.76,1.0813,10137.76,,,,0.0,99,100.0,2026-08-21,1,11731345000.0,2022-09-30,2027-09-30,3.528,2.1214,10138.74,1.0827,10138.74,JUNBUK PROVINCIAL22-09,전북지역개발22-09,KR,JUNBUK PROVINCIAL DEVELOPMENT22-09,장외,전북지역개발채권22-09,KR2055012C96,전라북도,Y,16,매우낮은위험(6등급),2026-08-21,,405.0,,1.05,국공채,지역개발,,N,active,N,Y,,,6,1,N
,3.336,,,,고정금리,복리채,지역개발채,공모,19514805000,,,,,1.0,,,KRW,,,10298.82,0.6746,10298.82,,,,0.0,99,100.0,2026-08-21,1,19442015000.0,2022-04-30,2027-04-30,3.336,0.9648,10299.74,0.675,10299.74,CHUNNAM PROVINCIAL22-04,전남지역개발22-04,KR,CHUNNAM PROVINCIAL DEVELOPMENT22-04,장외,전남지역개발채권 22-04,KR2066022C42,전남광주통합특별시,Y,16,매우낮은위험(6등급),2026-08-21,,252.0,,1.05,국공채,지역개발,,N,active,N,Y,,,6,1,N
,4.328,,,,고정금리,복리채,지역개발채,공모,13455335000,,,,,26.9639,,,KRW,,,8953.54,4.7885,8953.54,,,,0.0,99,100.0,2026-08-21,1,13350815000.0,2026-07-31,2031-07-31,4.328,26.938,8954.56,4.8037,8954.56,KYUNGBUK PROVINCIAL26-07,경북지역개발26-07,KR,KYUNGBUK PROVINCIAL DEVELOPMENT26-07,장외,경북지역개발채권 26-07,KR2077022G78,경상북도,Y,16,매우낮은위험(6등급),2026-08-21,,1805.0,,2.0,국공채,지역개발,,N,active,N,Y,,,6,1,N
,4.201,,,,고정금리,복리채,지역개발채,공모,7831410000,,,,,21.467,,,KRW,,,9224.26,4.2313,9224.26,,,,0.0,99,100.0,2026-08-21,1,7757045000.0,2025-12-31,2030-12-31,4.201,21.4266,9225.31,4.2447,9225.31,KYUNGNAM PROVINCIAL25-12,경남지역개발25-12,KR,KYUNGNAM PROVINCIAL DEVELOPMENT25-12,장외,경남지역개발채권 25-12,KR2088022FC3,경상남도,N,16,매우낮은위험(6등급),2026-08-21,,1593.0,,2.0,국공채,지역개발,,N,active,N,Y,,,6,1,N
,3.449,,,,고정금리,이표채,일반특수법인채,공모,200000000000,,,,,0.4923,AAA,2020-02-25,KRW,,,9976.85,0.5001,9976.85,,,,0.0,99,100.0,2026-08-21,1,200000000000.0,2020-02-25,2027-02-25,3.449,0.4889,9977.8,0.4988,9977.8,KEPCO1021,한국전력1021,KR,KOREA ELECTRIC POWER CORPCORPORATION1021,장외,한국전력공사채권1021,KR350104GA25,한국전력공사(주),Y,16,매우낮은위험(6등급),2026-08-21,,188.0,,1.515,특수채,공사채,,N,active,N,Y,AAA,1,6,1,N
,3.588,,,,고정금리,이표채,일반회사채,공모,130000000000,,,,,0.3412,AA+,2026-03-05,KRW,,,9924.83,0.4759,9924.83,,,,0.0,99,100.0,2026-08-21,1,130000000000.0,2020-02-14,2027-02-14,3.588,0.3379,9925.79,0.4742,9925.79,SK HYNIX221-3,에스케이하이닉스221-3,KR,SK HYNIX221-3,장외,에스케이하이닉스221-3,KR6000663A27,에스케이하이닉스(주),Y,15,낮은위험(5등급),2026-08-21,,177.0,,1.929,회사채,일반사채,,N,active,N,Y,AA+,2,5,1,N
,5.281,,,,고정금리,이표채,일반회사채,공모,153000000000,,,,,2.2634,A-,2026-02-24,KRW,,,9960.52,1.4472,9960.52,,,,0.0,99,100.0,2026-08-21,1,153000000000.0,2026-02-24,2028-02-24,5.281,2.2574,9961.93,1.4457,9961.93,SK ecoplant185-3,SK에코플랜트185-3,KR,SK ecoplant185-3,장외,SK에코플랜트185-3,KR6003344G22,SK에코플랜트(주),Y,14,보통위험(4등급),2026-08-21,,552.0,,4.761,회사채,일반사채,,N,active,N,Y,A-,7,4,1,N
,4.557,,,,고정금리,이표채,할부금융채,공모,30000000000,,,,,1.7946,A+,2025-11-25,KRW,,,9994.88,1.2143,9994.88,,,,0.0,99,100.0,2026-08-21,1,30000000000.0,2025-11-25,2027-11-24,4.557,1.789,9996.12,1.2135,9996.12,MERITZ CAPITAL288-3,메리츠캐피탈288-3,KR,MERITZ CAPITAL288-3,장외,메리츠캐피탈288-3,KR616937CFB0,메리츠캐피탈(주),Y,14,보통위험(4등급),2026-08-21,,460.0,,3.775,회사채,일반사채,,N,active,N,Y,A+,5,4,1,N
,4.31,,,,고정금리,이표채,할부금융채,공모,70000000000,,,,,2.6651,AA-,2026-01-16,KRW,,,9934.7,1.5051,9934.7,,,,0.0,99,100.0,2026-08-21,1,70000000000.0,2025-03-13,2028-03-13,4.31,2.657,9935.86,1.5045,9935.86,iM Capital128-3,아이엠캐피탈128-3,KR,iM Capital128-3,장외,아이엠캐피탈128-3,KR6176943F30,(주)아이엠캐피탈,Y,15,낮은위험(5등급),2026-08-21,,570.0,,3.447,회사채,일반사채,,N,active,N,Y,AA-,4,5,1,N
,3.944,,,,고정금리,이표채,할부금융채,공모,70000000000,,,,,0.1041,A0,2024-11-13,KRW,,,10027.48,0.2259,10027.48,,,,0.0,99,100.0,2026-08-21,1,70000000000.0,2024-11-13,2026-11-13,3.944,0.1016,10028.55,0.2241,10028.55,KIC117-5,한국투자캐피탈117-5,KR,Korea Investment Capital117-5,장외,한국투자캐피탈117-5,KR6214346EB9,한국투자캐피탈(주),Y,14,보통위험(4등급),2026-08-21,,84.0,,4.711,회사채,일반사채,,N,active,N,Y,A,6,4,1,N
3.7969,3.903,0.0,온오프 겸용,0,고정금리,복리채,국민주택1종,공모,1311498330000,0.0,3.87,3.7969,4.015,10.7228,,,KRW,4.488,6.561,9530.1,2.8594,9530.1,,,,0.0,99,100.0,2026-08-21,2,1307137620000.0,2024-07-31,2029-07-31,3.903,10.7028,9531.08,2.8667,9531.08,KNHB (Ⅰ)24-07,국민주택1종24-07,KR,KOREA NATIONAL HOUSING BOND (Ⅰ)24-07,장외,국민주택1종채권 24-07,KR101501DE79,대한민국,Y,16,매우낮은위험(6등급),2026-08-21,3.8805,1075.0,2026-08-21,1.3,국공채,국민주택,9539.0,N,active,N,Y,,,6,1,N
3.8818,3.949,0.0,온오프 겸용,0,고정금리,복리채,국민주택1종,공모,1138962330000,0.0,3.916,3.8818,4.1035,13.4887,,,KRW,4.588,6.714,9363.01,3.2673,9363.01,,,,0.0,99,100.0,2026-08-21,2,1133628530000.0,2024-12-31,2029-12-31,3.949,13.4489,9364.01,3.2767,9364.01,KNHB (Ⅰ)24-12,국민주택1종24-12,KR,KOREA NATIONAL HOUSING BOND (Ⅰ)24-12,장외,국민주택1종채권 24-12,KR101501DEC5,대한민국,Y,16,매우낮은위험(6등급),2026-08-21,3.9667,1228.0,2026-08-21,1.3,국공채,국민주택,9373.0,N,active,N,Y,,,6,1,N
3.5057,4.236,0.0,온오프 겸용,0,고정금리,이표채,국고채권,공모,14205237600000,0.0,4.194,3.5057,4.1522,34.7138,,,KRW,4.143,4.107,10089.8,5.4645,10089.8,,,,0.0,99,100.0,2026-08-21,2,14060237600000.0,2022-12-10,2032-12-10,4.236,34.6857,10090.96,5.4722,10090.96,KTB04250-3212(22-14),국고04250-3212(22-14),KR,KOREA TREASURY BOND04250-3212(22-14),장외,국고채권 04250-3212(22-14),KR103502GCC8,대한민국,Y,16,매우낮은위험(6등급),2026-08-21,3.7535,2303.0,2026-08-21,4.25,국공채,국고채,10113.0,N,active,N,Y,,,6,1,N
4.1953,4.294,0.0,온오프 겸용,0,고정금리,복리채,도시철도공채,공모,50269905000,0.0,4.254,4.1953,4.6112,25.305,,,KRW,4.958,6.483,9663.55,4.6289,9663.55,,,,0.0,99,100.0,2026-08-21,2,50048610000.0,2024-05-31,2031-05-31,4.294,25.2705,9664.65,4.6439,9664.65,SEOUL SUBWAY24-05,서울도시철도24-05,KR,SEOUL METROPOLITAN CITY SUBWAY BOND24-05,장외,서울도시철도공채증권 24-05,KR2001024E52,서울특별시,Y,16,매우낮은위험(6등급),2026-08-21,4.3546,1744.0,2026-08-21,2.5,국공채,도시철도,9681.0,N,active,N,Y,,,6,1,N
3.4843,3.837,0.0,온오프 겸용,0,고정금리,복리채,지역개발채,공모,2895935000,0.0,3.802,3.4843,3.8847,6.0435,,,KRW,4.118,5.143,10449.26,2.0513,10449.26,,,,0.0,99,100.0,2026-08-21,2,2883785000.0,2023-09-30,2028-09-30,3.837,6.0217,10450.36,2.0561,10450.36,BUSAN PROVINCIAL23-09,부산지역개발23-09,KR,BUSAN PROVINCIAL DEVELOPMENT23-09,장외,부산지역개발채권 23-09,KR2006022D96,부산광역시,Y,16,매우낮은위험(6등급),2026-08-21,3.6377,771.0,2026-08-21,2.5,국공채,지역개발,10456.0,N,active,N,Y,,,6,1,N
3.2277,3.39,0.0,온오프 겸용,0,고정금리,복리채,지역개발채,공모,17446245000,0.0,3.385,3.2277,3.3921,1.2125,,,KRW,3.815,5.67,10266.15,0.7569,10266.15,,,,0.0,99,100.0,2026-08-21,2,17372350000.0,2022-05-31,2027-05-31,3.39,1.1828,10267.08,0.7575,10267.08,CHUNGNAM PROVINCIAL22-05,충남지역개발22-05,KR,CHUNGNAM PROVINCIAL DEVELOPMENT22-05,장외,충남지역개발채권 22-05,KR2022022C52,충청남도,Y,16,매우낮은위험(6등급),2026-08-21,3.2907,283.0,2026-08-21,1.05,국공채,지역개발,10266.0,N,active,N,Y,,,6,1,N
3.8218,4.071,0.0,온오프 겸용,0,고정금리,복리채,지역개발채,공모,31928490000,0.0,4.037,3.8218,4.2384,13.4582,,,KRW,4.517,5.741,9891.91,3.2645,9891.91,,,,0.0,99,100.0,2026-08-21,2,31722195000.0,2024-12-31,2029-12-31,4.071,13.4179,9892.99,3.2741,9892.99,KYUNGBUK PROVINCIAL24-12,경북지역개발24-12,KR,KYUNGBUK PROVINCIAL DEVELOPMENT24-12,장외,경북지역개발채권 24-12,KR2077022EC9,경상북도,Y,16,매우낮은위험(6등급),2026-08-21,3.9814,1228.0,2026-08-21,2.5,국공채,지역개발,9902.0,N,active,N,Y,,,6,1,N
,3.901,,,,고정금리,이표채,할부금융채,공모,90000000000,,,,,0.5538,AA-,2026-01-16,KRW,,,10087.98,0.6352,10087.98,0.0,,0.0,0.0,99,100.0,2026-08-21,1,90000000000.0,2024-04-18,2027-04-16,3.901,0.5481,10089.04,0.6337,10089.04,iM Capital114-3,아이엠캐피탈114-3,KR,iM Capital114-3,장내,아이엠캐피탈 114-3,KR6176943E49,(주)아이엠캐피탈,Y,15,낮은위험(5등급),2026-08-21,,238.0,,4.616,회사채,일반사채,,N,active,N,Y,AA-,4,5,1,N
,4.829,,,,고정금리,이표채,할부금융채,공모,20000000000,,,,,0.6836,A0,2024-05-14,KRW,,,10073.68,0.7134,10073.68,,,,0.0,99,100.0,2026-08-21,1,20000000000.0,2024-05-14,2027-05-14,4.829,0.6793,10074.99,0.7121,10074.99,KIC112-4,한국투자캐피탈112-4,KR,Korea Investment Capital112-4,장외,한국투자캐피탈112-4,KR6214344E50,한국투자캐피탈(주),N,14,보통위험(4등급),2026-08-21,,266.0,,5.711,회사채,일반사채,,N,active,N,Y,A,6,4,1,N
,2.878,,,,고정금리,복리채,국민주택1종,공모,1444297360000,,,,,0.1466,,,KRW,,,10451.48,0.1908,10451.48,,,,0.0,99,100.0,2026-08-21,1,1441275940000.0,2021-10-31,2026-10-31,2.878,0.1204,10452.3,0.1896,10452.3,KNHB (Ⅰ)21-10,국민주택1종21-10,KR,KOREA NATIONAL HOUSING BOND (Ⅰ)21-10,장외,국민주택1종채권 21-10,KR101501DBA5,대한민국,Y,16,매우낮은위험(6등급),2026-08-21,,71.0,,1.0,국공채,국민주택,,N,active,N,Y,,,6,1,N
,3.404,,,,고정금리,복리채,국민주택1종,공모,1139257720000,,,,,1.6876,,,KRW,,,10183.3,0.9189,10183.3,,,,0.0,99,100.0,2026-08-21,1,1132975630000.0,2022-07-31,2027-07-31,3.404,1.674,10184.21,0.9197,10184.21,KNHB (Ⅰ)22-07,국민주택1종22-07,KR,KOREA NATIONAL HOUSING BOND (Ⅰ)22-07,장외,국민주택1종채권 22-07,KR101501DC71,대한민국,Y,16,매우낮은위험(6등급),2026-08-21,,344.0,,1.0,국공채,국민주택,,N,active,N,Y,,,6,1,N
,4.255,,,,고정금리,복리채,국민주택1종,공모,1214837580000,,,,,25.3235,,,KRW,,,8612.19,4.6302,8612.19,,,,0.0,99,100.0,2026-08-21,1,1211867270000.0,2026-05-31,2031-05-31,4.255,25.2901,8613.16,4.6451,8613.16,KNHB (Ⅰ)26-05,국민주택1종26-05,KR,KOREA NATIONAL HOUSING BOND (Ⅰ)26-05,장외,국민주택1종채권 26-05,KR101501DG51,대한민국,Y,16,매우낮은위험(6등급),2026-08-21,,1744.0,,1.0,국공채,국민주택,,N,active,N,Y,,,6,1,N
,3.307,,,,고정금리,이표채,국고채권,공모,17998015000000,,,,,0.5472,,,KRW,,,10054.8,0.5412,10054.8,,,,0.0,99,100.0,2026-08-21,1,14980015000000.0,2022-03-10,2027-03-10,3.307,0.5407,10055.7,0.54,10055.7,KTB02375-2703(22-1),국고02375-2703(22-1),KR,KOREA TREASURY BOND02375-2703(22-1),장외,국고채권 02375-2703(22-1),KR103501GC33,대한민국,Y,16,매우낮은위험(6등급),2026-08-21,,201.0,,2.375,국공채,국고채,,N,active,N,Y,,,6,1,N
,3.557,,,,고정금리,복리채,도시철도공채,공모,65357925000,,,,,2.3766,,,KRW,,,10271.02,1.1643,10271.02,,,,0.0,99,100.0,2026-08-21,1,65266330000.0,2020-10-31,2027-10-31,3.557,2.3488,10272.01,1.1662,10272.01,SEOUL SUBWAY20-10,서울도시철도20-10,KR,SEOUL METROPOLITAN CITY SUBWAY BOND20-10,장외,서울도시철도공채증권 20-10,KR2001274AA9,서울특별시,Y,16,매우낮은위험(6등급),2026-08-21,,436.0,,1.0,국공채,도시철도,,N,active,N,Y,,,6,1,N
,3.847,,,,고정금리,복리채,지역개발채,공모,4888245000,,,,,6.4381,,,KRW,,,10413.31,2.1343,10413.31,,,,0.0,99,100.0,2026-08-21,1,4885720000.0,2023-10-31,2028-10-31,3.847,6.4085,10414.39,2.1395,10414.39,DAEJON PROVINCIAL23-10,대전지역개발23-10,KR,DAEJON PROVINCIAL DEVELOPMENT23-10,장외,대전지역개발채권23-10,KR2003012DA5,대전광역시,Y,16,매우낮은위험(6등급),2026-08-21,,802.0,,2.5,국공채,지역개발,,N,active,N,Y,,,6,1,N
,4.051,,,,고정금리,복리채,지역개발채,공모,6168775000,,,,,11.7657,,,KRW,,,9998.72,3.019,9998.72,,,,0.0,99,100.0,2026-08-21,1,5714670000.0,2024-09-30,2029-09-30,4.051,11.7405,9999.82,3.0272,9999.82,DAEJON PROVINCIAL24-09,대전지역개발24-09,KR,DAEJON PROVINCIAL DEVELOPMENT24-09,장외,대전지역개발채권24-09,KR2003022E92,대전광역시,N,16,매우낮은위험(6등급),2026-08-21,,1136.0,,2.5,국공채,지역개발,,N,active,N,Y,,,6,1,N
,2.875,,,,고정금리,복리채,지역개발채,공모,12365050000,,,,,0.0139,,,KRW,,,10527.73,0.0262,10527.73,,,,0.0,99,100.0,2026-08-21,1,12351070000.0,2021-08-31,2026-08-31,2.875,0.0087,10528.56,0.0244,10528.56,INCHEON PROVINCIAL21-08,인천지역개발21-08,KR,INCHEON PROVINCIAL DEVELOPMENT21-08,장외,인천지역개발채권 21-08,KR2004012B87,인천광역시,N,16,매우낮은위험(6등급),2026-08-21,,10.0,,1.05,국공채,지역개발,,N,active,N,Y,,,6,1,N
,2.974,,,,고정금리,복리채,지역개발채,공모,13886175000,,,,,0.241,,,KRW,,,10450.03,0.2714,10450.03,,,,0.0,99,100.0,2026-08-21,1,13881060000.0,2021-11-30,2026-11-30,2.974,0.208,10450.87,0.2705,10450.87,INCHEON PROVINCIAL21-11,인천지역개발21-11,KR,INCHEON PROVINCIAL DEVELOPMENT21-11,장외,인천지역개발채권 21-11,KR2004012BB6,인천광역시,Y,16,매우낮은위험(6등급),2026-08-21,,101.0,,1.05,국공채,지역개발,,N,active,N,Y,,,6,1,N
,4.025,,,,고정금리,복리채,지역개발채,공모,9815740000,,,,,10.6978,,,KRW,,,10073.08,2.8569,10073.08,,,,0.0,99,100.0,2026-08-21,1,9809605000.0,2024-07-31,2029-07-31,4.025,10.6774,10074.14,2.8644,10074.14,INCHEON PROVINCIAL24-07,인천지역개발24-07,KR,INCHEON PROVINCIAL DEVELOPMENT24-07,장외,인천지역개발채권 24-07,KR2004022E74,인천광역시,N,16,매우낮은위험(6등급),2026-08-21,,1075.0,,2.5,국공채,지역개발,,N,active,N,Y,,,6,1,N
,4.046,,,,고정금리,복리채,지역개발채,공모,2537930000,,,,,11.2494,,,KRW,,,10033.66,2.9386,10033.66,,,,0.0,99,100.0,2026-08-21,1,2529855000.0,2024-08-31,2029-08-31,4.046,11.2327,10034.77,2.9464,10034.77,BUSAN PROVINCIAL24-08,부산지역개발24-08,KR,BUSAN PROVINCIAL DEVELOPMENT24-08,장외,부산지역개발채권 24-08,KR2006012E89,부산광역시,Y,16,매우낮은위험(6등급),2026-08-21,,1106.0,,2.5,국공채,지역개발,,N,active,N,Y,,,6,1,N
,3.805,,,,고정금리,복리채,도시철도공채,공모,7005655000,,,,,5.2808,,,KRW,,,10521.82,1.8888,10521.82,,,,0.0,99,100.0,2026-08-21,1,7005420000.0,2023-07-31,2028-07-31,3.805,5.264,10522.88,1.8929,10522.88,BUSAN SUBWAY23-07,부산도시철도23-07,KR,BUSAN SUBWAY23-07,장외,부산도시철도공채증권 23-07,KR2006024D78,부산광역시,Y,16,매우낮은위험(6등급),2026-08-21,,710.0,,2.5,국공채,도시철도,,N,active,N,Y,,,6,1,N
,2.897,,,,고정금리,복리채,도시철도공채,공모,4141390000,,,,,0.069,,,KRW,,,10502.69,0.1072,10502.69,,,,0.0,99,100.0,2026-08-21,1,4141390000.0,2021-09-30,2026-09-30,2.897,0.0523,10503.52,0.1057,10503.52,DAEGU SUBWAY21-09,대구도시철도21-09,KR,DAEGU SUBWAY21-09,장외,대구도시철도공채증권21-09,KR2007014B96,대구광역시,Y,16,매우낮은위험(6등급),2026-08-21,,40.0,,1.05,국공채,도시철도,,N,active,N,Y,,,6,1,N
,4.201,,,,고정금리,복리채,지역개발채,공모,13973100000,,,,,21.467,,,KRW,,,9224.26,4.2313,9224.26,,,,0.0,99,100.0,2026-08-21,1,13875035000.0,2025-12-31,2030-12-31,4.201,21.4266,9225.31,4.2447,9225.31,ULSAN PROVINCIAL25-12,울산지역개발25-12,KR,ULSAN PROVINCIAL DEVELOPMENT25-12,장외,울산지역개발채권 25-12,KR2008012FC1,울산광역시,N,16,매우낮은위험(6등급),2026-08-21,,1593.0,,2.0,국공채,지역개발,,N,active,N,Y,,,6,1,N
,4.051,,,,고정금리,복리채,지역개발채,공모,14249050000,,,,,11.7657,,,KRW,,,9998.72,3.019,9998.72,,,,0.0,99,100.0,2026-08-21,1,14158450000.0,2024-09-30,2029-09-30,4.051,11.7405,9999.82,3.0272,9999.82,CHUNGBUK PROVINCIAL24-09,충북지역개발24-09,KR,CHUNGBUK PROVINCIAL DEVELOPMENT24-09,장외,충북지역개발채권 24-09,KR2033022E99,충청북도,N,16,매우낮은위험(6등급),2026-08-21,,1136.0,,2.5,국공채,지역개발,,N,active,N,Y,,,6,1,N
,3.208,,,,고정금리,복리채,지역개발채,공모,8211700000,,,,,0.6375,,,KRW,,,10362.04,0.5122,10362.04,,,,0.0,99,100.0,2026-08-21,1,8197815000.0,2022-02-28,2027-02-28,3.208,0.597,10362.94,0.5122,10362.94,JUNBUK PROVINCIAL22-02,전북지역개발22-02,KR,JUNBUK PROVINCIAL DEVELOPMENT22-02,장외,전북지역개발채권22-02,KR2055022C29,전라북도,Y,16,매우낮은위험(6등급),2026-08-21,,191.0,,1.05,국공채,지역개발,,N,active,N,Y,,,6,1,N
,4.275,,,,고정금리,복리채,지역개발채,공모,7640930000,,,,,24.4856,,,KRW,,,9070.23,4.5476,9070.23,,,,0.0,99,100.0,2026-08-21,1,7610010000.0,2026-04-30,2031-04-30,4.275,24.4481,9071.26,4.5623,9071.26,JUNBUK PROVINCIAL26-04,전북지역개발26-04,KR,JUNBUK PROVINCIAL DEVELOPMENT26-04,장외,전북지역개발채권26-04,KR2055022G41,전라북도,Y,16,매우낮은위험(6등급),2026-08-21,,1713.0,,2.0,국공채,지역개발,,N,active,N,Y,,,6,1,N
,2.897,,,,고정금리,복리채,지역개발채,공모,17662785000,,,,,0.069,,,KRW,,,10502.69,0.1072,10502.69,,,,0.0,99,100.0,2026-08-21,1,17582730000.0,2021-09-30,2026-09-30,2.897,0.0523,10503.52,0.1057,10503.52,CHUNNAM PROVINCIAL21-09,전남지역개발21-09,KR,CHUNNAM PROVINCIAL DEVELOPMENT21-09,장외,전남지역개발채권 21-09,KR2066012B94,전남광주통합특별시,Y,16,매우낮은위험(6등급),2026-08-21,,40.0,,1.05,국공채,지역개발,,N,active,N,Y,,,6,1,N
,3.557,,,,고정금리,복리채,지역개발채,공모,17624630000,,,,,2.3767,,,KRW,,,10104.19,1.1643,10104.19,,,,0.0,99,100.0,2026-08-21,1,17538850000.0,2022-10-31,2027-10-31,3.557,2.3489,10105.17,1.1662,10105.17,CHUNNAM PROVINCIAL22-10,전남지역개발22-10,KR,CHUNNAM PROVINCIAL DEVELOPMENT22-10,장외,전남지역개발채권 22-10,KR2066012CA1,전남광주통합특별시,Y,16,매우낮은위험(6등급),2026-08-21,,436.0,,1.05,국공채,지역개발,,N,active,N,Y,,,6,1,N
,4.293,,,,고정금리,복리채,지역개발채,공모,12214760000,,,,,25.3051,,,KRW,,,9030.69,4.6289,9030.69,,,,0.0,99,100.0,2026-08-21,1,12144575000.0,2026-05-31,2031-05-31,4.293,25.2707,9031.71,4.6439,9031.71,CHUNNAM PROVINCIAL26-05,전남지역개발26-05,KR,CHUNNAM PROVINCIAL DEVELOPMENT26-05,장외,전남지역개발채권 26-05,KR2066022G55,전남광주통합특별시,Y,16,매우낮은위험(6등급),2026-08-21,,1744.0,,2.0,국공채,지역개발,,N,active,N,Y,,,6,1,N
,5.109,,,,고정금리,이표채,특수은행채,공모,400000000000,,,,,178.0594,AA0,2023-11-01,KRW,,,10145.31,4.4709,10145.31,,,,0.0,99,100.0,2026-08-21,1,400000000000.0,2023-11-01,2028-11-01,5.109,178.0056,10146.41,5.6584,10146.41,IBK CoCoBond(PWD)2311C(HY)perpA-01(S),기업은행 조건부(상)2311이(신)영A-01(사),KR,Industrial BANK of Korea CoCoBond(PWD)2311C(HY)perpA-01(S),장외,기업은행조건부(상) 2311이(신)영A-01(사)(조건상각/콜/후),KR310501GDB9,(주)중소기업은행,Y,12,높은위험(2등급),2026-08-21,,803.0,,5.19,특수채,특수은행채,,N,active,N,Y,AA,3,2,1,N
,4.547,,,,고정금리,이표채,금융지주회사채,공모,400000000000,,,,,218.4463,AA-,2024-06-14,KRW,,,10092.23,5.1302,10092.23,,,,0.0,99,100.0,2026-08-21,1,400000000000.0,2022-06-10,2027-06-10,4.547,218.3873,10093.3,8.6267,10093.3,HNFG CoCo Bond(PWD)11,하나금융조건부(상)11,KR,HANA Financial Contingent Convertible Bond(PWD)11,장외,하나금융지주 조건부자본증권(상)11(조건상각/콜/후),KR6086791C60,(주)하나금융지주,Y,11,매우높은위험(1등급),2026-08-21,,293.0,,4.55,회사채,일반사채,,N,active,N,Y,AA-,4,1,1,N
,4.087,,,,고정금리,이표채,금융지주회사채,공모,400000000000,,,,,244.7262,AA-,2024-10-25,KRW,,,9880.36,6.8058,9880.36,,,,0.0,99,100.0,2026-08-21,1,400000000000.0,2024-10-25,2029-10-25,4.087,244.6635,9881.32,10.186,9881.32,HNFG CoCo Bond(PWD)15,하나금융조건부(상)15,KR,HANA Financial Contingent Convertible Bond(PWD)15,장외,하나금융지주 조건부자본증권(상)15(조건상각/콜/후),KR6086791EA3,(주)하나금융지주,Y,11,매우높은위험(1등급),2026-08-21,,1161.0,,4.0,회사채,일반사채,,N,active,N,Y,AA-,4,1,1,N
4.0085,4.165,0.0,온오프 겸용,0,고정금리,복리채,도시철도공채,공모,44646190000,0.0,4.13,4.0085,4.4122,20.0291,,,KRW,4.738,6.167,9953.98,4.0696,9953.98,,,,0.0,99,100.0,2026-08-21,2,44600540000.0,2023-10-31,2030-10-31,4.165,19.9958,9955.11,4.082,9955.11,SEOUL SUBWAY23-10,서울도시철도23-10,KR,SEOUL METROPOLITAN CITY SUBWAY BOND23-10,장외,서울도시철도공채증권 23-10,KR2001024DA2,서울특별시,Y,16,매우낮은위험(6등급),2026-08-21,4.1632,1532.0,2026-08-21,2.5,국공채,도시철도,9968.0,N,active,N,Y,,,6,1,N
3.404,3.557,0.0,온오프 겸용,0,고정금리,복리채,지역개발채,공모,6044155000,0.0,3.542,3.404,3.5707,2.3767,,,KRW,4.023,6.009,10104.19,1.1643,10104.19,,,,0.0,99,100.0,2026-08-21,2,6036575000.0,2022-10-31,2027-10-31,3.557,2.3489,10105.17,1.1662,10105.17,DAEJON PROVINCIAL22-10,대전지역개발22-10,KR,DAEJON PROVINCIAL DEVELOPMENT22-10,장외,대전지역개발채권22-10,KR2003022CA6,대전광역시,Y,16,매우낮은위험(6등급),2026-08-21,3.4679,436.0,2026-08-21,1.05,국공채,지역개발,10105.0,N,active,N,Y,,,6,1,N
3.5175,3.858,0.0,온오프 겸용,0,고정금리,복리채,도시철도공채,공모,5882730000,0.0,3.822,3.5175,3.9198,6.8382,,,KRW,4.157,5.201,10378.27,2.2144,10378.27,,,,0.0,99,100.0,2026-08-21,2,5865175000.0,2023-11-30,2028-11-30,3.858,6.8033,10379.36,2.2201,10379.36,BUSAN SUBWAY23-11,부산도시철도23-11,KR,BUSAN SUBWAY23-11,장외,부산도시철도공채증권 23-11,KR2006024DB5,부산광역시,Y,16,매우낮은위험(6등급),2026-08-21,3.6717,832.0,2026-08-21,2.5,국공채,도시철도,10386.0,N,active,N,Y,,,6,1,N
3.8218,4.071,0.0,온오프 겸용,0,고정금리,복리채,도시철도공채,공모,3021155000,0.0,4.037,3.8218,4.2384,13.4582,,,KRW,4.517,5.741,9891.91,3.2645,9891.91,,,,0.0,99,100.0,2026-08-21,2,3021155000.0,2024-12-31,2029-12-31,4.071,13.4179,9892.99,3.2741,9892.99,DAEGU SUBWAY24-12,대구도시철도24-12,KR,DAEGU SUBWAY24-12,장외,대구도시철도공채증권 24-12,KR2007024EC0,대구광역시,Y,16,매우낮은위험(6등급),2026-08-21,3.9814,1228.0,2026-08-21,2.5,국공채,도시철도,9902.0,N,active,N,Y,,,6,1,N
3.1691,3.336,0.0,온오프 겸용,0,고정금리,복리채,지역개발채,공모,14848490000,0.0,3.333,3.1691,3.3331,1.0,,,KRW,3.745,5.556,10298.82,0.6746,10298.82,,,,0.0,99,100.0,2026-08-21,2,14788790000.0,2022-04-30,2027-04-30,3.336,0.9648,10299.74,0.675,10299.74,CHUNGNAM PROVINCIAL22-04,충남지역개발22-04,KR,CHUNGNAM PROVINCIAL DEVELOPMENT22-04,장외,충남지역개발채권 22-04,KR2022022C45,충청남도,Y,16,매우낮은위험(6등급),2026-08-21,3.232,252.0,2026-08-21,1.05,국공채,지역개발,10299.0,N,active,N,Y,,,6,1,N
4.2287,4.275,0.0,온오프 겸용,0,고정금리,복리채,지역개발채,공모,47485790000,0.0,4.236,4.2287,4.5823,24.4856,,,KRW,4.998,6.822,9070.23,4.5476,9070.23,,,,0.0,99,100.0,2026-08-21,2,47355350000.0,2026-04-30,2031-04-30,4.275,24.4481,9071.26,4.5623,9071.26,KYUNGKI PROVINCIAL26-04,경기지역개발26-04,KR,KYUNGKI PROVINCIAL DEVELOPMENT26-04,장외,경기지역개발채권 26-04,KR2044022G45,경기도,Y,16,매우낮은위험(6등급),2026-08-21,4.3642,1713.0,2026-08-21,2.0,국공채,지역개발,9086.0,N,active,N,Y,,,6,1,N
4.2823,4.31,0.0,온오프 겸용,0,고정금리,복리채,지역개발채,공모,12931740000,0.0,4.271,4.2823,4.6384,26.1137,,,KRW,5.061,6.918,8992.92,4.7075,8992.92,,,,0.0,99,100.0,2026-08-21,2,12848200000.0,2026-06-30,2031-06-30,4.31,26.083,8993.95,4.7226,8993.95,JUNBUK PROVINCIAL26-06,전북지역개발26-06,KR,JUNBUK PROVINCIAL DEVELOPMENT26-06,장외,전북지역개발채권26-06,KR2055022G66,전라북도,Y,16,매우낮은위험(6등급),2026-08-21,4.4188,1774.0,2026-08-21,2.0,국공채,지역개발,9009.0,N,active,N,Y,,,6,1,N
4.2287,4.275,0.0,온오프 겸용,0,고정금리,복리채,지역개발채,공모,15319400000,0.0,4.236,4.2287,4.5823,24.4856,,,KRW,4.998,6.822,9070.23,4.5476,9070.23,,,,0.0,99,100.0,2026-08-21,2,15193280000.0,2026-04-30,2031-04-30,4.275,24.4481,9071.26,4.5623,9071.26,CHUNNAM PROVINCIAL26-04,전남지역개발26-04,KR,CHUNNAM PROVINCIAL DEVELOPMENT26-04,장외,전남지역개발채권 26-04,KR2066022G48,전남광주통합특별시,Y,16,매우낮은위험(6등급),2026-08-21,4.3642,1713.0,2026-08-21,2.0,국공채,지역개발,9086.0,N,active,N,Y,,,6,1,N
4.1459,4.294,0.0,온오프 겸용,0,고정금리,이표채,일반특수법인채,공모,100000000000,0.0,4.259,4.1459,4.4307,18.0387,AAA,2020-11-05,KRW,4.9,6.96,9051.4,3.9851,9051.4,,,,0.0,99,100.0,2026-08-21,2,100000000000.0,2020-11-05,2030-11-05,4.294,18.0153,9052.45,3.9903,9052.45,KOREA EXPRESSWAY747,도로공사747,KR,KOREA EXPRESSWAY747,장외,한국도로공사고속도로건설채권747,KR350701GAB2,한국도로공사,N,16,매우낮은위험(6등급),2026-08-21,4.255,1537.0,2026-08-21,1.678,특수채,공사채,9064.0,N,active,N,Y,AAA,1,6,1,N
3.6343,4.38,0.0,온오프 겸용,0,고정금리,이표채,일반회사채,공모,148000000000,0.0,4.365,3.6343,4.3444,0.2762,A-,2025-02-18,KRW,4.295,4.083,10017.14,0.4851,10017.14,,,,0.0,99,100.0,2026-08-21,2,148000000000.0,2025-02-18,2027-02-18,4.38,0.2739,10018.32,0.4832,10018.32,SK ecoplant182-3,SK에코플랜트182-3,KR,SK ecoplant182-3,장외,SK에코플랜트182-3,KR6003343F24,SK에코플랜트(주),Y,14,보통위험(4등급),2026-08-21,3.9065,181.0,2026-08-21,4.656,회사채,일반사채,10017.0,N,active,N,Y,A-,7,4,1,N
4.208,4.424,0.0,온오프 겸용,0,고정금리,이표채,일반은행채,공모,400000000000,0.0,4.39,4.208,4.5442,12.5834,AA0,2020-03-19,KRW,4.973,6.858,9242.85,3.422,9242.85,,,,0.0,99,100.0,2026-08-21,2,400000000000.0,2020-03-19,2030-03-19,4.424,12.7133,9243.83,3.414,9243.83,KOOKMINCoCoBond(PWD)4003COUP(03)10(D)-19,국민은행조건부(상)4003이표일(03)10후19,KR,KOOKMIN BANK CoCoBond(PWD)4003COUP(03)10(D)-19,장외,국민은행조건부(상)4003이표일(03)10후19(조건상각/후),KR6060005A36,(주)국민은행,N,12,높은위험(2등급),2026-08-21,4.3368,1306.0,2026-08-21,2.02,회사채,은행채,9253.0,N,active,N,Y,AA,3,2,1,N
,4.473,,,,고정금리,이표채,국고채권,공모,11264000000000,,,,,148.9757,,,KRW,,,6765.94,11.638,6765.94,0.0,,0.0,0.0,99,100.0,2026-08-21,1,11264000000000.0,2019-09-10,2039-09-10,4.473,148.9322,6766.76,11.6578,6766.76,KTB01125-3909(19-6),국고01125-3909(19-6),KR,KOREA TREASURY BOND01125-3909(19-6),장내,국고채권 01125-3909(19-6),KR103502G990,대한민국,Y,16,매우낮은위험(6등급),2026-08-21,,4768.0,,1.125,국공채,국고채,,N,active,N,Y,,,6,1,N
,4.183,,,,고정금리,복리채,도시철도공채,공모,48174055000,,,,,20.7277,,,KRW,,,9912.95,4.1492,9912.95,9194.0,2023-12-28,3.687,0.0,99,100.0,2026-08-21,1,48071790000.0,2023-11-30,2030-11-30,4.183,20.6903,9914.07,4.1621,9914.07,SEOUL SUBWAY23-11,서울도시철도23-11,KR,SEOUL METROPOLITAN CITY SUBWAY BOND23-11,장내,서울도시철도공채증권 23-11,KR2001024DB0,서울특별시,Y,16,매우낮은위험(6등급),2026-08-21,,1562.0,,2.5,국공채,도시철도,,N,active,N,Y,,,6,1,N
,4.356,,,,고정금리,복리채,도시철도공채,공모,46317135000,,,,,29.5015,,,KRW,,,9465.19,5.0327,9465.19,9563.0,2024-11-29,3.101,0.0,99,100.0,2026-08-21,1,46261835000.0,2024-10-31,2031-10-31,4.356,29.4668,9466.31,5.0492,9466.31,SEOUL SUBWAY24-10,서울도시철도24-10,KR,SEOUL METROPOLITAN CITY SUBWAY BOND24-10,장내,서울도시철도공채증권 24-10,KR2001024EA0,서울특별시,Y,16,매우낮은위험(6등급),2026-08-21,,1897.0,,2.5,국공채,도시철도,,N,active,N,Y,,,6,1,N
,4.37,,,,고정금리,복리채,도시철도공채,공모,69117810000,,,,,31.2511,,,KRW,,,9390.7,5.1949,9390.7,9508.0,2025-01-31,3.189,0.0,99,100.0,2026-08-21,1,69098195000.0,2024-12-31,2031-12-31,4.37,31.2105,9391.8,5.2123,9391.8,SEOUL SUBWAY24-12,서울도시철도24-12,KR,SEOUL METROPOLITAN CITY SUBWAY BOND24-12,장내,서울도시철도공채증권 24-12,KR2001024EC6,서울특별시,Y,16,매우낮은위험(6등급),2026-08-21,,1958.0,,2.5,국공채,도시철도,,N,active,N,Y,,,6,1,N
,3.39,,,,고정금리,복리채,지역개발채,공모,17606565000,,,,,1.2125,,,KRW,,,10266.15,0.7569,10266.15,8723.0,2022-06-30,3.913,0.0,99,100.0,2026-08-21,1,17540355000.0,2022-05-31,2027-05-31,3.39,1.1828,10267.08,0.7575,10267.08,INCHEON PROVINCIAL22-05,인천지역개발22-05,KR,INCHEON PROVINCIAL DEVELOPMENT22-05,장내,인천지역개발채권 22-05,KR2004012C52,인천광역시,Y,16,매우낮은위험(6등급),2026-08-21,,283.0,,1.05,국공채,지역개발,,N,active,N,Y,,,6,1,N
,4.12,,,,고정금리,복리채,도시철도공채,공모,3575440000,,,,,17.9525,,,KRW,,,9648.54,3.8253,9648.54,9895.0,2025-08-29,2.76,0.0,99,100.0,2026-08-21,1,3575440000.0,2025-07-31,2030-07-31,4.12,17.9298,9649.59,3.8365,9649.59,BUSAN SUBWAY25-07,부산도시철도25-07,KR,BUSAN SUBWAY25-07,장내,부산도시철도공채증권 25-07,KR2006014F78,부산광역시,Y,16,매우낮은위험(6등급),2026-08-21,,1440.0,,2.5,국공채,도시철도,,N,active,N,Y,,,6,1,N
,3.847,,,,고정금리,복리채,지역개발채,공모,11678420000,,,,,6.4381,,,KRW,,,10413.31,2.1343,10413.31,9327.0,2023-11-30,4.003,0.0,99,100.0,2026-08-21,1,11601410000.0,2023-10-31,2028-10-31,3.847,6.4085,10414.39,2.1395,10414.39,CHUNGNAM PROVINCIAL23-10,충남지역개발23-10,KR,CHUNGNAM PROVINCIAL DEVELOPMENT23-10,장내,충남지역개발채권 23-10,KR2022022DA1,충청남도,Y,16,매우낮은위험(6등급),2026-08-21,,802.0,,2.5,국공채,지역개발,,N,active,N,Y,,,6,1,N
,4.098,,,,고정금리,복리채,지역개발채,공모,8793015000,,,,,15.9038,,,KRW,,,9753.6,3.5828,9753.6,9921.0,2025-05-30,2.707,0.0,99,100.0,2026-08-21,1,8733105000.0,2025-04-30,2030-04-30,4.098,15.8657,9754.66,3.5935,9754.66,JUNBUK PROVINCIAL25-04,전북지역개발25-04,KR,JUNBUK PROVINCIAL DEVELOPMENT25-04,장내,전북지역개발채권25-04,KR2055022F42,전라북도,Y,16,매우낮은위험(6등급),2026-08-21,,1348.0,,2.5,국공채,지역개발,,N,active,N,Y,,,6,1,N
,4.294,,,,고정금리,이표채,일반특수법인채,공모,100000000000,,,,,18.0387,AAA,2020-11-05,KRW,,,9051.4,3.9851,9051.4,0.0,,0.0,0.0,99,100.0,2026-08-21,1,100000000000.0,2020-11-05,2030-11-05,4.294,18.0153,9052.45,3.9903,9052.45,KOREA EXPRESSWAY747,도로공사747,KR,KOREA EXPRESSWAY747,장내,한국도로공사고속도로건설채권747,KR350701GAB2,한국도로공사,N,16,매우낮은위험(6등급),2026-08-21,,1537.0,,1.678,특수채,공사채,,N,active,N,Y,AAA,1,6,1,N
,4.198,,,,고정금리,이표채,일반특수법인채,공모,50000000000,,,,,12.6198,AAA,2020-03-03,KRW,,,9136.65,3.4076,9136.65,0.0,,0.0,0.0,99,100.0,2026-08-21,1,50000000000.0,2020-03-03,2030-03-03,4.198,12.6048,9137.69,3.4086,9137.69,KDHC45-2,한국지역난방공사45-2,KR,KOREA DISTRICT HEATING CORPORATION45-2,장내,한국지역난방공사 45-2,KR354202GA36,한국지역난방공사(주),N,16,매우낮은위험(6등급),2026-08-21,,1290.0,,1.462,특수채,공사채,,N,active,N,Y,AAA,1,6,1,N
,4.397,,,,고정금리,이표채,금융지주회사채,공모,400000000000,,,,,231.3791,AA-,2024-01-31,KRW,,,10169.66,6.2096,10169.66,0.0,,0.0,0.0,99,100.0,2026-08-21,1,400000000000.0,2024-01-31,2029-01-31,4.397,231.3185,10170.69,9.5752,10170.69,SHFG CoCo Bond(PWD)15(Hyb-Perp-5Call),신한금융조건부(상)15(신종-영구-5콜),KR,SHINHAN FINANCIAL Contingent Convertible Bond(PWD)15(Hyb-Perp-5Call),장내,신한금융지주 조건부자본증권(상)15(신종-영구-5콜)(조건상각/콜/후),KR6055553E12,(주)신한금융지주회사,N,11,매우높은위험(1등급),2026-08-21,,894.0,,4.49,회사채,일반사채,,N,active,N,Y,AA-,4,1,1,N
,3.001,,,,고정금리,복리채,국민주택1종,공모,1554876790000,,,,,0.359,,,KRW,,,10397.13,0.3547,10397.13,,,,0.0,99,100.0,2026-08-21,1,1548718840000.0,2021-12-31,2026-12-31,3.001,0.3212,10397.98,0.3541,10397.98,KNHB (Ⅰ)21-12,국민주택1종21-12,KR,KOREA NATIONAL HOUSING BOND (Ⅰ)21-12,장외,국민주택1종채권 21-12,KR101501DBC1,대한민국,Y,16,매우낮은위험(6등급),2026-08-21,,132.0,,1.0,국공채,국민주택,,N,active,N,Y,,,6,1,N
,3.379,,,,고정금리,복리채,국민주택1종,공모,1323413300000,,,,,1.4375,,,KRW,,,10214.01,0.8368,10214.01,,,,0.0,99,100.0,2026-08-21,1,1315939390000.0,2022-06-30,2027-06-30,3.379,1.4149,10214.93,0.8375,10214.93,KNHB (Ⅰ)22-06,국민주택1종22-06,KR,KOREA NATIONAL HOUSING BOND (Ⅰ)22-06,장외,국민주택1종채권 22-06,KR101501DC63,대한민국,Y,16,매우낮은위험(6등급),2026-08-21,,313.0,,1.0,국공채,국민주택,,N,active,N,Y,,,6,1,N
,4.113,,,,고정금리,복리채,지역개발채,공모,20622830000,,,,,17.2456,,,KRW,,,9683.67,3.7437,9683.67,,,,0.0,99,100.0,2026-08-21,1,20182165000.0,2025-06-30,2030-06-30,4.113,17.2166,9684.72,3.7548,9684.72,KANGWON PROVINCIAL25-06,강원지역개발25-06,KR,KANGWON PROVINCIAL DEVELOPMENT25-06,장외,강원지역개발채권 25-06,KR2002022F69,강원도,Y,16,매우낮은위험(6등급),2026-08-21,,1409.0,,2.5,국공채,지역개발,,N,active,N,Y,,,6,1,N
,3.64,,,,고정금리,복리채,지역개발채,공모,6493885000,,,,,3.193,,,KRW,,,10741.99,1.4099,10741.99,,,,0.0,99,100.0,2026-08-21,1,6486510000.0,2023-01-31,2028-01-31,3.64,3.1526,10743.05,1.4128,10743.05,DAEJON PROVINCIAL23-01,대전지역개발23-01,KR,DAEJON PROVINCIAL DEVELOPMENT23-01,장외,대전지역개발채권23-01,KR2003012D12,대전광역시,N,16,매우낮은위험(6등급),2026-08-21,,528.0,,2.5,국공채,지역개발,,N,active,N,Y,,,6,1,N
,4.219,,,,고정금리,복리채,지역개발채,공모,4268020000,,,,,22.2233,,,KRW,,,9184.78,4.3133,9184.78,,,,0.0,99,100.0,2026-08-21,1,4268020000.0,2026-01-31,2031-01-31,4.219,22.1816,9185.82,4.327,9185.82,DAEJON PROVINCIAL26-01,대전지역개발26-01,KR,DAEJON PROVINCIAL DEVELOPMENT26-01,장외,대전지역개발채권26-01,KR2003022G17,대전광역시,N,16,매우낮은위험(6등급),2026-08-21,,1624.0,,2.0,국공채,지역개발,,N,active,N,Y,,,6,1,N
,4.147,,,,고정금리,복리채,지역개발채,공모,9602665000,,,,,19.3243,,,KRW,,,9341.39,3.9871,9341.39,,,,0.0,99,100.0,2026-08-21,1,9585000000.0,2025-09-30,2030-09-30,4.147,19.2972,9342.45,3.999,9342.45,INCHEON PROVINCIAL25-09,인천지역개발25-09,KR,INCHEON PROVINCIAL DEVELOPMENT25-09,장외,인천지역개발채권 25-09,KR2004022F99,인천광역시,N,16,매우낮은위험(6등급),2026-08-21,,1501.0,,2.0,국공채,지역개발,,N,active,N,Y,,,6,1,N
,4.201,,,,고정금리,복리채,지역개발채,공모,14017070000,,,,,21.467,,,KRW,,,9224.26,4.2313,9224.26,,,,0.0,99,100.0,2026-08-21,1,13954645000.0,2025-12-31,2030-12-31,4.201,21.4266,9225.31,4.2447,9225.31,INCHEON PROVINCIAL25-12,인천지역개발25-12,KR,INCHEON PROVINCIAL DEVELOPMENT25-12,장외,인천지역개발채권 25-12,KR2004022FC4,인천광역시,N,16,매우낮은위험(6등급),2026-08-21,,1593.0,,2.0,국공채,지역개발,,N,active,N,Y,,,6,1,N
,4.091,,,,고정금리,복리채,도시철도공채,공모,4482205000,,,,,15.2679,,,KRW,,,9788.12,3.5034,9788.12,,,,0.0,99,100.0,2026-08-21,1,4394940000.0,2025-03-31,2030-03-31,4.091,15.2271,9789.19,3.5139,9789.19,BUSAN SUBWAY25-03,부산도시철도25-03,KR,BUSAN SUBWAY25-03,장외,부산도시철도공채증권 25-03,KR2006014F37,부산광역시,Y,16,매우낮은위험(6등급),2026-08-21,,1318.0,,2.5,국공채,도시철도,,N,active,N,Y,,,6,1,N
,3.272,,,,고정금리,복리채,지역개발채,공모,3049605000,,,,,0.8125,,,KRW,,,10330.39,0.5949,10330.39,,,,0.0,99,100.0,2026-08-21,1,3033245000.0,2022-03-31,2027-03-31,3.272,0.7737,10331.3,0.595,10331.3,BUSAN PROVINCIAL22-03,부산지역개발22-03,KR,BUSAN PROVINCIAL DEVELOPMENT22-03,장외,부산지역개발채권 22-03,KR2006022C30,부산광역시,Y,16,매우낮은위험(6등급),2026-08-21,,222.0,,1.05,국공채,지역개발,,N,active,N,Y,,,6,1,N
,3.973,,,,고정금리,복리채,도시철도공채,공모,2394310000,,,,,9.6294,,,KRW,,,10152.91,2.6967,10152.91,,,,0.0,99,100.0,2026-08-21,1,2394310000.0,2024-05-31,2029-05-31,3.973,9.5969,10153.98,2.7041,10153.98,DAEGU SUBWAY24-05,대구도시철도24-05,KR,DAEGU SUBWAY24-05,장외,대구도시철도공채증권 24-05,KR2007024E59,대구광역시,Y,16,매우낮은위험(6등급),2026-08-21,,1014.0,,2.5,국공채,도시철도,,N,active,N,Y,,,6,1,N
,3.272,,,,고정금리,복리채,지역개발채,공모,9330405000,,,,,0.8125,,,KRW,,,10330.39,0.5949,10330.39,,,,0.0,99,100.0,2026-08-21,1,9270645000.0,2022-03-31,2027-03-31,3.272,0.7737,10331.3,0.595,10331.3,ULSAN PROVINCIAL22-03,울산지역개발22-03,KR,ULSAN PROVINCIAL DEVELOPMENT22-03,장외,울산지역개발채권 22-03,KR2008012C38,울산광역시,Y,16,매우낮은위험(6등급),2026-08-21,,222.0,,1.05,국공채,지역개발,,N,active,N,Y,,,6,1,N
,3.751,,,,고정금리,복리채,지역개발채,공모,8923680000,,,,,4.5082,,,KRW,,,10596.64,1.728,10596.64,,,,0.0,99,100.0,2026-08-21,1,8900085000.0,2023-05-31,2028-05-31,3.751,4.4772,10597.7,1.7319,10597.7,ULSAN PROVINCIAL23-05,울산지역개발23-05,KR,ULSAN PROVINCIAL DEVELOPMENT23-05,장외,울산지역개발채권 23-05,KR2008012D52,울산광역시,Y,16,매우낮은위험(6등급),2026-08-21,,649.0,,2.5,국공채,지역개발,,N,active,N,Y,,,6,1,N
,3.464,,,,고정금리,복리채,지역개발채,공모,14049100000,,,,,1.6857,,,KRW,,,10202.86,0.9185,10202.86,,,,0.0,99,100.0,2026-08-21,1,13966855000.0,2022-07-31,2027-07-31,3.464,1.6718,10203.8,0.9193,10203.8,CHUNGNAM PROVINCIAL22-07,충남지역개발22-07,KR,CHUNGNAM PROVINCIAL DEVELOPMENT22-07,장외,충남지역개발채권 22-07,KR2022022C78,충청남도,Y,16,매우낮은위험(6등급),2026-08-21,,344.0,,1.05,국공채,지역개발,,N,active,N,Y,,,6,1,N
,3.583,,,,고정금리,복리채,지역개발채,공모,16934500000,,,,,2.624,,,KRW,,,10071.63,1.2446,10071.63,,,,0.0,99,100.0,2026-08-21,1,16900920000.0,2022-11-30,2027-11-30,3.583,2.5901,10072.61,1.2468,10072.61,CHUNGBUK PROVINCIAL22-11,충북지역개발22-11,KR,CHUNGBUK PROVINCIAL DEVELOPMENT22-11,장외,충북지역개발채권 22-11,KR2033022CB8,충청북도,Y,16,매우낮은위험(6등급),2026-08-21,,466.0,,1.05,국공채,지역개발,,N,active,N,Y,,,6,1,N
,4.046,,,,고정금리,복리채,지역개발채,공모,11538350000,,,,,11.2494,,,KRW,,,10033.66,2.9386,10033.66,,,,0.0,99,100.0,2026-08-21,1,11469430000.0,2024-08-31,2029-08-31,4.046,11.2327,10034.77,2.9464,10034.77,CHUNGBUK PROVINCIAL24-08,충북지역개발24-08,KR,CHUNGBUK PROVINCIAL DEVELOPMENT24-08,장외,충북지역개발채권 24-08,KR2033022E81,충청북도,Y,16,매우낮은위험(6등급),2026-08-21,,1106.0,,2.5,국공채,지역개발,,N,active,N,Y,,,6,1,N
,3.612,,,,고정금리,복리채,지역개발채,공모,126603275000,,,,,2.8988,,,KRW,,,10037.51,1.3273,10037.51,,,,0.0,99,100.0,2026-08-21,1,126269335000.0,2022-12-31,2027-12-31,3.612,2.8607,10038.5,1.3299,10038.5,KYUNGKI PROVINCIAL22-12,경기지역개발22-12,KR,KYUNGKI PROVINCIAL DEVELOPMENT22-12,장외,경기지역개발채권 22-12,KR2044022CC3,경기도,Y,16,매우낮은위험(6등급),2026-08-21,,497.0,,1.05,국공채,지역개발,,N,active,N,Y,,,6,1,N
,4.105,,,,고정금리,복리채,지역개발채,공모,9045375000,,,,,16.5777,,,KRW,,,9718.13,3.6646,9718.13,,,,0.0,99,100.0,2026-08-21,1,8978850000.0,2025-05-31,2030-05-31,4.105,16.5436,9719.19,3.6755,9719.19,JUNBUK PROVINCIAL25-05,전북지역개발25-05,KR,JUNBUK PROVINCIAL DEVELOPMENT25-05,장외,전북지역개발채권25-05,KR2055022F59,전라북도,Y,16,매우낮은위험(6등급),2026-08-21,,1379.0,,2.5,국공채,지역개발,,N,active,N,Y,,,6,1,N
,3.557,,,,고정금리,복리채,지역개발채,공모,4356395000,,,,,2.3767,,,KRW,,,10104.19,1.1643,10104.19,,,,0.0,99,100.0,2026-08-21,1,4341805000.0,2022-10-31,2027-10-31,3.557,2.3489,10105.17,1.1662,10105.17,CHEJU PROVINCIAL22-10,제주지역개발22-10,KR,CHEJU PROVINCIAL DEVELOPMENT22-10,장외,제주지역개발채권 22-10,KR2099012CA2,제주도,Y,16,매우낮은위험(6등급),2026-08-21,,436.0,,1.05,국공채,지역개발,,N,active,N,Y,,,6,1,N
,4.071,,,,고정금리,복리채,지역개발채,공모,6348060000,,,,,13.4582,,,KRW,,,9891.91,3.2645,9891.91,,,,0.0,99,100.0,2026-08-21,1,6284920000.0,2024-12-31,2029-12-31,4.071,13.4179,9892.99,3.2741,9892.99,CHEJU PROVINCIAL24-12,제주지역개발24-12,KR,CHEJU PROVINCIAL DEVELOPMENT24-12,장외,제주지역개발채권 24-12,KR2099022EC3,제주도,Y,16,매우낮은위험(6등급),2026-08-21,,1228.0,,2.5,국공채,지역개발,,N,active,N,Y,,,6,1,N
,4.275,,,,고정금리,복리채,지역개발채,공모,2156545000,,,,,24.4856,,,KRW,,,9070.23,4.5476,9070.23,,,,0.0,99,100.0,2026-08-21,1,2156545000.0,2026-04-30,2031-04-30,4.275,24.4481,9071.26,4.5623,9071.26,SEJONG PROVINCIAL26-04,세종지역개발26-04,KR,SEJONG PROVINCIAL DEVELOPMENT26-04,장외,세종지역개발채권26-04,KR2101012G45,세종특별자치시,Y,16,매우낮은위험(6등급),2026-08-21,,1713.0,,2.0,국공채,지역개발,,N,active,N,Y,,,6,1,N
,3.608,,,,고정금리,이표채,특수은행채,공모,300000000000,,,,,104.52,AA0,2021-03-11,KRW,,,9232.1,6.6178,9232.1,,,,0.0,99,100.0,2026-08-21,1,300000000000.0,2021-03-11,2031-03-11,3.608,190.0986,9233.01,7.4155,9233.01,IBK CoCoBond(PWD)2103C(HY)perpA-11(S),기업은행 조건부(상)2103이(신)영A-11(사),KR,Industrial BANK of Korea CoCoBond(PWD)2103C(HY)perpA-11(S),장외,중소기업은행 조건부자본증권(상) 2103이(신)영구A-11사(조건상각/콜/후),KR310504GB32,(주)중소기업은행,Y,12,높은위험(2등급),2026-08-21,,1663.0,,3.11,특수채,특수은행채,,N,active,N,Y,AA,3,2,1,N
,3.735,,,,고정금리,이표채,일반은행채,공모,400000000000,,,,,1.1125,AAA,2025-08-04,KRW,,,9899.13,0.9398,9899.13,,,,0.0,99,100.0,2026-08-21,1,400000000000.0,2025-08-05,2027-08-05,3.735,1.1067,9900.13,0.9386,9900.13,SHINHAN BANK29-08COUP2A,신한은행29-08-이-2-A,KR,SHINHAN BANK29-08COUP2A,장외,신한은행29-08-이-2-A,KR6000011F88,(주)신한은행,N,15,낮은위험(5등급),2026-08-21,,349.0,,2.54,회사채,은행채,,N,active,N,Y,AAA,1,5,1,N
,4.196,,,,고정금리,이표채,일반회사채,공모,100000000000,,,,,1.5796,A0,2025-05-15,KRW,,,9972.9,1.1382,9972.9,,,,0.0,99,100.0,2026-08-21,1,100000000000.0,2024-10-23,2027-10-22,4.196,1.5724,9974.03,1.1372,9974.03,KAL108-1,대한항공108-1,KR,KOREAN AIR LINES108-1,장외,대한항공108-1,KR6003491EA0,(주)대한항공,Y,14,보통위험(4등급),2026-08-21,,427.0,,3.703,회사채,일반사채,,N,active,N,Y,A,6,4,1,N
,4.664,,,,고정금리,이표채,할부금융채,공모,80000000000,,,,,2.6804,A+,2025-03-19,KRW,,,9946.08,1.5094,9946.08,,,,0.0,99,100.0,2026-08-21,1,80000000000.0,2025-03-19,2028-03-17,4.664,2.6718,9947.34,1.5088,9947.34,LOTTE CAPITAL476-2,롯데캐피탈476-2,KR,LOTTE CAPITAL476-2,장외,롯데캐피탈476-2,KR6029692F34,롯데캐피탈(주),Y,14,보통위험(4등급),2026-08-21,,574.0,,3.869,회사채,일반사채,,N,active,N,Y,A+,5,4,1,N
,4.714,,,,고정금리,이표채,할부금융채,공모,30000000000,,,,,0.5388,A0,2024-04-12,KRW,,,10129.97,0.6247,10129.97,,,,0.0,99,100.0,2026-08-21,1,30000000000.0,2024-04-12,2027-04-12,4.714,0.5334,10131.25,0.6233,10131.25,KIC111-3,한국투자캐피탈111-3,KR,Korea Investment Capital111-3,장외,한국투자캐피탈111-3,KR6214348E49,한국투자캐피탈(주),N,14,보통위험(4등급),2026-08-21,,234.0,,5.788,회사채,일반사채,,N,active,N,Y,A,6,4,1,N
,3.957,,,,고정금리,이표채,할부금융채,공모,100000000000,,,,,0.1148,A0,2025-06-24,KRW,,,10054.84,0.2556,10054.84,,,,0.0,99,100.0,2026-08-21,1,100000000000.0,2025-06-24,2026-11-24,3.957,0.1088,10055.91,0.2539,10055.91,KIC128-2,한국투자캐피탈128-2,KR,Korea Investment Capital128-2,장외,한국투자캐피탈128-2,KR6214344F67,한국투자캐피탈(주),Y,14,보통위험(4등급),2026-08-21,,95.0,,3.781,회사채,일반사채,,N,active,N,Y,A,6,4,1,N
4.2468,4.329,0.0,온오프 겸용,0,고정금리,복리채,도시철도공채,공모,53332735000,0.0,4.289,4.2468,4.6662,26.9637,,,KRW,5.019,6.57,9580.98,4.7885,9580.98,,,,0.0,99,100.0,2026-08-21,2,52832295000.0,2024-07-31,2031-07-31,4.329,26.9378,9582.08,4.8037,9582.08,SEOUL SUBWAY24-07,서울도시철도24-07,KR,SEOUL METROPOLITAN CITY SUBWAY BOND24-07,장외,서울도시철도공채증권 24-07,KR2001024E78,서울특별시,Y,16,매우낮은위험(6등급),2026-08-21,4.4075,1805.0,2026-08-21,2.5,국공채,도시철도,9599.0,N,active,N,Y,,,6,1,N
3.5315,3.868,0.0,온오프 겸용,0,고정금리,복리채,지역개발채,공모,24923025000,0.0,3.831,3.5315,3.9348,7.2705,,,KRW,4.174,5.224,10342.37,2.2971,10342.37,,,,0.0,99,100.0,2026-08-21,2,24721625000.0,2023-12-31,2028-12-31,3.868,7.2317,10343.45,2.3032,10343.45,CHUNGNAM PROVINCIAL23-12,충남지역개발23-12,KR,CHUNGNAM PROVINCIAL DEVELOPMENT23-12,장외,충남지역개발채권 23-12,KR2022012DC8,충청남도,Y,16,매우낮은위험(6등급),2026-08-21,3.686,863.0,2026-08-21,2.5,국공채,지역개발,10351.0,N,active,N,Y,,,6,1,N
3.2741,3.64,0.0,온오프 겸용,0,고정금리,복리채,지역개발채,공모,123859815000,0.0,3.622,3.2741,3.6675,3.193,,,KRW,3.87,4.758,10741.99,1.4099,10741.99,,,,0.0,99,100.0,2026-08-21,2,117663485000.0,2023-01-31,2028-01-31,3.64,3.1526,10743.05,1.4128,10743.05,KYUNGKI PROVINCIAL23-01,경기지역개발23-01,KR,KYUNGKI PROVINCIAL DEVELOPMENT23-01,장외,경기지역개발채권 23-01,KR2044022D14,경기도,Y,16,매우낮은위험(6등급),2026-08-21,3.4248,528.0,2026-08-21,2.5,국공채,지역개발,10744.0,N,active,N,Y,,,6,1,N
3.3637,3.528,0.0,온오프 겸용,0,고정금리,복리채,지역개발채,공모,17902875000,0.0,3.514,3.3637,3.5289,2.1407,,,KRW,3.976,5.932,10137.76,1.0813,10137.76,,,,0.0,99,100.0,2026-08-21,2,17837365000.0,2022-09-30,2027-09-30,3.528,2.1214,10138.74,1.0827,10138.74,CHUNNAM PROVINCIAL22-09,전남지역개발22-09,KR,CHUNNAM PROVINCIAL DEVELOPMENT22-09,장외,전남지역개발채권 22-09,KR2066022C91,전남광주통합특별시,Y,16,매우낮은위험(6등급),2026-08-21,3.4275,405.0,2026-08-21,1.05,국공채,지역개발,10139.0,N,active,N,Y,,,6,1,N
4.2823,4.31,0.0,온오프 겸용,0,고정금리,복리채,지역개발채,공모,21941195000,0.0,4.271,4.2823,4.6384,26.1137,,,KRW,5.061,6.918,8992.92,4.7075,8992.92,,,,0.0,99,100.0,2026-08-21,2,21822730000.0,2026-06-30,2031-06-30,4.31,26.083,8993.95,4.7226,8993.95,KYUNGBUK PROVINCIAL26-06,경북지역개발26-06,KR,KYUNGBUK PROVINCIAL DEVELOPMENT26-06,장외,경북지역개발채권 26-06,KR2077022G60,경상북도,Y,16,매우낮은위험(6등급),2026-08-21,4.4188,1774.0,2026-08-21,2.0,국공채,지역개발,9009.0,N,active,N,Y,,,6,1,N
4.1852,4.305,0.0,온오프 겸용,0,고정금리,이표채,일반회사채,공모,20000000000,0.0,4.27,4.1852,4.4575,14.5836,AAA,2020-06-17,KRW,4.947,7.093,9082.06,3.6672,9082.06,,,,0.0,99,100.0,2026-08-21,2,20000000000.0,2020-06-17,2030-06-17,4.305,14.5671,9083.12,3.6685,9083.12,KT193-3,KT193-3,KR,KT193-3,장외,KT193-3,KR6030203A62,(주)케이티,Y,15,낮은위험(5등급),2026-08-21,4.2895,1396.0,2026-08-21,1.608,회사채,일반사채,9093.0,N,active,N,Y,AAA,1,5,1,N
3.2288,3.39,0.0,온오프 겸용,0,고정금리,복리채,지역개발채,공모,10489185000,0.0,3.39,3.3921,3.3921,1.2125,,,KRW,3.816,5.676,10266.15,0.7569,10266.15,,,,0.0,99,100.0,2026-08-21,3,10487215000.0,2022-05-31,2027-05-31,3.39,1.1828,10267.08,0.7575,10267.08,ULSAN PROVINCIAL22-05,울산지역개발22-05,KR,ULSAN PROVINCIAL DEVELOPMENT22-05,장외,울산지역개발채권 22-05,KR2008012C53,울산광역시,Y,16,매우낮은위험(6등급),2026-08-21,3.2937,283.0,2026-08-21,1.05,국공채,지역개발,10266.0,N,active,N,Y,,,6,1,N
,3.619,,,,고정금리,복리채,국민주택1종,공모,1293903210000,,,,,3.8102,,,KRW,,,10072.6,1.5674,10072.6,8992.0,2023-04-28,3.529,0.0,99,100.0,2026-08-21,1,1278445290000.0,2023-03-31,2028-03-31,3.619,3.7709,10073.58,1.5707,10073.58,KNHB (Ⅰ)23-03,국민주택1종23-03,KR,KOREA NATIONAL HOUSING BOND (Ⅰ)23-03,장내,국민주택1종채권 23-03,KR101501DD39,대한민국,Y,16,매우낮은위험(6등급),2026-08-21,,588.0,,1.3,국공채,국민주택,,N,active,N,Y,,,6,1,N
,3.645,,,,고정금리,복리채,국민주택1종,공모,1134986050000,,,,,4.1479,,,KRW,,,10039.17,1.647,10039.17,8909.0,2023-05-31,3.73,0.0,99,100.0,2026-08-21,1,1130680960000.0,2023-04-30,2028-04-30,3.645,4.1118,10040.15,1.6505,10040.15,KNHB (Ⅰ)23-04,국민주택1종23-04,KR,KOREA NATIONAL HOUSING BOND (Ⅰ)23-04,장내,국민주택1종채권 23-04,KR101501DD47,대한민국,Y,16,매우낮은위험(6등급),2026-08-21,,618.0,,1.3,국공채,국민주택,,N,active,N,Y,,,6,1,N
,4.721,,,,고정금리,이표채,국고채권,공모,30235050000000,,,,,371.9484,,,KRW,,,7889.63,16.4069,7889.63,0.0,,0.0,0.0,99,100.0,2026-08-21,1,28290050000000.0,2024-03-10,2054-03-10,4.721,371.8703,7890.64,16.4366,7890.64,KTB03250-5403(24-2),국고03250-5403(24-2),KR,KOREA TREASURY BOND03250-5403(24-2),장내,국고채권 03250-5403(24-2),KR103502GE30,대한민국,Y,16,매우낮은위험(6등급),2026-08-21,,10063.0,,3.25,국공채,국고채,,N,active,N,Y,,,6,1,N
,4.329,,,,고정금리,복리채,도시철도공채,공모,53332735000,,,,,26.9637,,,KRW,,,9580.98,4.7885,9580.98,9395.0,2024-08-30,3.366,0.0,99,100.0,2026-08-21,1,52832295000.0,2024-07-31,2031-07-31,4.329,26.9378,9582.08,4.8037,9582.08,SEOUL SUBWAY24-07,서울도시철도24-07,KR,SEOUL METROPOLITAN CITY SUBWAY BOND24-07,장내,서울도시철도공채증권 24-07,KR2001024E78,서울특별시,Y,16,매우낮은위험(6등급),2026-08-21,,1805.0,,2.5,국공채,도시철도,,N,active,N,Y,,,6,1,N
,3.501,,,,고정금리,복리채,도시철도공채,공모,10874755000,,,,,1.9315,,,KRW,,,10169.88,1.0008,10169.88,8451.0,2022-09-30,4.584,0.0,99,100.0,2026-08-21,1,10828835000.0,2022-08-31,2027-08-31,3.501,1.9227,10170.86,1.0018,10170.86,BUSAN SUBWAY22-08,부산도시철도22-08,KR,BUSAN SUBWAY22-08,장내,부산도시철도공채증권 22-08,KR2006024C87,부산광역시,Y,16,매우낮은위험(6등급),2026-08-21,,375.0,,1.05,국공채,도시철도,,N,active,N,Y,,,6,1,N
,4.201,,,,고정금리,복리채,도시철도공채,공모,3824760000,,,,,21.467,,,KRW,,,9224.26,4.2313,9224.26,9248.0,2026-01-30,3.666,0.0,99,100.0,2026-08-21,1,3824760000.0,2025-12-31,2030-12-31,4.201,21.4266,9225.31,4.2447,9225.31,DAEGU SUBWAY25-12,대구도시철도25-12,KR,DAEGU SUBWAY25-12,장내,대구도시철도공채증권 25-12,KR2007024FC7,대구광역시,Y,16,매우낮은위험(6등급),2026-08-21,,1593.0,,2.0,국공채,도시철도,,N,active,N,Y,,,6,1,N
,3.777,,,,고정금리,복리채,지역개발채,공모,96163500000,,,,,4.8797,,,KRW,,,10560.15,1.8072,10560.15,9270.0,2023-07-31,4.135,0.0,99,100.0,2026-08-21,1,95860125000.0,2023-06-30,2028-06-30,3.777,4.8549,10561.21,1.8112,10561.21,KYUNGKI PROVINCIAL23-06,경기지역개발23-06,KR,KYUNGKI PROVINCIAL DEVELOPMENT23-06,장내,경기지역개발채권 23-06,KR2044022D63,경기도,Y,16,매우낮은위험(6등급),2026-08-21,,679.0,,2.5,국공채,지역개발,,N,active,N,Y,,,6,1,N
,4.078,,,,고정금리,복리채,지역개발채,공모,13588960000,,,,,14.0647,,,KRW,,,9856.02,3.3469,9856.02,9817.0,2025-02-28,2.924,0.0,99,100.0,2026-08-21,1,13524590000.0,2025-01-31,2030-01-31,4.078,14.0228,9857.11,3.3569,9857.11,KYUNGBUK PROVINCIAL25-01,경북지역개발25-01,KR,KYUNGBUK PROVINCIAL DEVELOPMENT25-01,장내,경북지역개발채권 25-01,KR2077012F14,경상북도,Y,16,매우낮은위험(6등급),2026-08-21,,1259.0,,2.5,국공채,지역개발,,N,active,N,Y,,,6,1,N
,4.18,,,,고정금리,이표채,일반특수법인채,공모,150000000000,,,,,9.3338,AAA,2019-07-24,KRW,,,9290.75,2.8203,9290.75,0.0,,0.0,0.0,99,100.0,2026-08-21,1,150000000000.0,2019-07-24,2029-07-24,4.18,9.3175,9291.79,2.8233,9291.79,KR326,국가철도공단채권326,KR,KOREA NATIONAL RAILWAY BOND326,장내,국가철도공단채권 326,KR352701G970,국가철도공단,Y,16,매우낮은위험(6등급),2026-08-21,,1068.0,,1.537,특수채,공사채,,N,active,N,Y,AAA,1,6,1,N
,4.538,,,,고정금리,이표채,일반특수법인채,공모,150000000000,,,,,83.0685,AAA,2016-05-26,KRW,,,8018.45,8.6169,8018.45,0.0,,0.0,0.0,99,100.0,2026-08-21,1,150000000000.0,2016-05-26,2036-05-26,4.538,83.0341,8019.43,8.6315,8019.43,KR283,국가철도공단채권283,KR,KOREA NATIONAL RAILWAY BOND283,장내,국가철도공단채권 283,KR352702G655,국가철도공단,N,16,매우낮은위험(6등급),2026-08-21,,3566.0,,1.946,특수채,공사채,,N,active,N,Y,AAA,1,6,1,N
,4.662,,,,고정금리,이표채,일반은행채,공모,300000000000,,,,,14.211,AA0,2020-06-18,KRW,,,9179.88,3.635,9179.88,0.0,,0.0,0.0,99,100.0,2026-08-21,1,300000000000.0,2020-06-18,2030-06-18,4.662,14.3378,9180.89,3.6259,9180.89,WRBANK CoCoBond(PWD)24-06-COUP(D)10@-18,우리은행조건부(상)24-06-이(후)10-갑-18,KR,WOORI BANK CoCoBond(PWD)24-06-COUP(D)10@-18,장내,우리은행조건부자본증권(상)24-06-이(후)10-갑-18(조건상각/후),KR6000032A62,(주)우리은행,N,12,높은위험(2등급),2026-08-21,,1397.0,,2.2,회사채,은행채,,N,active,N,Y,AA,3,2,1,N
,3.61,,,,고정금리,이표채,신용카드채,공모,50000000000,,,,,0.3802,AA+,2021-02-26,KRW,,,9943.69,0.5062,9943.69,,,,0.0,99,100.0,2026-08-21,1,50000000000.0,2021-02-26,2027-02-26,3.61,0.3774,9944.67,0.5046,9944.67,SHINHAN CARD2103-2,신한카드2103-2,KR,SHINHAN CARD2103-2,장외,신한카드 2103-2,KR6032717B25,신한카드(주),Y,15,낮은위험(5등급),2026-08-21,,189.0,,1.704,회사채,일반사채,,N,active,N,Y,AA+,2,5,1,N
,4.697,,,,고정금리,이표채,일반회사채,공모,232000000000,,,,,6.4518,A0,2026-03-10,KRW,,,10012.27,2.3821,10012.27,0.0,,0.0,0.0,99,100.0,2026-08-21,1,232000000000.0,2026-03-10,2029-03-09,4.697,6.4403,10013.55,2.3824,10013.55,KAL115-1,대한항공115-1,KR,KOREAN AIR LINES115-1,장내,대한항공115-1,KR6003491G31,(주)대한항공,Y,14,보통위험(4등급),2026-08-21,,931.0,,4.39,회사채,일반사채,,N,active,N,Y,A,6,4,1,N
,5.118,,,,고정금리,이표채,금융지주회사채,공모,400000000000,,,,,212.072,AA-,2023-05-31,KRW,,,10388.05,5.2488,10388.05,0.0,,0.0,0.0,99,100.0,2026-08-21,1,400000000000.0,2023-05-31,2028-05-31,5.118,212.014,10389.2,7.966,10389.2,NHFG CoCoBond(PWD)5,농협금융 조건부(상)5,KR,NONGHYUP FINANCIAL Contingent Convertible Bond(PWD)5,장내,NH농협금융지주 조건부자본증권(상)5(조건상각/콜/후),KR6166263D50,농협금융지주(주),Y,11,매우높은위험(1등급),2026-08-21,,649.0,,5.3,회사채,일반사채,,N,active,N,Y,AA-,4,1,1,N
,3.119,,,,고정금리,복리채,국민주택1종,공모,1217370020000,,,,,0.6385,,,KRW,,,10341.2,0.5125,10341.2,,,,0.0,99,100.0,2026-08-21,1,1214739700000.0,2022-02-28,2027-02-28,3.119,0.5979,10342.07,0.5125,10342.07,KNHB (Ⅰ)22-02,국민주택1종22-02,KR,KOREA NATIONAL HOUSING BOND (Ⅰ)22-02,장외,국민주택1종채권 22-02,KR101501DC22,대한민국,Y,16,매우낮은위험(6등급),2026-08-21,,191.0,,1.0,국공채,국민주택,,N,active,N,Y,,,6,1,N
,4.005,,,,고정금리,복리채,국민주택1종,공모,1349737420000,,,,,17.992,,,KRW,,,9002.11,3.8284,9002.11,,,,0.0,99,100.0,2026-08-21,1,1344150210000.0,2025-07-31,2030-07-31,4.005,17.9693,9003.07,3.8393,9003.07,KNHB (Ⅰ)25-07,국민주택1종25-07,KR,KOREA NATIONAL HOUSING BOND (Ⅰ)25-07,장외,국민주택1종채권 25-07,KR101501DF78,대한민국,Y,16,매우낮은위험(6등급),2026-08-21,,1440.0,,1.0,국공채,국민주택,,N,active,N,Y,,,6,1,N
,3.836,,,,고정금리,복리채,도시철도공채,공모,51611375000,,,,,6.0436,,,KRW,,,9891.58,2.0513,9891.58,,,,0.0,99,100.0,2026-08-21,1,51533910000.0,2021-09-30,2028-09-30,3.836,6.0218,9892.62,2.0561,9892.62,SEOUL SUBWAY21-09,서울도시철도21-09,KR,SEOUL METROPOLITAN CITY SUBWAY BOND21-09,장외,서울도시철도공채증권 21-09,KR2001024B97,서울특별시,Y,16,매우낮은위험(6등급),2026-08-21,,771.0,,1.0,국공채,도시철도,,N,active,N,Y,,,6,1,N
,3.947,,,,고정금리,복리채,도시철도공채,공모,63381800000,,,,,9.1116,,,KRW,,,9649.17,2.6151,9649.17,,,,0.0,99,100.0,2026-08-21,1,63309395000.0,2022-04-30,2029-04-30,3.947,9.0749,9650.18,2.6223,9650.18,SEOUL SUBWAY22-04,서울도시철도22-04,KR,SEOUL METROPOLITAN CITY SUBWAY BOND22-04,장외,서울도시철도공채증권 22-04,KR2001024C47,서울특별시,Y,16,매우낮은위험(6등급),2026-08-21,,983.0,,1.0,국공채,도시철도,,N,active,N,Y,,,6,1,N
,4.064,,,,고정금리,복리채,지역개발채,공모,13471415000,,,,,12.8697,,,KRW,,,9927.77,3.1819,9927.77,,,,0.0,99,100.0,2026-08-21,1,13339700000.0,2024-11-30,2029-11-30,4.064,12.8327,9928.86,3.1911,9928.86,KANGWON PROVINCIAL24-11,강원지역개발24-11,KR,KANGWON PROVINCIAL DEVELOPMENT24-11,장외,강원지역개발채권 24-11,KR2002022EB1,강원도,N,16,매우낮은위험(6등급),2026-08-21,,1197.0,,2.5,국공채,지역개발,,N,active,N,Y,,,6,1,N
,3.946,,,,고정금리,복리채,지역개발채,공모,9935850000,,,,,9.1116,,,KRW,,,10193.4,2.6151,10193.4,,,,0.0,99,100.0,2026-08-21,1,9916145000.0,2024-04-30,2029-04-30,3.946,9.075,10194.47,2.6223,10194.47,INCHEON PROVINCIAL24-04,인천지역개발24-04,KR,INCHEON PROVINCIAL DEVELOPMENT24-04,장외,인천지역개발채권 24-04,KR2004022E41,인천광역시,N,16,매우낮은위험(6등급),2026-08-21,,983.0,,2.5,국공채,지역개발,,N,active,N,Y,,,6,1,N
,3.39,,,,고정금리,복리채,지역개발채,공모,8611965000,,,,,1.2125,,,KRW,,,10266.15,0.7569,10266.15,,,,0.0,99,100.0,2026-08-21,1,8605345000.0,2022-05-31,2027-05-31,3.39,1.1828,10267.08,0.7575,10267.08,KWANGJU PROVINCIAL22-05,광주지역개발22-05,KR,KWANGJU PROVINCIAL DEVELOPMENT22-05,장외,광주지역개발채권 22-05,KR2005022C57,전남광주통합특별시,Y,16,매우낮은위험(6등급),2026-08-21,,283.0,,1.05,국공채,지역개발,,N,active,N,Y,,,6,1,N
,2.875,,,,고정금리,복리채,지역개발채,공모,1850265000,,,,,0.0139,,,KRW,,,10527.73,0.0262,10527.73,,,,0.0,99,100.0,2026-08-21,1,1850265000.0,2021-08-31,2026-08-31,2.875,0.0087,10528.56,0.0244,10528.56,BUSAN PROVINCIAL21-08,부산지역개발21-08,KR,BUSAN PROVINCIAL DEVELOPMENT21-08,장외,부산지역개발채권 21-08,KR2006012B82,부산광역시,N,16,매우낮은위험(6등급),2026-08-21,,10.0,,1.05,국공채,지역개발,,N,active,N,Y,,,6,1,N
,2.897,,,,고정금리,복리채,지역개발채,공모,3792770000,,,,,0.069,,,KRW,,,10502.69,0.1072,10502.69,,,,0.0,99,100.0,2026-08-21,1,3773245000.0,2021-09-30,2026-09-30,2.897,0.0523,10503.52,0.1057,10503.52,BUSAN PROVINCIAL21-09,부산지역개발21-09,KR,BUSAN PROVINCIAL DEVELOPMENT21-09,장외,부산지역개발채권 21-09,KR2006012B90,부산광역시,N,16,매우낮은위험(6등급),2026-08-21,,40.0,,1.05,국공채,지역개발,,N,active,N,Y,,,6,1,N
,3.858,,,,고정금리,복리채,지역개발채,공모,2922085000,,,,,6.8382,,,KRW,,,10378.27,2.2144,10378.27,,,,0.0,99,100.0,2026-08-21,1,2920455000.0,2023-11-30,2028-11-30,3.858,6.8033,10379.36,2.2201,10379.36,BUSAN PROVINCIAL23-11,부산지역개발23-11,KR,BUSAN PROVINCIAL DEVELOPMENT23-11,장외,부산지역개발채권 23-11,KR2006012DB0,부산광역시,Y,16,매우낮은위험(6등급),2026-08-21,,832.0,,2.5,국공채,지역개발,,N,active,N,Y,,,6,1,N
,3.557,,,,고정금리,복리채,지역개발채,공모,3871215000,,,,,2.3767,,,KRW,,,10104.19,1.1643,10104.19,,,,0.0,99,100.0,2026-08-21,1,3864910000.0,2022-10-31,2027-10-31,3.557,2.3489,10105.17,1.1662,10105.17,BUSAN PROVINCIAL22-10,부산지역개발22-10,KR,BUSAN PROVINCIAL DEVELOPMENT22-10,장외,부산지역개발채권 22-10,KR2006022CA3,부산광역시,Y,16,매우낮은위험(6등급),2026-08-21,,436.0,,1.05,국공채,지역개발,,N,active,N,Y,,,6,1,N
,3.528,,,,고정금리,복리채,지역개발채,공모,10431085000,,,,,2.1407,,,KRW,,,10137.76,1.0813,10137.76,,,,0.0,99,100.0,2026-08-21,1,10418160000.0,2022-09-30,2027-09-30,3.528,2.1214,10138.74,1.0827,10138.74,ULSAN PROVINCIAL22-09,울산지역개발22-09,KR,ULSAN PROVINCIAL DEVELOPMENT22-09,장외,울산지역개발채권 22-09,KR2008012C95,울산광역시,Y,16,매우낮은위험(6등급),2026-08-21,,405.0,,1.05,국공채,지역개발,,N,active,N,Y,,,6,1,N
,2.897,,,,고정금리,복리채,지역개발채,공모,14070970000,,,,,0.069,,,KRW,,,10502.69,0.1072,10502.69,,,,0.0,99,100.0,2026-08-21,1,14051030000.0,2021-09-30,2026-09-30,2.897,0.0523,10503.52,0.1057,10503.52,CHUNGNAM PROVINCIAL21-09,충남지역개발21-09,KR,CHUNGNAM PROVINCIAL DEVELOPMENT21-09,장외,충남지역개발채권 21-09,KR2022012B97,충청남도,Y,16,매우낮은위험(6등급),2026-08-21,,40.0,,1.05,국공채,지역개발,,N,active,N,Y,,,6,1,N
,3.612,,,,고정금리,복리채,지역개발채,공모,27879290000,,,,,2.8988,,,KRW,,,10037.51,1.3273,10037.51,,,,0.0,99,100.0,2026-08-21,1,27655140000.0,2022-12-31,2027-12-31,3.612,2.8607,10038.5,1.3299,10038.5,CHUNGNAM PROVINCIAL22-12,충남지역개발22-12,KR,CHUNGNAM PROVINCIAL DEVELOPMENT22-12,장외,충남지역개발채권 22-12,KR2022022CC9,충청남도,Y,16,매우낮은위험(6등급),2026-08-21,,497.0,,1.05,국공채,지역개발,,N,active,N,Y,,,6,1,N
,2.974,,,,고정금리,복리채,지역개발채,공모,19461245000,,,,,0.241,,,KRW,,,10450.03,0.2714,10450.03,,,,0.0,99,100.0,2026-08-21,1,19442985000.0,2021-11-30,2026-11-30,2.974,0.208,10450.87,0.2705,10450.87,CHUNNAM PROVINCIAL21-11,전남지역개발21-11,KR,CHUNNAM PROVINCIAL DEVELOPMENT21-11,장외,전남지역개발채권 21-11,KR2066022BB0,전남광주통합특별시,Y,16,매우낮은위험(6등급),2026-08-21,,101.0,,1.05,국공채,지역개발,,N,active,N,Y,,,6,1,N
,3.668,,,,고정금리,복리채,지역개발채,공모,7475410000,,,,,3.4748,,,KRW,,,10708.04,1.4843,10708.04,,,,0.0,99,100.0,2026-08-21,1,7432795000.0,2023-02-28,2028-02-29,3.668,3.4342,10709.1,1.4875,10709.1,KYUNGNAM PROVINCIAL23-02,경남지역개발23-02,KR,KYUNGNAM PROVINCIAL DEVELOPMENT23-02,장외,경남지역개발채권 23-02,KR2088012D21,경상남도,Y,16,매우낮은위험(6등급),2026-08-21,,557.0,,2.5,국공채,지역개발,,N,active,N,Y,,,6,1,N
,4.328,,,,고정금리,복리채,지역개발채,공모,2116890000,,,,,26.9639,,,KRW,,,8953.54,4.7885,8953.54,,,,0.0,99,100.0,2026-08-21,1,2092665000.0,2026-07-31,2031-07-31,4.328,26.938,8954.56,4.8037,8954.56,KYUNGNAM PROVINCIAL26-07,경남지역개발26-07,KR,KYUNGNAM PROVINCIAL DEVELOPMENT26-07,장외,경남지역개발채권 26-07,KR2088022G75,경상남도,N,16,매우낮은위험(6등급),2026-08-21,,1805.0,,2.0,국공채,지역개발,,N,active,N,Y,,,6,1,N
,3.427,,,,고정금리,복리채,지역개발채,공모,8761600000,,,,,1.4363,,,KRW,,,10235.21,0.8365,10235.21,,,,0.0,99,100.0,2026-08-21,1,8715275000.0,2022-06-30,2027-06-30,3.427,1.4135,10236.15,0.8372,10236.15,CHEJU PROVINCIAL22-06,제주지역개발22-06,KR,CHEJU PROVINCIAL DEVELOPMENT22-06,장외,제주지역개발채권 22-06,KR2099022C68,제주도,Y,16,매우낮은위험(6등급),2026-08-21,,313.0,,1.05,국공채,지역개발,,N,active,N,Y,,,6,1,N
,3.635,,,,고정금리,이표채,일반특수법인채,공모,100000000000,,,,,0.6043,AAA,2019-04-25,KRW,,,9903.58,0.6678,9903.58,,,,0.0,99,100.0,2026-08-21,1,100000000000.0,2019-04-25,2027-04-25,3.635,0.599,9904.56,0.6663,9904.56,KOGAS393,한국가스공사393,KR,KOREA GAS393,장외,한국가스공사 393,KR350801G947,한국가스공사(주),Y,16,매우낮은위험(6등급),2026-08-21,,247.0,,1.971,특수채,공사채,,N,active,N,Y,AAA,1,6,1,N
,4.403,,,,고정금리,이표채,일반특수법인채,공모,160000000000,,,,,25.9467,AAA,2012-03-08,KRW,,,9971.2,4.8724,9971.2,,,,0.0,99,100.0,2026-08-21,1,160000000000.0,2012-02-15,2032-02-15,4.403,25.9268,9972.38,4.8718,9972.38,KOREA L&H111,토지주택채권111,KR,KOREA LAND & HOUSING CORPORATION111,장외,토지주택채권111,KR3561097220,한국토지주택공사,Y,16,매우낮은위험(6등급),2026-08-21,,2004.0,,4.33,특수채,공사채,,N,active,N,Y,AAA,1,6,1,N
,4.582,,,,고정금리,이표채,할부금융채,공모,70000000000,,,,,1.9513,A+,2024-12-18,KRW,,,10023.52,1.2728,10023.52,,,,0.0,99,100.0,2026-08-21,1,70000000000.0,2024-12-18,2027-12-17,4.582,1.9437,10024.76,1.2721,10024.76,MERITZ CAPITAL268-5,메리츠캐피탈268-5,KR,MERITZ CAPITAL268-5,장외,메리츠캐피탈268-5,KR6169375EC1,메리츠캐피탈(주),Y,14,보통위험(4등급),2026-08-21,,483.0,,4.197,회사채,일반사채,,N,active,N,Y,A+,5,4,1,N
,4.884,,,,고정금리,이표채,일반회사채,공모,63000000000,,,,,15.5313,A+,2025-09-09,KRW,,,9450.46,3.7456,9450.46,,,,0.0,99,100.0,2026-08-21,1,63000000000.0,2025-09-09,2030-09-09,4.884,15.516,9451.71,3.7476,9451.71,HANWHA253-3,한화253-3,KR,HANWHA253-3,장외,한화253-3,KR6000884F90,(주)한화,Y,14,보통위험(4등급),2026-08-21,,1480.0,,3.208,회사채,일반사채,,N,active,N,Y,A+,5,4,1,N
,3.869,,,,고정금리,이표채,할부금융채,공모,10000000000,,,,,0.6452,AA-,2025-05-09,KRW,,,9929.94,0.6925,9929.94,,,,0.0,99,100.0,2026-08-21,1,10000000000.0,2025-05-09,2027-05-06,3.869,0.6401,9930.98,0.691,9930.98,SHINHAN CAPITAL513-1,신한캐피탈513-1,KR,SHINHAN CAPITAL513-1,장외,신한캐피탈513-1,KR6023781F54,신한캐피탈(주),N,15,낮은위험(5등급),2026-08-21,,258.0,,2.727,회사채,일반사채,,N,active,N,Y,AA-,4,5,1,N
,4.375,,,,고정금리,이표채,,공모,10000000000,,,,,,,2026-08-21,KRW,,,,,10000.11598777,,,,0.0,99,100.0,2026-08-21,1,0.0,2026-08-21,2029-06-20,,,,,,NH Capital269-1,엔에이치농협캐피탈269-1,KR,NH Capital269-1,장외,엔에이치농협캐피탈269-1,KR6097242G84,,N,00,해당없음,2026-08-21,,1034.0,,4.375,회사채,일반사채,,N,active,N,Y,,,,1,N
,4.077,,,,고정금리,이표채,,공모,90000000000,,,,,,,2026-08-21,KRW,,,,,10000.0,,,,0.0,99,100.0,2026-08-21,1,0.0,2026-08-21,2029-08-21,,,,,,ASSETMANAGEMENT164TH(S),자산관리공사채164회(사),KR,KOREA ASSET MANAGEMENT 164TH(S),장외,한국자산관리공사채권제164회(사),KR352503GG89,,N,00,해당없음,2026-08-21,,1096.0,,4.077,특수채,공사채,,N,active,N,Y,,,,1,N
3.3519,3.536,0.0,온오프 겸용,0,고정금리,복리채,국민주택1종,공모,1234397420000,0.0,3.521,3.3519,3.5587,2.9028,,,KRW,3.962,5.73,10172.5,1.328,10172.5,,,,0.0,99,100.0,2026-08-21,2,1229158480000.0,2022-12-31,2027-12-31,3.536,2.8645,10173.48,1.3305,10173.48,KNHB (Ⅰ)22-12,국민주택1종22-12,KR,KOREA NATIONAL HOUSING BOND (Ⅰ)22-12,장외,국민주택1종채권 22-12,KR101501DCC9,대한민국,Y,16,매우낮은위험(6등급),2026-08-21,3.4312,497.0,2026-08-21,1.3,국공채,국민주택,10174.0,N,active,N,Y,,,6,1,N
3.6027,3.764,0.0,온오프 겸용,0,고정금리,복리채,국민주택1종,공모,1167342090000,0.0,3.728,3.6027,3.815,6.4481,,,KRW,4.258,6.203,9835.13,2.1355,9835.13,,,,0.0,99,100.0,2026-08-21,2,1161255390000.0,2023-10-31,2028-10-31,3.764,6.4184,9836.14,2.1406,9836.14,KNHB (Ⅰ)23-10,국민주택1종23-10,KR,KOREA NATIONAL HOUSING BOND (Ⅰ)23-10,장외,국민주택1종채권 23-10,KR101501DDA1,대한민국,Y,16,매우낮은위험(6등급),2026-08-21,3.684,802.0,2026-08-21,1.3,국공채,국민주택,9842.0,N,active,N,Y,,,6,1,N
3.7966,3.936,0.0,온오프 겸용,0,고정금리,이표채,국고채권,공모,17945000000000,0.0,3.901,3.7966,4.0252,11.7039,,,KRW,4.487,6.515,9240.33,3.1816,9240.33,,,,0.0,99,100.0,2026-08-21,2,16864000000000.0,2019-12-10,2029-12-10,3.936,11.6831,9241.31,3.1849,9241.31,KTB01375-2912(19-8),국고01375-2912(19-8),KR,KOREA TREASURY BOND01375-2912(19-8),장외,국고채권 01375-2912(19-8),KR103502G9C8,대한민국,Y,16,매우낮은위험(6등급),2026-08-21,3.8842,1207.0,2026-08-21,1.375,국공채,국고채,9250.0,N,active,N,Y,,,6,1,N
5.7027,4.72,0.0,온오프 겸용,0,고정금리,이표채,국고채권,공모,43335000000000,0.0,4.666,5.7027,6.1172,380.3522,,,KRW,6.74,9.475,5518.05,17.7196,5518.05,,,,0.0,99,100.0,2026-08-21,2,40263000000000.0,2020-03-10,2050-03-10,4.72,380.2836,5518.76,17.7523,5518.76,KTB01500-5003(20-2),국고01500-5003(20-2),KR,KOREA TREASURY BOND01500-5003(20-2),장외,국고채권 01500-5003(20-2),KR103502GA34,대한민국,Y,16,매우낮은위험(6등급),2026-08-21,5.8615,8602.0,2026-08-21,1.5,국공채,국고채,5570.0,N,active,N,Y,,,6,1,N
4.1249,4.366,0.0,온오프 겸용,0,고정금리,이표채,국고채권,공모,17469000000000,0.0,4.31,4.4233,4.4233,71.1958,,,KRW,4.875,5.705,9217.2,7.8533,9217.2,,,,0.0,99,100.0,2026-08-21,2,17660000000000.0,2025-12-10,2035-12-10,4.366,71.1612,9218.28,7.8657,9218.28,KTB03250-3512(25-11),국고03250-3512(25-11),KR,KOREA TREASURY BOND03250-3512(25-11),장외,국고채권 03250-3512(25-11),KR103502GFC1,대한민국,Y,16,매우낮은위험(6등급),2026-08-21,4.1249,3398.0,2026-08-21,3.25,국공채,국고채,9257.0,N,active,N,Y,,,6,1,N
3.9805,4.147,0.0,온오프 겸용,0,고정금리,복리채,도시철도공채,공모,50034125000,0.0,4.112,3.9805,4.3824,19.3242,,,KRW,4.705,6.12,9996.04,3.9871,9996.04,,,,0.0,99,100.0,2026-08-21,2,49930830000.0,2023-09-30,2030-09-30,4.147,19.2971,9997.17,3.999,9997.17,SEOUL SUBWAY23-09,서울도시철도23-09,KR,SEOUL METROPOLITAN CITY SUBWAY BOND23-09,장외,서울도시철도공채증권 23-09,KR2001024D95,서울특별시,Y,16,매우낮은위험(6등급),2026-08-21,4.1345,1501.0,2026-08-21,2.5,국공채,도시철도,10010.0,N,active,N,Y,,,6,1,N
4.1436,4.256,0.0,온오프 겸용,0,고정금리,복리채,도시철도공채,공모,46090300000,0.0,4.218,4.1436,4.5561,23.7081,,,KRW,4.897,6.396,9747.3,4.4688,9747.3,,,,0.0,99,100.0,2026-08-21,2,46024700000.0,2024-03-31,2031-03-31,4.256,23.6678,9748.41,4.4832,9748.41,SEOUL SUBWAY24-03,서울도시철도24-03,KR,SEOUL METROPOLITAN CITY SUBWAY BOND24-03,장외,서울도시철도공채증권 24-03,KR2001024E37,서울특별시,Y,16,매우낮은위험(6등급),2026-08-21,4.3016,1683.0,2026-08-21,2.5,국공채,도시철도,9763.0,N,active,N,Y,,,6,1,N
4.6358,4.454,0.0,온오프 겸용,0,고정금리,복리채,도시철도공채,공모,40857255000,0.0,4.412,4.6358,5.0061,47.1126,,,KRW,5.479,7.556,8545.06,6.4779,8545.06,,,,0.0,99,100.0,2026-08-21,2,40682805000.0,2026-04-30,2033-04-30,4.454,47.0716,8546.07,6.5002,8546.07,SEOUL SUBWAY26-04,서울도시철도26-04,KR,SEOUL METROPOLITAN CITY SUBWAY BOND26-04,장외,서울도시철도공채증권 26-04,KR2001024G43,서울특별시,Y,16,매우낮은위험(6등급),2026-08-21,4.7777,2444.0,2026-08-21,2.0,국공채,도시철도,8568.0,N,active,N,Y,,,6,1,N
3.5315,3.868,0.0,온오프 겸용,0,고정금리,복리채,지역개발채,공모,7825720000,0.0,3.831,3.5315,3.9348,7.2705,,,KRW,4.174,5.224,10342.37,2.2971,10342.37,,,,0.0,99,100.0,2026-08-21,2,7682680000.0,2023-12-31,2028-12-31,3.868,7.2317,10343.45,2.3032,10343.45,BUSAN PROVINCIAL23-12,부산지역개발23-12,KR,BUSAN PROVINCIAL DEVELOPMENT23-12,장외,부산지역개발채권 23-12,KR2006012DC8,부산광역시,Y,16,매우낮은위험(6등급),2026-08-21,3.686,863.0,2026-08-21,2.5,국공채,지역개발,10351.0,N,active,N,Y,,,6,1,N
3.3861,3.751,0.0,온오프 겸용,0,고정금리,복리채,지역개발채,공모,15402075000,0.0,3.724,3.3861,3.7826,4.5082,,,KRW,4.002,4.966,10596.64,1.728,10596.64,,,,0.0,99,100.0,2026-08-21,2,15349540000.0,2023-05-31,2028-05-31,3.751,4.4772,10597.7,1.7319,10597.7,CHUNGNAM PROVINCIAL23-05,충남지역개발23-05,KR,CHUNGNAM PROVINCIAL DEVELOPMENT23-05,장외,충남지역개발채권 23-05,KR2022022D51,충청남도,Y,16,매우낮은위험(6등급),2026-08-21,3.538,649.0,2026-08-21,2.5,국공채,지역개발,10601.0,N,active,N,Y,,,6,1,N
3.2956,3.668,0.0,온오프 겸용,0,고정금리,복리채,지역개발채,공모,15219780000,0.0,3.65,3.2956,3.6891,3.4748,,,KRW,3.895,4.8,10708.04,1.4843,10708.04,,,,0.0,99,100.0,2026-08-21,2,15179110000.0,2023-02-28,2028-02-29,3.668,3.4342,10709.1,1.4875,10709.1,CHUNGBUK PROVINCIAL23-02,충북지역개발23-02,KR,CHUNGBUK PROVINCIAL DEVELOPMENT23-02,장외,충북지역개발채권 23-02,KR2033012D27,충청북도,Y,16,매우낮은위험(6등급),2026-08-21,3.4464,557.0,2026-08-21,2.5,국공채,지역개발,10711.0,N,active,N,Y,,,6,1,N
3.4396,3.805,0.0,온오프 겸용,0,고정금리,복리채,지역개발채,공모,12484110000,0.0,3.773,3.4396,3.8381,5.2808,,,KRW,4.065,5.063,10521.82,1.8888,10521.82,,,,0.0,99,100.0,2026-08-21,2,12386410000.0,2023-07-31,2028-07-31,3.805,5.264,10522.88,1.8929,10522.88,CHUNGBUK PROVINCIAL23-07,충북지역개발23-07,KR,CHUNGBUK PROVINCIAL DEVELOPMENT23-07,장외,충북지역개발채권 23-07,KR2033022D74,충청북도,Y,16,매우낮은위험(6등급),2026-08-21,3.5923,710.0,2026-08-21,2.5,국공채,지역개발,10528.0,N,active,N,Y,,,6,1,N
3.5175,3.858,0.0,온오프 겸용,0,고정금리,복리채,지역개발채,공모,14507650000,0.0,3.822,3.5175,3.9198,6.8382,,,KRW,4.157,5.201,10378.27,2.2144,10378.27,,,,0.0,99,100.0,2026-08-21,2,14456690000.0,2023-11-30,2028-11-30,3.858,6.8033,10379.36,2.2201,10379.36,CHUNGBUK PROVINCIAL23-11,충북지역개발23-11,KR,CHUNGBUK PROVINCIAL DEVELOPMENT23-11,장외,충북지역개발채권 23-11,KR2033022DB6,충청북도,Y,16,매우낮은위험(6등급),2026-08-21,3.6717,832.0,2026-08-21,2.5,국공채,지역개발,10386.0,N,active,N,Y,,,6,1,N
4.2823,4.31,0.0,온오프 겸용,0,고정금리,복리채,지역개발채,공모,61060910000,0.0,4.271,4.2823,4.6384,26.1137,,,KRW,5.061,6.918,8992.92,4.7075,8992.92,,,,0.0,99,100.0,2026-08-21,2,60860835000.0,2026-06-30,2031-06-30,4.31,26.083,8993.95,4.7226,8993.95,KYUNGKI PROVINCIAL26-06,경기지역개발26-06,KR,KYUNGKI PROVINCIAL DEVELOPMENT26-06,장외,경기지역개발채권 26-06,KR2044022G60,경기도,Y,16,매우낮은위험(6등급),2026-08-21,4.4188,1774.0,2026-08-21,2.0,국공채,지역개발,9009.0,N,active,N,Y,,,6,1,N
3.5175,3.858,0.0,온오프 겸용,0,고정금리,복리채,지역개발채,공모,16486655000,0.0,3.822,3.5175,3.9198,6.8382,,,KRW,4.157,5.201,10378.27,2.2144,10378.27,,,,0.0,99,100.0,2026-08-21,2,16398015000.0,2023-11-30,2028-11-30,3.858,6.8033,10379.36,2.2201,10379.36,KYUNGBUK PROVINCIAL23-11,경북지역개발23-11,KR,KYUNGBUK PROVINCIAL DEVELOPMENT23-11,장외,경북지역개발채권 23-11,KR2077022DB3,경상북도,Y,16,매우낮은위험(6등급),2026-08-21,3.6717,832.0,2026-08-21,2.5,국공채,지역개발,10386.0,N,active,N,Y,,,6,1,N
3.8636,4.613,0.0,온오프 겸용,0,고정금리,이표채,일반회사채,공모,20000000000,0.0,4.594,3.8636,4.5775,2.2132,BBB+,2026-07-09,KRW,4.566,4.52,10042.88,1.3631,10042.88,,,,0.0,99,100.0,2026-08-21,2,20000000000.0,2026-07-23,2028-01-21,4.613,2.2051,10044.13,1.3625,10044.13,HANJIN TRNSPT127-2,한진127-2,KR,HANJIN TRANSPORTATION127-2,장외,한진127-2,KR6002322G79,(주)한진,Y,13,다소높은위험(3등급),2026-08-21,4.1371,518.0,2026-08-21,4.661,회사채,일반사채,10045.0,N,active,N,Y,BBB+,8,3,1,N
3.4536,4.087,0.0,온오프 겸용,0,고정금리,이표채,일반회사채,공모,232000000000,0.0,4.069,3.4536,4.0653,0.8793,A0,2025-05-15,KRW,4.082,4.156,10053.44,0.8235,10053.44,,,,0.0,99,100.0,2026-08-21,2,232000000000.0,2024-06-25,2027-06-25,4.087,0.8734,10054.55,0.8222,10054.55,KAL107-2,대한항공107-2,KR,KOREAN AIR LINES107-2,장외,대한항공107-2,KR6003492E65,(주)대한항공,Y,14,보통위험(4등급),2026-08-21,3.6883,308.0,2026-08-21,3.989,회사채,일반사채,10054.0,N,active,N,Y,A,6,4,1,N
3.2595,3.843,0.0,온오프 겸용,0,고정금리,이표채,신용카드채,공모,60000000000,0.0,3.829,3.2595,3.8444,0.6723,AA+,2024-05-10,KRW,3.852,3.889,10007.35,0.7073,10007.35,,,,0.0,99,100.0,2026-08-21,2,60000000000.0,2024-05-10,2027-05-10,3.843,0.6678,10008.39,0.7059,10008.39,KB CARD403-3,케이비국민카드403-3,KR,KB KOOKMIN CARD403-3,장외,케이비국민카드403-3,KR6140173E53,(주)KB국민카드,Y,15,낮은위험(5등급),2026-08-21,3.4836,262.0,2026-08-21,3.789,회사채,일반사채,10008.0,N,active,N,Y,AA+,2,5,1,N
,4.72,,,,고정금리,이표채,국고채권,공모,43335000000000,,,,,380.3522,,,KRW,,,5518.05,17.7196,5518.05,0.0,,0.0,0.0,99,100.0,2026-08-21,1,40263000000000.0,2020-03-10,2050-03-10,4.72,380.2836,5518.76,17.7523,5518.76,KTB01500-5003(20-2),국고01500-5003(20-2),KR,KOREA TREASURY BOND01500-5003(20-2),장내,국고채권 01500-5003(20-2),KR103502GA34,대한민국,Y,16,매우낮은위험(6등급),2026-08-21,,8602.0,,1.5,국공채,국고채,,N,active,N,Y,,,6,1,N
,3.501,,,,고정금리,복리채,지역개발채,공모,7786155000,,,,,1.9315,,,KRW,,,10169.88,1.0008,10169.88,8451.0,2022-09-30,4.584,0.0,99,100.0,2026-08-21,1,7782885000.0,2022-08-31,2027-08-31,3.501,1.9227,10170.86,1.0018,10170.86,KWANGJU PROVINCIAL22-08,광주지역개발22-08,KR,KWANGJU PROVINCIAL DEVELOPMENT22-08,장내,광주지역개발채권 22-08,KR2005022C81,전남광주통합특별시,Y,16,매우낮은위험(6등급),2026-08-21,,375.0,,1.05,국공채,지역개발,,N,active,N,Y,,,6,1,N
,3.583,,,,고정금리,복리채,지역개발채,공모,2496810000,,,,,2.624,,,KRW,,,10071.63,1.2446,10071.63,8451.0,2022-12-29,4.581,0.0,99,100.0,2026-08-21,1,2496810000.0,2022-11-30,2027-11-30,3.583,2.5901,10072.61,1.2468,10072.61,DAEGU PROVINCIAL22-11,대구지역개발22-11,KR,DAEGU PROVINCIAL DEVELOPMENT22-11,장내,대구지역개발채권 22-11,KR2007012CB1,대구광역시,N,16,매우낮은위험(6등급),2026-08-21,,466.0,,1.05,국공채,지역개발,,N,active,N,Y,,,6,1,N
,3.878,,,,고정금리,복리채,지역개발채,공모,1573680000,,,,,7.7215,,,KRW,,,10306.47,2.3796,10306.47,9478.0,2024-02-29,3.662,0.0,99,100.0,2026-08-21,1,1573680000.0,2024-01-31,2029-01-31,3.878,7.6808,10307.55,2.386,10307.55,DAEGU PROVINCIAL24-01,대구지역개발24-01,KR,DAEGU PROVINCIAL DEVELOPMENT24-01,장내,대구지역개발채권 24-01,KR2007022E10,대구광역시,Y,16,매우낮은위험(6등급),2026-08-21,,894.0,,2.5,국공채,지역개발,,N,active,N,Y,,,6,1,N
,3.844,,,,고정금리,복리채,국민주택1종,공모,1175457590000,,,,,9.1288,,,KRW,,,9635.96,2.6169,9635.96,8947.0,2024-05-31,3.641,0.0,99,100.0,2026-08-21,1,1172567840000.0,2024-04-30,2029-04-30,3.844,9.0917,9636.95,2.6238,9636.95,KNHB (Ⅰ)24-04,국민주택1종24-04,KR,KOREA NATIONAL HOUSING BOND (Ⅰ)24-04,장내,국민주택1종채권 24-04,KR101501DE46,대한민국,Y,16,매우낮은위험(6등급),2026-08-21,,983.0,,1.3,국공채,국민주택,,N,active,N,Y,,,6,1,N
,4.072,,,,고정금리,복리채,국민주택1종,공모,1132616090000,,,,,20.0642,,,KRW,,,8888.47,4.0722,8888.47,8940.0,2025-11-28,3.34,0.0,99,100.0,2026-08-21,1,1129157570000.0,2025-10-31,2030-10-31,4.072,20.0322,8889.46,4.0844,8889.46,KNHB (Ⅰ)25-10,국민주택1종25-10,KR,KOREA NATIONAL HOUSING BOND (Ⅰ)25-10,장내,국민주택1종채권 25-10,KR101501DFA6,대한민국,Y,16,매우낮은위험(6등급),2026-08-21,,1532.0,,1.0,국공채,국민주택,,N,active,N,Y,,,6,1,N
,4.729,,,,고정금리,이표채,국고채권,공모,14089051000000,,,,,349.8558,,,KRW,,,8485.46,15.8537,8485.46,0.0,,0.0,0.0,99,100.0,2026-08-21,1,17574101000000.0,2023-09-10,2053-09-10,4.729,349.8018,8486.55,15.8831,8486.55,KTB03625-5309(23-7),국고03625-5309(23-7),KR,KOREA TREASURY BOND03625-5309(23-7),장내,국고채권 03625-5309(23-7),KR103502GD98,대한민국,Y,16,매우낮은위험(6등급),2026-08-21,,9882.0,,3.625,국공채,국고채,,N,active,N,Y,,,6,1,N
,3.64,,,,고정금리,복리채,지역개발채,공모,16153375000,,,,,3.193,,,KRW,,,10741.99,1.4099,10741.99,9302.0,2023-02-28,4.056,0.0,99,100.0,2026-08-21,1,16103830000.0,2023-01-31,2028-01-31,3.64,3.1526,10743.05,1.4128,10743.05,CHUNGNAM PROVINCIAL23-01,충남지역개발23-01,KR,CHUNGNAM PROVINCIAL DEVELOPMENT23-01,장내,충남지역개발채권 23-01,KR2022012D12,충청남도,Y,16,매우낮은위험(6등급),2026-08-21,,528.0,,2.5,국공채,지역개발,,N,active,N,Y,,,6,1,N
,3.858,,,,고정금리,복리채,지역개발채,공모,14702560000,,,,,6.8382,,,KRW,,,10378.27,2.2144,10378.27,9493.0,2023-12-28,3.627,0.0,99,100.0,2026-08-21,1,14637700000.0,2023-11-30,2028-11-30,3.858,6.8033,10379.36,2.2201,10379.36,CHUNGNAM PROVINCIAL23-11,충남지역개발23-11,KR,CHUNGNAM PROVINCIAL DEVELOPMENT23-11,장내,충남지역개발채권 23-11,KR2022022DB9,충청남도,Y,16,매우낮은위험(6등급),2026-08-21,,832.0,,2.5,국공채,지역개발,,N,active,N,Y,,,6,1,N
,3.858,,,,고정금리,복리채,지역개발채,공모,14507650000,,,,,6.8382,,,KRW,,,10378.27,2.2144,10378.27,9493.0,2023-12-28,3.627,0.0,99,100.0,2026-08-21,1,14456690000.0,2023-11-30,2028-11-30,3.858,6.8033,10379.36,2.2201,10379.36,CHUNGBUK PROVINCIAL23-11,충북지역개발23-11,KR,CHUNGBUK PROVINCIAL DEVELOPMENT23-11,장내,충북지역개발채권 23-11,KR2033022DB6,충청북도,Y,16,매우낮은위험(6등급),2026-08-21,,832.0,,2.5,국공채,지역개발,,N,active,N,Y,,,6,1,N
,3.847,,,,고정금리,복리채,지역개발채,공모,6852705000,,,,,6.4381,,,KRW,,,10413.31,2.1343,10413.31,9327.0,2023-11-30,4.003,0.0,99,100.0,2026-08-21,1,6839295000.0,2023-10-31,2028-10-31,3.847,6.4085,10414.39,2.1395,10414.39,JUNBUK PROVINCIAL23-10,전북지역개발23-10,KR,JUNBUK PROVINCIAL DEVELOPMENT23-10,장내,전북지역개발채권23-10,KR2055022DA1,전라북도,Y,16,매우낮은위험(6등급),2026-08-21,,802.0,,2.5,국공채,지역개발,,N,active,N,Y,,,6,1,N
,4.237,,,,고정금리,복리채,지역개발채,공모,6136725000,,,,,22.9206,,,KRW,,,9148.82,4.3871,9148.82,9078.0,2026-03-31,4.06,0.0,99,100.0,2026-08-21,1,6064365000.0,2026-02-28,2031-02-28,4.237,22.8791,9149.86,4.4013,9149.86,JUNBUK PROVINCIAL26-02,전북지역개발26-02,KR,JUNBUK PROVINCIAL DEVELOPMENT26-02,장내,전북지역개발채권26-02,KR2055022G25,전라북도,Y,16,매우낮은위험(6등급),2026-08-21,,1652.0,,2.0,국공채,지역개발,,N,active,N,Y,,,6,1,N
,3.878,,,,고정금리,복리채,지역개발채,공모,15409925000,,,,,7.7215,,,KRW,,,10306.47,2.3796,10306.47,9478.0,2024-02-29,3.662,0.0,99,100.0,2026-08-21,1,15337525000.0,2024-01-31,2029-01-31,3.878,7.6808,10307.55,2.386,10307.55,CHUNNAM PROVINCIAL24-01,전남지역개발24-01,KR,CHUNNAM PROVINCIAL DEVELOPMENT24-01,장내,전남지역개발채권 24-01,KR2066022E16,전남광주통합특별시,Y,16,매우낮은위험(6등급),2026-08-21,,894.0,,2.5,국공채,지역개발,,N,active,N,Y,,,6,1,N
,4.293,,,,고정금리,복리채,지역개발채,공모,13585110000,,,,,25.3051,,,KRW,,,9030.69,4.6289,9030.69,8977.0,2026-06-30,4.294,0.0,99,100.0,2026-08-21,1,13422875000.0,2026-05-31,2031-05-31,4.293,25.2707,9031.71,4.6439,9031.71,KYUNGBUK PROVINCIAL26-05,경북지역개발26-05,KR,KYUNGBUK PROVINCIAL DEVELOPMENT26-05,장내,경북지역개발채권 26-05,KR2077022G52,경상북도,Y,16,매우낮은위험(6등급),2026-08-21,,1744.0,,2.0,국공채,지역개발,,N,active,N,Y,,,6,1,N
,4.275,,,,고정금리,복리채,도시철도공채,공모,3462795000,,,,,24.4856,,,KRW,,,9070.23,4.5476,9070.23,8962.0,2026-05-29,4.327,0.0,99,100.0,2026-08-21,1,3458325000.0,2026-04-30,2031-04-30,4.275,24.4481,9071.26,4.5623,9071.26,BUSAN SUBWAY26-04,부산도시철도26-04,KR,BUSAN SUBWAY26-04,장내,부산도시철도공채증권 26-04,KR2006014G44,부산광역시,Y,16,매우낮은위험(6등급),2026-08-21,,1713.0,,2.0,국공채,도시철도,,N,active,N,Y,,,6,1,N
,3.668,,,,고정금리,복리채,도시철도공채,공모,9605755000,,,,,3.4748,,,KRW,,,10708.04,1.4843,10708.04,9494.0,2023-03-31,3.631,0.0,99,100.0,2026-08-21,1,9604020000.0,2023-02-28,2028-02-29,3.668,3.4342,10709.1,1.4875,10709.1,BUSAN SUBWAY23-02,부산도시철도23-02,KR,BUSAN SUBWAY23-02,장내,부산도시철도공채증권 23-02,KR2006024D29,부산광역시,Y,16,매우낮은위험(6등급),2026-08-21,,557.0,,2.5,국공채,도시철도,,N,active,N,Y,,,6,1,N
,3.847,,,,고정금리,복리채,지역개발채,공모,12014180000,,,,,6.4381,,,KRW,,,10413.31,2.1343,10413.31,9327.0,2023-11-30,4.003,0.0,99,100.0,2026-08-21,1,11952150000.0,2023-10-31,2028-10-31,3.847,6.4085,10414.39,2.1395,10414.39,CHUNGBUK PROVINCIAL23-10,충북지역개발23-10,KR,CHUNGBUK PROVINCIAL DEVELOPMENT23-10,장내,충북지역개발채권 23-10,KR2033022DA8,충청북도,Y,16,매우낮은위험(6등급),2026-08-21,,802.0,,2.5,국공채,지역개발,,N,active,N,Y,,,6,1,N
,3.723,,,,고정금리,복리채,지역개발채,공모,84433555000,,,,,4.1421,,,KRW,,,10634.56,1.6461,10634.56,9330.5,2023-05-31,3.998,0.0,99,100.0,2026-08-21,1,84307875000.0,2023-04-30,2028-04-30,3.723,4.1061,10635.62,1.6497,10635.62,KYUNGKI PROVINCIAL23-04,경기지역개발23-04,KR,KYUNGKI PROVINCIAL DEVELOPMENT23-04,장내,경기지역개발채권 23-04,KR2044022D48,경기도,Y,16,매우낮은위험(6등급),2026-08-21,,618.0,,2.5,국공채,지역개발,,N,active,N,Y,,,6,1,N
,4.256,,,,고정금리,복리채,지역개발채,공모,15973315000,,,,,23.7082,,,KRW,,,9108.95,4.4688,9108.95,9086.0,2026-04-30,4.039,0.0,99,100.0,2026-08-21,1,15893855000.0,2026-03-31,2031-03-31,4.256,23.6679,9109.99,4.4832,9109.99,CHUNNAM PROVINCIAL26-03,전남지역개발26-03,KR,CHUNNAM PROVINCIAL DEVELOPMENT26-03,장내,전남지역개발채권 26-03,KR2066022G30,전남광주통합특별시,Y,16,매우낮은위험(6등급),2026-08-21,,1683.0,,2.0,국공채,지역개발,,N,active,N,Y,,,6,1,N
,4.275,,,,고정금리,복리채,지역개발채,공모,14967740000,,,,,24.4856,,,KRW,,,9070.23,4.5476,9070.23,8959.0,2026-05-29,4.334,0.0,99,100.0,2026-08-21,1,14908585000.0,2026-04-30,2031-04-30,4.275,24.4481,9071.26,4.5623,9071.26,KYUNGBUK PROVINCIAL26-04,경북지역개발26-04,KR,KYUNGBUK PROVINCIAL DEVELOPMENT26-04,장내,경북지역개발채권 26-04,KR2077022G45,경상북도,Y,16,매우낮은위험(6등급),2026-08-21,,1713.0,,2.0,국공채,지역개발,,N,active,N,Y,,,6,1,N
,3.764,,,,고정금리,복리채,국민주택1종,공모,1167342090000,,,,,6.4481,,,KRW,,,9835.13,2.1355,9835.13,8820.0,2023-11-30,3.94,0.0,99,100.0,2026-08-21,1,1161255390000.0,2023-10-31,2028-10-31,3.764,6.4184,9836.14,2.1406,9836.14,KNHB (Ⅰ)23-10,국민주택1종23-10,KR,KOREA NATIONAL HOUSING BOND (Ⅰ)23-10,장내,국민주택1종채권 23-10,KR101501DDA1,대한민국,Y,16,매우낮은위험(6등급),2026-08-21,,802.0,,1.3,국공채,국민주택,,N,active,N,Y,,,6,1,N
,4.236,,,,고정금리,이표채,국고채권,공모,14205237600000,,,,,34.7138,,,KRW,,,10089.8,5.4645,10089.8,0.0,,0.0,0.0,99,100.0,2026-08-21,1,14060237600000.0,2022-12-10,2032-12-10,4.236,34.6857,10090.96,5.4722,10090.96,KTB04250-3212(22-14),국고04250-3212(22-14),KR,KOREA TREASURY BOND04250-3212(22-14),장내,국고채권 04250-3212(22-14),KR103502GCC8,대한민국,Y,16,매우낮은위험(6등급),2026-08-21,,2303.0,,4.25,국공채,국고채,,N,active,N,Y,,,6,1,N
,4.37,,,,고정금리,이표채,국고채권,공모,12393000000000,,,,,74.1426,,,KRW,,,9987.64,7.9136,9987.64,0.0,,0.0,0.0,99,100.0,2026-08-21,1,11539000000000.0,2026-06-10,2036-06-10,4.37,74.1074,9988.82,7.9261,9988.82,KTB04250-3606(26-6),국고04250-3606(26-6),KR,KOREA TREASURY BOND04250-3606(26-6),장내,국고채권 04250-3606(26-6),KR103503GG60,대한민국,Y,16,매우낮은위험(6등급),2026-08-21,,3581.0,,4.25,국공채,국고채,,N,active,N,Y,,,6,1,N
,3.892,,,,고정금리,복리채,도시철도공채,공모,5423540000,,,,,8.144,,,KRW,,,10272.91,2.454,10272.91,9524.0,2024-03-29,3.561,0.0,99,100.0,2026-08-21,1,5423540000.0,2024-02-29,2029-02-28,3.892,8.1032,10273.98,2.4607,10273.98,BUSAN SUBWAY24-02,부산도시철도24-02,KR,BUSAN SUBWAY24-02,장내,부산도시철도공채증권 24-02,KR2006014E20,부산광역시,Y,16,매우낮은위험(6등급),2026-08-21,,922.0,,2.5,국공채,도시철도,,N,active,N,Y,,,6,1,N
,4.183,,,,고정금리,복리채,도시철도공채,공모,4440040000,,,,,20.7278,,,KRW,,,9263.75,4.1492,9263.75,9333.0,2025-12-30,3.473,0.0,99,100.0,2026-08-21,1,4439525000.0,2025-11-30,2030-11-30,4.183,20.6904,9264.8,4.1621,9264.8,BUSAN SUBWAY25-11,부산도시철도25-11,KR,BUSAN SUBWAY25-11,장내,부산도시철도공채증권25-11,KR2006014FB1,부산광역시,Y,16,매우낮은위험(6등급),2026-08-21,,1562.0,,2.0,국공채,도시철도,,N,active,N,Y,,,6,1,N
,3.725,,,,고정금리,복리채,국민주택1종,공모,1126886100000,,,,,5.2889,,,KRW,,,9935.08,1.8899,9935.08,8799.0,2023-08-30,3.99,0.0,99,100.0,2026-08-21,1,1123513270000.0,2023-07-31,2028-07-31,3.725,5.2721,9936.06,1.8939,9936.06,KNHB (Ⅰ)23-07,국민주택1종23-07,KR,KOREA NATIONAL HOUSING BOND (Ⅰ)23-07,장내,국민주택1종채권 23-07,KR101501DD70,대한민국,Y,16,매우낮은위험(6등급),2026-08-21,,710.0,,1.3,국공채,국민주택,,N,active,N,Y,,,6,1,N
,3.903,,,,고정금리,복리채,국민주택1종,공모,1311498330000,,,,,10.7228,,,KRW,,,9530.1,2.8594,9530.1,9157.0,2024-08-30,3.151,0.0,99,100.0,2026-08-21,1,1307137620000.0,2024-07-31,2029-07-31,3.903,10.7028,9531.08,2.8667,9531.08,KNHB (Ⅰ)24-07,국민주택1종24-07,KR,KOREA NATIONAL HOUSING BOND (Ⅰ)24-07,장내,국민주택1종채권 24-07,KR101501DE79,대한민국,Y,16,매우낮은위험(6등급),2026-08-21,,1075.0,,1.3,국공채,국민주택,,N,active,N,Y,,,6,1,N
,3.824,,,,고정금리,이표채,국고채권,공모,13035000000000,,,,,7.0698,,,KRW,,,10006.02,2.401,10006.02,0.0,,0.0,0.0,99,100.0,2026-08-21,1,13672000000000.0,2024-03-10,2029-03-10,3.824,7.0564,10007.05,2.4029,10007.05,KTB03250-2903(24-1),국고03250-2903(24-1),KR,KOREA TREASURY BOND03250-2903(24-1),장내,국고채권 03250-2903(24-1),KR103501GE31,대한민국,Y,16,매우낮은위험(6등급),2026-08-21,,932.0,,3.25,국공채,국고채,,N,active,N,Y,,,6,1,N
,4.161,,,,고정금리,이표채,국고채권,공모,16533000000000,,,,,27.1233,,,KRW,,,9203.82,4.8973,9203.82,0.0,,0.0,0.0,99,100.0,2026-08-21,1,15969000000000.0,2021-12-10,2031-12-10,4.161,27.0974,9204.85,4.904,9204.85,KTB02375-3112(21-11),국고02375-3112(21-11),KR,KOREA TREASURY BOND02375-3112(21-11),장내,국고채권 02375-3112(21-11),KR103502GBC0,대한민국,Y,16,매우낮은위험(6등급),2026-08-21,,1937.0,,2.375,국공채,국고채,,N,active,N,Y,,,6,1,N
,4.366,,,,고정금리,이표채,국고채권,공모,17469000000000,,,,,71.1958,,,KRW,,,9217.2,7.8533,9217.2,0.0,,0.0,0.0,99,100.0,2026-08-21,1,17660000000000.0,2025-12-10,2035-12-10,4.366,71.1612,9218.28,7.8657,9218.28,KTB03250-3512(25-11),국고03250-3512(25-11),KR,KOREA TREASURY BOND03250-3512(25-11),장내,국고채권 03250-3512(25-11),KR103502GFC1,대한민국,Y,16,매우낮은위험(6등급),2026-08-21,,3398.0,,3.25,국공채,국고채,,N,active,N,Y,,,6,1,N
,4.362,,,,고정금리,복리채,도시철도공채,공모,47189940000,,,,,30.3546,,,KRW,,,9429.2,5.1126,9429.2,9430.0,2024-12-30,3.311,0.0,99,100.0,2026-08-21,1,47119260000.0,2024-11-30,2031-11-30,4.362,30.3157,9430.31,5.1295,9430.31,SEOUL SUBWAY24-11,서울도시철도24-11,KR,SEOUL METROPOLITAN CITY SUBWAY BOND24-11,장내,서울도시철도공채증권 24-11,KR2001024EB8,서울특별시,Y,16,매우낮은위험(6등급),2026-08-21,,1927.0,,2.5,국공채,도시철도,,N,active,N,Y,,,6,1,N
,3.501,,,,고정금리,복리채,지역개발채,공모,15225945000,,,,,1.9315,,,KRW,,,10169.88,1.0008,10169.88,8451.0,2022-09-30,4.584,0.0,99,100.0,2026-08-21,1,15195125000.0,2022-08-31,2027-08-31,3.501,1.9227,10170.86,1.0018,10170.86,CHUNGNAM PROVINCIAL22-08,충남지역개발22-08,KR,CHUNGNAM PROVINCIAL DEVELOPMENT22-08,장내,충남지역개발채권 22-08,KR2022022C86,충청남도,N,16,매우낮은위험(6등급),2026-08-21,,375.0,,1.05,국공채,지역개발,,N,active,N,Y,,,6,1,N
,3.64,,,,고정금리,복리채,지역개발채,공모,16832790000,,,,,3.193,,,KRW,,,10741.99,1.4099,10741.99,9302.0,2023-02-28,4.056,0.0,99,100.0,2026-08-21,1,16827020000.0,2023-01-31,2028-01-31,3.64,3.1526,10743.05,1.4128,10743.05,CHUNGBUK PROVINCIAL23-01,충북지역개발23-01,KR,CHUNGBUK PROVINCIAL DEVELOPMENT23-01,장내,충북지역개발채권 23-01,KR2033012D19,충청북도,Y,16,매우낮은위험(6등급),2026-08-21,,528.0,,2.5,국공채,지역개발,,N,active,N,Y,,,6,1,N
,3.585,,,,고정금리,복리채,국민주택1종,공모,1005785150000,,,,,3.4801,,,KRW,,,10108.07,1.4851,10108.07,9002.5,2023-03-31,3.51,0.0,99,100.0,2026-08-21,1,1000822120000.0,2023-02-28,2028-02-29,3.585,3.4393,10109.05,1.4883,10109.05,KNHB (Ⅰ)23-02,국민주택1종23-02,KR,KOREA NATIONAL HOUSING BOND (Ⅰ)23-02,장내,국민주택1종채권 23-02,KR101501DD21,대한민국,Y,16,매우낮은위험(6등급),2026-08-21,,557.0,,1.3,국공채,국민주택,,N,active,N,Y,,,6,1,N
,3.807,,,,고정금리,복리채,국민주택1종,공모,988065510000,,,,,8.1568,,,KRW,,,9705.53,2.4554,9705.53,9008.0,2024-03-29,3.494,0.0,99,100.0,2026-08-21,1,985062840000.0,2024-02-29,2029-02-28,3.807,8.1157,9706.52,2.4619,9706.52,KNHB (Ⅰ)24-02,국민주택1종24-02,KR,KOREA NATIONAL HOUSING BOND (Ⅰ)24-02,장내,국민주택1종채권 24-02,KR101501DE20,대한민국,Y,16,매우낮은위험(6등급),2026-08-21,,922.0,,1.3,국공채,국민주택,,N,active,N,Y,,,6,1,N
,3.959,,,,고정금리,복리채,국민주택1종,공모,1369998380000,,,,,14.6619,,,KRW,,,9301.44,3.4243,9301.44,9286.0,2025-03-31,2.86,0.0,99,100.0,2026-08-21,1,1366466520000.0,2025-02-28,2030-02-28,3.959,14.6205,9302.43,3.4343,9302.43,KNHB (Ⅰ)25-02,국민주택1종25-02,KR,KOREA NATIONAL HOUSING BOND (Ⅰ)25-02,장내,국민주택1종채권 25-02,KR101501DF29,대한민국,Y,16,매우낮은위험(6등급),2026-08-21,,1287.0,,1.3,국공채,국민주택,,N,active,N,Y,,,6,1,N
,4.019,,,,고정금리,이표채,국고채권,공모,24515000000000,,,,,15.1649,,,KRW,,,9102.42,3.648,9102.42,0.0,,0.0,0.0,99,100.0,2026-08-21,1,22867000000000.0,2020-06-10,2030-06-10,4.019,15.1427,9103.41,3.6522,9103.41,KTB01375-3006(20-4),국고01375-3006(20-4),KR,KOREA TREASURY BOND01375-3006(20-4),장내,국고채권 01375-3006(20-4),KR103502GA67,대한민국,Y,16,매우낮은위험(6등급),2026-08-21,,1389.0,,1.375,국공채,국고채,,N,active,N,Y,,,6,1,N
,4.144,,,,고정금리,이표채,국고채권,공모,18475000000000,,,,,22.8976,,,KRW,,,9113.46,4.5025,9113.46,0.0,,0.0,0.0,99,100.0,2026-08-21,1,17643000000000.0,2021-06-10,2031-06-10,4.144,22.8729,9114.48,4.5084,9114.48,KTB02000-3106(21-5),국고02000-3106(21-5),KR,KOREA TREASURY BOND02000-3106(21-5),장내,국고채권 02000-3106(21-5),KR103502GB66,대한민국,Y,16,매우낮은위험(6등급),2026-08-21,,1754.0,,2.0,국공채,국고채,,N,active,N,Y,,,6,1,N
,4.715,,,,고정금리,이표채,국고채권,공모,18460000000000,,,,,403.1408,,,KRW,,,7081.76,17.2048,7081.76,0.0,,0.0,0.0,99,100.0,2026-08-21,1,19790000000000.0,2024-09-10,2054-09-10,4.715,403.0952,7082.66,17.2372,7082.66,KTB02750-5409(24-8),국고02750-5409(24-8),KR,KOREA TREASURY BOND02750-5409(24-8),장내,국고채권 02750-5409(24-8),KR103502GE97,대한민국,Y,16,매우낮은위험(6등급),2026-08-21,,10247.0,,2.75,국공채,국고채,,N,active,N,Y,,,6,1,N
,4.332,,,,고정금리,이표채,국고채권,공모,11322000000000,,,,,66.773,,,KRW,,,8811.9,7.6722,8811.9,0.0,,0.0,0.0,99,100.0,2026-08-21,1,13497000000000.0,2025-06-10,2035-06-10,4.332,66.7393,8812.93,7.6842,8812.93,KTB02625-3506(25-5),국고02625-3506(25-5),KR,KOREA TREASURY BOND02625-3506(25-5),장내,국고채권 02625-3506(25-5),KR103502GF62,대한민국,Y,16,매우낮은위험(6등급),2026-08-21,,3215.0,,2.625,국공채,국고채,,N,active,N,Y,,,6,1,N
,3.828,,,,고정금리,복리채,도시철도공채,공모,7417160000,,,,,5.6803,,,KRW,,,10484.02,1.9708,10484.02,9126.0,2023-09-27,4.457,0.0,99,100.0,2026-08-21,1,7414325000.0,2023-08-31,2028-08-31,3.828,5.6679,10485.12,1.9751,10485.12,BUSAN SUBWAY23-08,부산도시철도23-08,KR,BUSAN SUBWAY23-08,장내,부산도시철도공채증권 23-08,KR2006024D86,부산광역시,Y,16,매우낮은위험(6등급),2026-08-21,,741.0,,2.5,국공채,도시철도,,N,active,N,Y,,,6,1,N
,4.256,,,,고정금리,복리채,지역개발채,공모,51781765000,,,,,23.7082,,,KRW,,,9108.95,4.4688,9108.95,9086.0,2026-04-30,4.039,0.0,99,100.0,2026-08-21,1,51555250000.0,2026-03-31,2031-03-31,4.256,23.6679,9109.99,4.4832,9109.99,KYUNGKI PROVINCIAL26-03,경기지역개발26-03,KR,KYUNGKI PROVINCIAL DEVELOPMENT26-03,장내,경기지역개발채권 26-03,KR2044022G37,경기도,Y,16,매우낮은위험(6등급),2026-08-21,,1683.0,,2.0,국공채,지역개발,,N,active,N,Y,,,6,1,N
,4.091,,,,고정금리,복리채,지역개발채,공모,21069075000,,,,,15.2679,,,KRW,,,9788.12,3.5034,9788.12,9950.0,2025-04-30,2.646,0.0,99,100.0,2026-08-21,1,20983565000.0,2025-03-31,2030-03-31,4.091,15.2271,9789.19,3.5139,9789.19,KYUNGBUK PROVINCIAL25-03,경북지역개발25-03,KR,KYUNGBUK PROVINCIAL DEVELOPMENT25-03,장내,경북지역개발채권 25-03,KR2077022F38,경상북도,Y,16,매우낮은위험(6등급),2026-08-21,,1318.0,,2.5,국공채,지역개발,,N,active,N,Y,,,6,1,N
,3.557,,,,고정금리,복리채,지역개발채,공모,6255365000,,,,,2.3767,,,KRW,,,10104.19,1.1643,10104.19,8512.0,2022-11-30,4.431,0.0,99,100.0,2026-08-21,1,6219425000.0,2022-10-31,2027-10-31,3.557,2.3489,10105.17,1.1662,10105.17,KYUNGNAM PROVINCIAL22-10,경남지역개발22-10,KR,KYUNGNAM PROVINCIAL DEVELOPMENT22-10,장내,경남지역개발채권 22-10,KR2088012CA5,경상남도,Y,16,매우낮은위험(6등급),2026-08-21,,436.0,,1.05,국공채,지역개발,,N,active,N,Y,,,6,1,N
,4.275,,,,고정금리,복리채,지역개발채,공모,1860890000,,,,,24.4856,,,KRW,,,9070.23,4.5476,9070.23,8959.0,2026-05-29,4.334,0.0,99,100.0,2026-08-21,1,1860890000.0,2026-04-30,2031-04-30,4.275,24.4481,9071.26,4.5623,9071.26,DAEGU PROVINCIAL26-04,대구지역개발26-04,KR,DAEGU PROVINCIAL DEVELOPMENT26-04,장내,대구지역개발채권 26-04,KR2007022G42,대구광역시,N,16,매우낮은위험(6등급),2026-08-21,,1713.0,,2.0,국공채,지역개발,,N,active,N,Y,,,6,1,N
,4.275,,,,고정금리,복리채,지역개발채,공모,13751370000,,,,,24.4856,,,KRW,,,9070.23,4.5476,9070.23,8959.0,2026-05-29,4.334,0.0,99,100.0,2026-08-21,1,13702910000.0,2026-04-30,2031-04-30,4.275,24.4481,9071.26,4.5623,9071.26,CHUNGNAM PROVINCIAL26-04,충남지역개발26-04,KR,CHUNGNAM PROVINCIAL DEVELOPMENT26-04,장내,충남지역개발채권 26-04,KR2022022G41,충청남도,Y,16,매우낮은위험(6등급),2026-08-21,,1713.0,,2.0,국공채,지역개발,,N,active,N,Y,,,6,1,N
,3.837,,,,고정금리,복리채,지역개발채,공모,2895935000,,,,,6.0435,,,KRW,,,10449.26,2.0513,10449.26,9016.0,2023-10-31,4.725,0.0,99,100.0,2026-08-21,1,2883785000.0,2023-09-30,2028-09-30,3.837,6.0217,10450.36,2.0561,10450.36,BUSAN PROVINCIAL23-09,부산지역개발23-09,KR,BUSAN PROVINCIAL DEVELOPMENT23-09,장내,부산지역개발채권 23-09,KR2006022D96,부산광역시,Y,16,매우낮은위험(6등급),2026-08-21,,771.0,,2.5,국공채,지역개발,,N,active,N,Y,,,6,1,N
,4.051,,,,고정금리,복리채,도시철도공채,공모,7455495000,,,,,11.7657,,,KRW,,,9998.72,3.019,9998.72,9655.0,2024-10-31,3.277,0.0,99,100.0,2026-08-21,1,7412005000.0,2024-09-30,2029-09-30,4.051,11.7405,9999.82,3.0272,9999.82,BUSAN SUBWAY24-09,부산도시철도24-09,KR,BUSAN SUBWAY24-09,장내,부산도시철도공채증권 24-09,KR2006024E93,부산광역시,Y,16,매우낮은위험(6등급),2026-08-21,,1136.0,,2.5,국공채,도시철도,,N,active,N,Y,,,6,1,N
,4.183,,,,고정금리,복리채,지역개발채,공모,16913330000,,,,,20.7278,,,KRW,,,9263.75,4.1492,9263.75,9333.0,2025-12-30,3.473,0.0,99,100.0,2026-08-21,1,16746470000.0,2025-11-30,2030-11-30,4.183,20.6904,9264.8,4.1621,9264.8,KYUNGBUK PROVINCIAL25-11,경북지역개발25-11,KR,KYUNGBUK PROVINCIAL DEVELOPMENT25-11,장내,경북지역개발채권 25-11,KR2077022FB8,경상북도,Y,16,매우낮은위험(6등급),2026-08-21,,1562.0,,2.0,국공채,지역개발,,N,active,N,Y,,,6,1,N
,4.542,,,,고정금리,이표채,일반회사채,공모,95000000000,,,,,4.5183,A0,2025-09-18,KRW,,,9745.79,1.9916,9745.79,0.0,,0.0,0.0,99,100.0,2026-08-21,1,95000000000.0,2025-09-18,2028-09-18,4.542,4.5082,9746.99,1.9915,9746.99,TAIHAN ELEC WIRE154-2,대한전선154-2,KR,TAIHAN ELECTRIC WIRE154-2,장내,대한전선154-2,KR6001443F92,대한전선(주),Y,14,보통위험(4등급),2026-08-21,,759.0,,2.99,회사채,일반사채,,N,active,N,Y,A,6,4,1,N
,3.745,,,,고정금리,복리채,국민주택1종,공모,1168375560000,,,,,5.6894,,,KRW,,,9900.62,1.972,9900.62,8668.0,2023-09-27,4.301,0.0,99,100.0,2026-08-21,1,1164234590000.0,2023-08-31,2028-08-31,3.745,5.677,9901.63,1.9761,9901.63,KNHB (Ⅰ)23-08,국민주택1종23-08,KR,KOREA NATIONAL HOUSING BOND (Ⅰ)23-08,장내,국민주택1종채권 23-08,KR101501DD88,대한민국,Y,16,매우낮은위험(6등급),2026-08-21,,741.0,,1.3,국공채,국민주택,,N,active,N,Y,,,6,1,N
,4.09,,,,고정금리,이표채,국고채권,공모,20195002000000,,,,,18.9802,,,KRW,,,9016.34,4.0994,9016.34,0.0,,0.0,0.0,99,100.0,2026-08-21,1,18028002000000.0,2020-12-10,2030-12-10,4.09,18.9567,9017.34,4.1045,9017.34,KTB01500-3012(20-9),국고01500-3012(20-9),KR,KOREA TREASURY BOND01500-3012(20-9),장내,국고채권 01500-3012(20-9),KR103502GAC2,대한민국,Y,16,매우낮은위험(6등급),2026-08-21,,1572.0,,1.5,국공채,국고채,,N,active,N,Y,,,6,1,N
,4.714,,,,고정금리,이표채,국고채권,공모,41974000000000,,,,,418.8496,,,KRW,,,6856.38,17.542,6856.38,0.0,,0.0,0.0,99,100.0,2026-08-21,1,38326000000000.0,2025-03-10,2055-03-10,4.714,418.7529,6857.26,17.5735,6857.26,KTB02625-5503(25-2),국고02625-5503(25-2),KR,KOREA TREASURY BOND02625-5503(25-2),장내,국고채권 02625-5503(25-2),KR103502GF39,대한민국,Y,16,매우낮은위험(6등급),2026-08-21,,10428.0,,2.625,국공채,국고채,,N,active,N,Y,,,6,1,N
,4.668,,,,고정금리,이표채,국고채권,공모,7332000000000,,,,,621.7848,,,KRW,,,7951.46,19.5894,7951.46,0.0,,0.0,0.0,99,100.0,2026-08-21,1,5058000000000.0,2022-09-10,2072-09-10,4.668,621.8449,7952.46,19.6281,7952.46,KTB03500-7209(22-12),국고03500-7209(22-12),KR,KOREA TREASURY BOND03500-7209(22-12),장내,국고채권 03500-7209(22-12),KR103505GC96,대한민국,Y,16,매우낮은위험(6등급),2026-08-21,,16822.0,,3.5,국공채,국고채,,N,active,N,Y,,,6,1,N
,4.349,,,,고정금리,복리채,도시철도공채,공모,49414030000,,,,,28.6379,,,KRW,,,9503.43,4.9501,9503.43,9345.0,2024-10-31,3.447,0.0,99,100.0,2026-08-21,1,49353375000.0,2024-09-30,2031-09-30,4.349,28.6082,9504.56,4.9661,9504.56,SEOUL SUBWAY24-09,서울도시철도24-09,KR,SEOUL METROPOLITAN CITY SUBWAY BOND24-09,장내,서울도시철도공채증권 24-09,KR2001024E94,서울특별시,Y,16,매우낮은위험(6등급),2026-08-21,,1866.0,,2.5,국공채,도시철도,,N,active,N,Y,,,6,1,N
,4.275,,,,고정금리,복리채,지역개발채,공모,11785090000,,,,,24.4856,,,KRW,,,9070.23,4.5476,9070.23,8959.0,2026-05-29,4.334,0.0,99,100.0,2026-08-21,1,11739020000.0,2026-04-30,2031-04-30,4.275,24.4481,9071.26,4.5623,9071.26,KANGWON PROVINCIAL26-04,강원지역개발26-04,KR,KANGWON PROVINCIAL DEVELOPMENT26-04,장내,강원지역개발채권 26-04,KR2002022G43,강원도,N,16,매우낮은위험(6등급),2026-08-21,,1713.0,,2.0,국공채,지역개발,,N,active,N,Y,,,6,1,N
,4.091,,,,고정금리,복리채,도시철도공채,공모,3171315000,,,,,15.2679,,,KRW,,,9788.12,3.5034,9788.12,9949.0,2025-04-30,2.648,0.0,99,100.0,2026-08-21,1,3028355000.0,2025-03-31,2030-03-31,4.091,15.2271,9789.19,3.5139,9789.19,DAEGU SUBWAY25-03,대구도시철도25-03,KR,DAEGU SUBWAY25-03,장내,대구도시철도공채증권 25-03,KR2007024F33,대구광역시,Y,16,매우낮은위험(6등급),2026-08-21,,1318.0,,2.5,국공채,도시철도,,N,active,N,Y,,,6,1,N
,3.878,,,,고정금리,복리채,지역개발채,공모,9869840000,,,,,7.7215,,,KRW,,,10306.47,2.3796,10306.47,9478.0,2024-02-29,3.662,0.0,99,100.0,2026-08-21,1,9833865000.0,2024-01-31,2029-01-31,3.878,7.6808,10307.55,2.386,10307.55,ULSAN PROVINCIAL24-01,울산지역개발24-01,KR,ULSAN PROVINCIAL DEVELOPMENT24-01,장내,울산지역개발채권 24-01,KR2008012E10,울산광역시,Y,16,매우낮은위험(6등급),2026-08-21,,894.0,,2.5,국공채,지역개발,,N,active,N,Y,,,6,1,N
,3.777,,,,고정금리,복리채,지역개발채,공모,20908040000,,,,,4.8797,,,KRW,,,10560.15,1.8072,10560.15,9250.0,2023-07-31,4.181,0.0,99,100.0,2026-08-21,1,20760200000.0,2023-06-30,2028-06-30,3.777,4.8549,10561.21,1.8112,10561.21,CHUNGBUK PROVINCIAL23-06,충북지역개발23-06,KR,CHUNGBUK PROVINCIAL DEVELOPMENT23-06,장내,충북지역개발채권 23-06,KR2033022D66,충청북도,Y,16,매우낮은위험(6등급),2026-08-21,,679.0,,2.5,국공채,지역개발,,N,active,N,Y,,,6,1,N
,4.025,,,,고정금리,복리채,지역개발채,공모,13827710000,,,,,10.6978,,,KRW,,,10073.08,2.8569,10073.08,9684.0,2024-08-30,3.213,0.0,99,100.0,2026-08-21,1,13804250000.0,2024-07-31,2029-07-31,4.025,10.6774,10074.14,2.8644,10074.14,CHUNGBUK PROVINCIAL24-07,충북지역개발24-07,KR,CHUNGBUK PROVINCIAL DEVELOPMENT24-07,장내,충북지역개발채권 24-07,KR2033022E73,충청북도,Y,16,매우낮은위험(6등급),2026-08-21,,1075.0,,2.5,국공채,지역개발,,N,active,N,Y,,,6,1,N
,4.237,,,,고정금리,복리채,지역개발채,공모,43160970000,,,,,22.9206,,,KRW,,,9148.82,4.3871,9148.82,9078.0,2026-03-31,4.06,0.0,99,100.0,2026-08-21,1,42947495000.0,2026-02-28,2031-02-28,4.237,22.8791,9149.86,4.4013,9149.86,KYUNGKI PROVINCIAL26-02,경기지역개발26-02,KR,KYUNGKI PROVINCIAL DEVELOPMENT26-02,장내,경기지역개발채권 26-02,KR2044022G29,경기도,Y,16,매우낮은위험(6등급),2026-08-21,,1652.0,,2.0,국공채,지역개발,,N,active,N,Y,,,6,1,N
,4.293,,,,고정금리,복리채,지역개발채,공모,39828775000,,,,,25.3051,,,KRW,,,9030.69,4.6289,9030.69,8977.0,2026-06-30,4.294,0.0,99,100.0,2026-08-21,1,39580005000.0,2026-05-31,2031-05-31,4.293,25.2707,9031.71,4.6439,9031.71,KYUNGKI PROVINCIAL26-05,경기지역개발26-05,KR,KYUNGKI PROVINCIAL DEVELOPMENT26-05,장내,경기지역개발채권 26-05,KR2044022G52,경기도,Y,16,매우낮은위험(6등급),2026-08-21,,1744.0,,2.0,국공채,지역개발,,N,active,N,Y,,,6,1,N
,4.12,,,,고정금리,복리채,지역개발채,공모,13780595000,,,,,17.9525,,,KRW,,,9648.54,3.8253,9648.54,9895.0,2025-08-29,2.76,0.0,99,100.0,2026-08-21,1,13665460000.0,2025-07-31,2030-07-31,4.12,17.9298,9649.59,3.8365,9649.59,CHUNNAM PROVINCIAL25-07,전남지역개발25-07,KR,CHUNNAM PROVINCIAL DEVELOPMENT25-07,장내,전남지역개발채권 25-07,KR2066022F72,전남광주통합특별시,Y,16,매우낮은위험(6등급),2026-08-21,,1440.0,,2.5,국공채,지역개발,,N,active,N,Y,,,6,1,N
,4.31,,,,고정금리,복리채,지역개발채,공모,21941195000,,,,,26.1137,,,KRW,,,8992.92,4.7075,8992.92,8952.0,2026-07-31,4.356,0.0,99,100.0,2026-08-21,1,21822730000.0,2026-06-30,2031-06-30,4.31,26.083,8993.95,4.7226,8993.95,KYUNGBUK PROVINCIAL26-06,경북지역개발26-06,KR,KYUNGBUK PROVINCIAL DEVELOPMENT26-06,장내,경북지역개발채권 26-06,KR2077022G60,경상북도,Y,16,매우낮은위험(6등급),2026-08-21,,1774.0,,2.0,국공채,지역개발,,N,active,N,Y,,,6,1,N
,3.483,,,,고정금리,복리채,국민주택1종,공모,909315380000,,,,,2.38,,,KRW,,,10087.87,1.165,10087.87,8630.0,2022-11-30,4.087,0.0,99,100.0,2026-08-21,1,889205510000.0,2022-10-31,2027-10-31,3.483,2.3521,10088.83,1.1668,10088.83,KNHB (Ⅰ)22-10,국민주택1종22-10,KR,KOREA NATIONAL HOUSING BOND (Ⅰ)22-10,장내,국민주택1종채권 22-10,KR101501DCA3,대한민국,Y,16,매우낮은위험(6등급),2026-08-21,,436.0,,1.0,국공채,국민주택,,N,active,N,Y,,,6,1,N
,3.794,,,,고정금리,복리채,국민주택1종,공모,1050115150000,,,,,7.7334,,,KRW,,,9736.4,2.381,9736.4,8965.0,2024-02-29,3.594,0.0,99,100.0,2026-08-21,1,1046171260000.0,2024-01-31,2029-01-31,3.794,7.6923,9737.39,2.3871,9737.39,KNHB (Ⅰ)24-01,국민주택1종24-01,KR,KOREA NATIONAL HOUSING BOND (Ⅰ)24-01,장내,국민주택1종채권 24-01,KR101501DE12,대한민국,Y,16,매우낮은위험(6등급),2026-08-21,,894.0,,1.3,국공채,국민주택,,N,active,N,Y,,,6,1,N
,3.726,,,,고정금리,이표채,일반회사채,공모,170000000000,,,,,0.3761,A+,2024-02-26,KRW,,,10125.02,0.5016,10125.02,0.0,,0.0,0.0,99,100.0,2026-08-21,1,170000000000.0,2024-02-26,2027-02-26,3.726,0.3733,10126.05,0.4999,10126.05,HANWHA250-2,한화250-2,KR,HANWHA250-2,장내,한화250-2,KR6000883E27,(주)한화,Y,14,보통위험(4등급),2026-08-21,,189.0,,4.224,회사채,일반사채,,N,active,N,Y,A+,5,4,1,N
,3.504,,,,고정금리,복리채,국민주택1종,공모,1049151460000,,,,,2.6279,,,KRW,,,10056.65,1.2453,10056.65,8643.0,2022-12-29,4.053,0.0,99,100.0,2026-08-21,1,1043120560000.0,2022-11-30,2027-11-30,3.504,2.5939,10057.6,1.2475,10057.6,KNHB (Ⅰ)22-11,국민주택1종22-11,KR,KOREA NATIONAL HOUSING BOND (Ⅰ)22-11,장내,국민주택1종채권 22-11,KR101501DCB1,대한민국,Y,16,매우낮은위험(6등급),2026-08-21,,466.0,,1.0,국공채,국민주택,,N,active,N,Y,,,6,1,N
,4.149,,,,고정금리,복리채,국민주택1종,공모,1262886630000,,,,,22.2526,,,KRW,,,8770.09,4.3154,8770.09,8886.0,2026-02-27,3.465,0.0,99,100.0,2026-08-21,1,1259977510000.0,2026-01-31,2031-01-31,4.149,22.212,8771.07,4.329,8771.07,KNHB (Ⅰ)26-01,국민주택1종26-01,KR,KOREA NATIONAL HOUSING BOND (Ⅰ)26-01,장내,국민주택1종채권 26-01,KR101501DG10,대한민국,Y,16,매우낮은위험(6등급),2026-08-21,,1624.0,,1.0,국공채,국민주택,,N,active,N,Y,,,6,1,N
,4.665,,,,고정금리,이표채,국고채권,공모,7198000000000,,,,,214.4171,,,KRW,,,7959.28,13.1536,7959.28,0.0,,0.0,0.0,99,100.0,2026-08-21,1,7201000000000.0,2024-09-10,2044-09-10,4.665,214.3541,7960.29,13.1767,7960.29,KTB02875-4409(24-10),국고02875-4409(24-10),KR,KOREA TREASURY BOND02875-4409(24-10),장내,국고채권 02875-4409(24-10),KR103504GE95,대한민국,Y,16,매우낮은위험(6등급),2026-08-21,,6595.0,,2.875,국공채,국고채,,N,active,N,Y,,,6,1,N
,4.237,,,,고정금리,복리채,도시철도공채,공모,39601790000,,,,,22.9205,,,KRW,,,9789.96,4.3871,9789.96,9166.0,2024-03-29,3.734,0.0,99,100.0,2026-08-21,1,39477490000.0,2024-02-29,2031-02-28,4.237,22.879,9791.08,4.4013,9791.08,SEOUL SUBWAY24-02,서울도시철도24-02,KR,SEOUL METROPOLITAN CITY SUBWAY BOND24-02,장내,서울도시철도공채증권 24-02,KR2001024E29,서울특별시,Y,16,매우낮은위험(6등급),2026-08-21,,1652.0,,2.5,국공채,도시철도,,N,active,N,Y,,,6,1,N
,4.822,,,,고정금리,이표채,할부금융채,공모,40000000000,,,,,0.823,A0,2026-06-10,KRW,,,9996.99,0.8627,9996.99,,,,0.0,99,100.0,2026-08-21,1,40000000000.0,2026-06-10,2027-07-09,4.822,0.8191,9998.28,0.8609,9998.28,KIC143-1,한국투자캐피탈143-1,KR,Korea Investment Capital143-1,장외,한국투자캐피탈143-1,KR6214342G68,한국투자캐피탈(주),Y,14,보통위험(4등급),2026-08-21,,322.0,,4.629,회사채,일반사채,,N,active,N,Y,A,6,4,1,N
,4.098,,,,고정금리,복리채,도시철도공채,공모,4760070000,,,,,15.9038,,,KRW,,,9753.6,3.5828,9753.6,9921.0,2025-05-30,2.707,0.0,99,100.0,2026-08-21,1,4760070000.0,2025-04-30,2030-04-30,4.098,15.8657,9754.66,3.5935,9754.66,BUSAN SUBWAY25-04,부산도시철도25-04,KR,BUSAN SUBWAY25-04,장내,부산도시철도공채증권 25-04,KR2006014F45,부산광역시,Y,16,매우낮은위험(6등급),2026-08-21,,1348.0,,2.5,국공채,도시철도,,N,active,N,Y,,,6,1,N
,4.293,,,,고정금리,복리채,도시철도공채,공모,3388200000,,,,,25.3051,,,KRW,,,9030.69,4.6289,9030.69,8978.0,2026-06-30,4.292,0.0,99,100.0,2026-08-21,1,3384290000.0,2026-05-31,2031-05-31,4.293,25.2707,9031.71,4.6439,9031.71,BUSAN SUBWAY26-05,부산도시철도26-05,KR,BUSAN SUBWAY26-05,장내,부산도시철도공채증권 26-05,KR2006014G51,부산광역시,Y,16,매우낮은위험(6등급),2026-08-21,,1744.0,,2.0,국공채,도시철도,,N,active,N,Y,,,6,1,N
,4.219,,,,고정금리,복리채,지역개발채,공모,50486640000,,,,,22.2233,,,KRW,,,9184.78,4.3133,9184.78,9274.0,2026-02-27,3.601,0.0,99,100.0,2026-08-21,1,50201605000.0,2026-01-31,2031-01-31,4.219,22.1816,9185.82,4.327,9185.82,KYUNGKI PROVINCIAL26-01,경기지역개발26-01,KR,KYUNGKI PROVINCIAL DEVELOPMENT26-01,장내,경기지역개발채권 26-01,KR2044022G11,경기도,Y,16,매우낮은위험(6등급),2026-08-21,,1624.0,,2.0,국공채,지역개발,,N,active,N,Y,,,6,1,N
,3.973,,,,고정금리,복리채,지역개발채,공모,68164040000,,,,,9.6294,,,KRW,,,10152.91,2.6967,10152.91,9583.0,2024-06-28,3.429,0.0,99,100.0,2026-08-21,1,67967640000.0,2024-05-31,2029-05-31,3.973,9.5969,10153.98,2.7041,10153.98,KYUNGKI PROVINCIAL24-05,경기지역개발24-05,KR,KYUNGKI PROVINCIAL DEVELOPMENT24-05,장내,경기지역개발채권 24-05,KR2044032E52,경기도,Y,16,매우낮은위험(6등급),2026-08-21,,1014.0,,2.5,국공채,지역개발,,N,active,N,Y,,,6,1,N
,3.557,,,,고정금리,복리채,지역개발채,공모,20945295000,,,,,2.3767,,,KRW,,,10104.19,1.1643,10104.19,8512.0,2022-11-30,4.431,0.0,99,100.0,2026-08-21,1,20877055000.0,2022-10-31,2027-10-31,3.557,2.3489,10105.17,1.1662,10105.17,KYUNGBUK PROVINCIAL22-10,경북지역개발22-10,KR,KYUNGBUK PROVINCIAL DEVELOPMENT22-10,장내,경북지역개발채권 22-10,KR2077012CA8,경상북도,Y,16,매우낮은위험(6등급),2026-08-21,,436.0,,1.05,국공채,지역개발,,N,active,N,Y,,,6,1,N
,4.683,,,,고정금리,이표채,할부금융채,공모,110000000000,,,,,0.4966,A0,2025-04-04,KRW,,,10024.34,0.5973,10024.34,,,,0.0,99,100.0,2026-08-21,1,110000000000.0,2025-04-04,2027-04-02,4.683,0.491,10025.61,0.596,10025.61,KIC126-3,한국투자캐피탈126-3,KR,Korea Investment Capital126-3,장외,한국투자캐피탈126-3,KR6214343F43,한국투자캐피탈(주),Y,14,보통위험(4등급),2026-08-21,,224.0,,4.184,회사채,일반사채,,N,active,N,Y,A,6,4,1,N
,2.829,,,,고정금리,복리채,국민주택1종,공모,1473772320000,,,,,0.0139,,,KRW,,,10501.85,0.0262,10501.85,9510.0,2021-09-30,2.053,0.0,99,100.0,2026-08-21,1,1470615400000.0,2021-08-31,2026-08-31,2.829,0.0087,10502.67,0.0244,10502.67,KNHB (Ⅰ)21-08,국민주택1종21-08,KR,KOREA NATIONAL HOUSING BOND (Ⅰ)21-08,장내,국민주택1종채권 21-08,KR101501DB80,대한민국,Y,16,매우낮은위험(6등급),2026-08-21,,10.0,,1.0,국공채,국민주택,,N,active,N,Y,,,6,1,N
,4.275,,,,고정금리,복리채,도시철도공채,공모,57403460000,,,,,24.4855,,,KRW,,,9705.86,4.5476,9705.86,9096.0,2024-05-31,3.852,0.0,99,100.0,2026-08-21,1,57284920000.0,2024-04-30,2031-04-30,4.275,24.4479,9706.97,4.5623,9706.97,SEOUL SUBWAY24-04,서울도시철도24-04,KR,SEOUL METROPOLITAN CITY SUBWAY BOND24-04,장내,서울도시철도공채증권 24-04,KR2001024E45,서울특별시,Y,16,매우낮은위험(6등급),2026-08-21,,1713.0,,2.5,국공채,도시철도,,N,active,N,Y,,,6,1,N
,4.409,,,,고정금리,복리채,도시철도공채,공모,45278440000,,,,,35.8516,,,KRW,,,9206.82,5.5935,9206.82,9640.0,2025-06-30,2.982,0.0,99,100.0,2026-08-21,1,45180730000.0,2025-05-31,2032-05-31,4.409,35.818,9207.89,5.6125,9207.89,SEOUL SUBWAY25-05,서울도시철도25-05,KR,SEOUL METROPOLITAN CITY SUBWAY BOND25-05,장내,서울도시철도공채증권 25-05,KR2001024F51,서울특별시,Y,16,매우낮은위험(6등급),2026-08-21,,2110.0,,2.5,국공채,도시철도,,N,active,N,Y,,,6,1,N
,4.45,,,,고정금리,복리채,도시철도공채,공모,48853095000,,,,,46.0339,,,KRW,,,8577.83,6.3988,8577.83,8684.0,2026-04-30,4.063,0.0,99,100.0,2026-08-21,1,48769800000.0,2026-03-31,2033-03-31,4.45,45.9922,8578.85,6.4209,8578.85,SEOUL SUBWAY26-03,서울도시철도26-03,KR,SEOUL METROPOLITAN CITY SUBWAY BOND26-03,장내,서울도시철도공채증권 26-03,KR2001024G35,서울특별시,Y,16,매우낮은위험(6등급),2026-08-21,,2414.0,,2.0,국공채,도시철도,,N,active,N,Y,,,6,1,N
,3.528,,,,고정금리,복리채,지역개발채,공모,15717620000,,,,,2.1407,,,KRW,,,10137.76,1.0813,10137.76,8330.0,2022-10-31,4.894,0.0,99,100.0,2026-08-21,1,15645505000.0,2022-09-30,2027-09-30,3.528,2.1214,10138.74,1.0827,10138.74,KANGWON PROVINCIAL22-09,강원지역개발22-09,KR,KANGWON PROVINCIAL DEVELOPMENT22-09,장내,강원지역개발채권 22-09,KR2002012C98,강원도,Y,16,매우낮은위험(6등급),2026-08-21,,405.0,,1.05,국공채,지역개발,,N,active,N,Y,,,6,1,N
,3.64,,,,고정금리,복리채,도시철도공채,공모,8806825000,,,,,3.193,,,KRW,,,10741.99,1.4099,10741.99,9307.0,2023-02-28,4.044,0.0,99,100.0,2026-08-21,1,8806825000.0,2023-01-31,2028-01-31,3.64,3.1526,10743.05,1.4128,10743.05,BUSAN SUBWAY23-01,부산도시철도23-01,KR,BUSAN SUBWAY23-01,장내,부산도시철도공채증권 23-01,KR2006024D11,부산광역시,Y,16,매우낮은위험(6등급),2026-08-21,,528.0,,2.5,국공채,도시철도,,N,active,N,Y,,,6,1,N
,3.858,,,,고정금리,복리채,도시철도공채,공모,2414445000,,,,,6.8382,,,KRW,,,10378.27,2.2144,10378.27,9493.0,2023-12-28,3.627,0.0,99,100.0,2026-08-21,1,2414445000.0,2023-11-30,2028-11-30,3.858,6.8033,10379.36,2.2201,10379.36,DAEGU SUBWAY23-11,대구도시철도23-11,KR,DAEGU SUBWAY23-11,장내,대구도시철도공채증권 23-11,KR2007024DB4,대구광역시,Y,16,매우낮은위험(6등급),2026-08-21,,832.0,,2.5,국공채,도시철도,,N,active,N,Y,,,6,1,N
,3.612,,,,고정금리,복리채,지역개발채,공모,14578015000,,,,,2.8988,,,KRW,,,10037.51,1.3273,10037.51,8834.0,2023-01-31,3.648,0.0,99,100.0,2026-08-21,1,14455250000.0,2022-12-31,2027-12-31,3.612,2.8607,10038.5,1.3299,10038.5,ULSAN PROVINCIAL22-12,울산지역개발22-12,KR,ULSAN PROVINCIAL DEVELOPMENT22-12,장내,울산지역개발채권 22-12,KR2008012CC8,울산광역시,N,16,매우낮은위험(6등급),2026-08-21,,497.0,,1.05,국공채,지역개발,,N,active,N,Y,,,6,1,N
,3.695,,,,고정금리,복리채,지역개발채,공모,91980250000,,,,,3.8051,,,KRW,,,10671.0,1.5666,10671.0,9468.0,2023-04-28,3.683,0.0,99,100.0,2026-08-21,1,91518590000.0,2023-03-31,2028-03-31,3.695,3.7658,10672.05,1.5701,10672.05,KYUNGKI PROVINCIAL23-03,경기지역개발23-03,KR,KYUNGKI PROVINCIAL DEVELOPMENT23-03,장내,경기지역개발채권 23-03,KR2044022D30,경기도,Y,16,매우낮은위험(6등급),2026-08-21,,588.0,,2.5,국공채,지역개발,,N,active,N,Y,,,6,1,N
,3.847,,,,고정금리,복리채,지역개발채,공모,67579255000,,,,,6.4381,,,KRW,,,10413.31,2.1343,10413.31,9327.0,2023-11-30,4.003,0.0,99,100.0,2026-08-21,1,67434235000.0,2023-10-31,2028-10-31,3.847,6.4085,10414.39,2.1395,10414.39,KYUNGKI PROVINCIAL23-10,경기지역개발23-10,KR,KYUNGKI PROVINCIAL DEVELOPMENT23-10,장내,경기지역개발채권 23-10,KR2044022DA5,경기도,Y,16,매우낮은위험(6등급),2026-08-21,,802.0,,2.5,국공채,지역개발,,N,active,N,Y,,,6,1,N
,4.084,,,,고정금리,복리채,지역개발채,공모,15054240000,,,,,14.6277,,,KRW,,,9823.67,3.4213,9823.67,9803.0,2025-03-31,2.958,0.0,99,100.0,2026-08-21,1,14943180000.0,2025-02-28,2030-02-28,4.084,14.5857,9824.75,3.4315,9824.75,KYUNGBUK PROVINCIAL25-02,경북지역개발25-02,KR,KYUNGBUK PROVINCIAL DEVELOPMENT25-02,장내,경북지역개발채권 25-02,KR2077022F20,경상북도,Y,16,매우낮은위험(6등급),2026-08-21,,1287.0,,2.5,국공채,지역개발,,N,active,N,Y,,,6,1,N
,4.291,,,,고정금리,이표채,일반특수법인채,공모,120000000000,,,,,16.4334,AAA,2020-08-13,KRW,,,9001.34,3.8053,9001.34,0.0,,0.0,0.0,99,100.0,2026-08-21,1,120000000000.0,2020-08-13,2030-08-13,4.291,16.4163,9002.37,3.8101,9002.37,KR348,국가철도공단채권348,KR,KOREA NATIONAL RAILWAY BOND348,장내,국가철도공단채권 348,KR352701GA85,국가철도공단,N,16,매우낮은위험(6등급),2026-08-21,,1453.0,,1.525,특수채,공사채,,N,active,N,Y,AAA,1,6,1,N
,4.539,,,,고정금리,이표채,국고채권,공모,11577000000000,,,,,163.3341,,,KRW,,,6934.1,12.0406,6934.1,0.0,,0.0,0.0,99,100.0,2026-08-21,1,10838000000000.0,2020-09-10,2040-09-10,4.539,163.2828,6934.96,12.0612,6934.96,KTB01500-4009(20-7),국고01500-4009(20-7),KR,KOREA TREASURY BOND01500-4009(20-7),장내,국고채권01500-4009(20-7),KR103502GA91,대한민국,Y,16,매우낮은위험(6등급),2026-08-21,,5134.0,,1.5,국공채,국고채,,N,active,N,Y,,,6,1,N
,4.046,,,,고정금리,복리채,국민주택1종,공모,1349263680000,,,,,19.3616,,,KRW,,,8928.52,3.9899,8928.52,9089.0,2025-10-31,2.998,0.0,99,100.0,2026-08-21,1,1345744840000.0,2025-09-30,2030-09-30,4.046,19.3355,8929.5,4.0016,8929.5,KNHB (Ⅰ)25-09,국민주택1종25-09,KR,KOREA NATIONAL HOUSING BOND (Ⅰ)25-09,장내,국민주택1종채권 25-09,KR101501DF94,대한민국,Y,16,매우낮은위험(6등급),2026-08-21,,1501.0,,1.0,국공채,국민주택,,N,active,N,Y,,,6,1,N
,4.739,,,,고정금리,이표채,국고채권,공모,50049000000000,,,,,380.1064,,,KRW,,,5953.03,17.3949,5953.03,0.0,,0.0,0.0,99,100.0,2026-08-21,1,46499000000000.0,2021-03-10,2051-03-10,4.739,380.045,5953.8,17.4273,5953.8,KTB01875-5103(21-2),국고01875-5103(21-2),KR,KOREA TREASURY BOND01875-5103(21-2),장내,국고채권 01875-5103(21-2),KR103502GB33,대한민국,Y,16,매우낮은위험(6등급),2026-08-21,,8967.0,,1.875,국공채,국고채,,N,active,N,Y,,,6,1,N
,4.078,,,,고정금리,복리채,도시철도공채,공모,64808875000,,,,,14.0645,,,KRW,,,10291.42,3.3469,10291.42,8930.0,2023-02-28,4.124,0.0,99,100.0,2026-08-21,1,64747375000.0,2023-01-31,2030-01-31,4.078,14.0226,10292.55,3.3569,10292.55,SEOUL SUBWAY23-01,서울도시철도23-01,KR,SEOUL METROPOLITAN CITY SUBWAY BOND23-01,장내,서울도시철도공채증권 23-01,KR2001024D12,서울특별시,Y,16,매우낮은위험(6등급),2026-08-21,,1259.0,,2.5,국공채,도시철도,,N,active,N,Y,,,6,1,N
,4.201,,,,고정금리,복리채,도시철도공채,공모,61254590000,,,,,21.467,,,KRW,,,9870.8,4.2313,9870.8,9152.0,2024-01-31,3.76,0.0,99,100.0,2026-08-21,1,61186965000.0,2023-12-31,2030-12-31,4.201,21.4266,9871.92,4.2447,9871.92,SEOUL SUBWAY23-12,서울도시철도23-12,KR,SEOUL METROPOLITAN CITY SUBWAY BOND23-12,장내,서울도시철도공채증권 23-12,KR2001024DC8,서울특별시,Y,16,매우낮은위험(6등급),2026-08-21,,1593.0,,2.5,국공채,도시철도,,N,active,N,Y,,,6,1,N
,4.429,,,,고정금리,복리채,도시철도공채,공모,40174955000,,,,,38.8262,,,KRW,,,9097.7,5.8351,9097.7,9551.0,2025-09-30,3.12,0.0,99,100.0,2026-08-21,1,40120570000.0,2025-08-31,2032-08-31,4.429,38.8026,9098.8,5.8547,9098.8,SEOUL SUBWAY25-08,서울도시철도25-08,KR,SEOUL METROPOLITAN CITY SUBWAY BOND25-08,장내,서울도시철도공채증권 25-08,KR2001024F85,서울특별시,Y,16,매우낮은위험(6등급),2026-08-21,,2202.0,,2.5,국공채,도시철도,,N,active,N,Y,,,6,1,N
,4.442,,,,고정금리,복리채,도시철도공채,공모,68733740000,,,,,42.8805,,,KRW,,,8674.43,6.1604,8674.43,8865.0,2026-01-30,3.754,0.0,99,100.0,2026-08-21,1,68615020000.0,2025-12-31,2032-12-31,4.442,42.8403,8675.47,6.1817,8675.47,SEOUL SUBWAY25-12,서울도시철도25-12,KR,SEOUL METROPOLITAN CITY SUBWAY BOND25-12,장내,서울도시철도공채증권 25-12,KR2001024FC3,서울특별시,Y,16,매우낮은위험(6등급),2026-08-21,,2324.0,,2.0,국공채,도시철도,,N,active,N,Y,,,6,1,N
,4.447,,,,고정금리,복리채,도시철도공채,공모,39173805000,,,,,44.9334,,,KRW,,,8611.26,6.3168,8611.26,8660.0,2026-03-31,4.107,0.0,99,100.0,2026-08-21,1,39123165000.0,2026-02-28,2033-02-28,4.447,44.891,8612.29,6.3387,8612.29,SEOUL SUBWAY26-02,서울도시철도26-02,KR,SEOUL METROPOLITAN CITY SUBWAY BOND26-02,장내,서울도시철도공채증권 26-02,KR2001024G27,서울특별시,Y,16,매우낮은위험(6등급),2026-08-21,,2383.0,,2.0,국공채,도시철도,,N,active,N,Y,,,6,1,N
,3.528,,,,고정금리,복리채,지역개발채,공모,13108900000,,,,,2.1407,,,KRW,,,10137.76,1.0813,10137.76,8330.0,2022-10-31,4.894,0.0,99,100.0,2026-08-21,1,13100960000.0,2022-09-30,2027-09-30,3.528,2.1214,10138.74,1.0827,10138.74,INCHEON PROVINCIAL22-09,인천지역개발22-09,KR,INCHEON PROVINCIAL DEVELOPMENT22-09,장내,인천지역개발채권 22-09,KR2004012C94,인천광역시,Y,16,매우낮은위험(6등급),2026-08-21,,405.0,,1.05,국공채,지역개발,,N,active,N,Y,,,6,1,N
,4.31,,,,고정금리,복리채,도시철도공채,공모,4973215000,,,,,26.1137,,,KRW,,,8992.92,4.7075,8992.92,8952.0,2026-07-31,4.356,0.0,99,100.0,2026-08-21,1,4878610000.0,2026-06-30,2031-06-30,4.31,26.083,8993.95,4.7226,8993.95,BUSAN SUBWAY26-06,부산도시철도26-06,KR,BUSAN SUBWAY26-06,장내,부산도시철도공채증권 26-06,KR2006014G69,부산광역시,Y,16,매우낮은위험(6등급),2026-08-21,,1774.0,,2.0,국공채,도시철도,,N,active,N,Y,,,6,1,N
,3.336,,,,고정금리,복리채,지역개발채,공모,14848490000,,,,,1.0,,,KRW,,,10298.82,0.6746,10298.82,8970.0,2022-05-31,3.327,0.0,99,100.0,2026-08-21,1,14788790000.0,2022-04-30,2027-04-30,3.336,0.9648,10299.74,0.675,10299.74,CHUNGNAM PROVINCIAL22-04,충남지역개발22-04,KR,CHUNGNAM PROVINCIAL DEVELOPMENT22-04,장내,충남지역개발채권 22-04,KR2022022C45,충청남도,Y,16,매우낮은위험(6등급),2026-08-21,,252.0,,1.05,국공채,지역개발,,N,active,N,Y,,,6,1,N
,3.427,,,,고정금리,복리채,지역개발채,공모,107902735000,,,,,1.4363,,,KRW,,,10235.21,0.8365,10235.21,8943.0,2022-07-29,3.386,0.0,99,100.0,2026-08-21,1,107702430000.0,2022-06-30,2027-06-30,3.427,1.4135,10236.15,0.8372,10236.15,KYUNGKI PROVINCIAL22-06,경기지역개발22-06,KR,KYUNGKI PROVINCIAL DEVELOPMENT22-06,장내,경기지역개발채권 22-06,KR2044022C64,경기도,Y,16,매우낮은위험(6등급),2026-08-21,,313.0,,1.05,국공채,지역개발,,N,active,N,Y,,,6,1,N
,3.805,,,,고정금리,복리채,지역개발채,공모,74915945000,,,,,5.2808,,,KRW,,,10521.82,1.8888,10521.82,9225.0,2023-08-31,4.238,0.0,99,100.0,2026-08-21,1,74855010000.0,2023-07-31,2028-07-31,3.805,5.264,10522.88,1.8929,10522.88,KYUNGKI PROVINCIAL23-07,경기지역개발23-07,KR,KYUNGKI PROVINCIAL DEVELOPMENT23-07,장내,경기지역개발채권 23-07,KR2044022D71,경기도,Y,16,매우낮은위험(6등급),2026-08-21,,710.0,,2.5,국공채,지역개발,,N,active,N,Y,,,6,1,N
,3.805,,,,고정금리,복리채,지역개발채,공모,12612490000,,,,,5.2808,,,KRW,,,10521.82,1.8888,10521.82,9232.0,2023-08-31,4.222,0.0,99,100.0,2026-08-21,1,12523340000.0,2023-07-31,2028-07-31,3.805,5.264,10522.88,1.8929,10522.88,CHUNNAM PROVINCIAL23-07,전남지역개발23-07,KR,CHUNNAM PROVINCIAL DEVELOPMENT23-07,장내,전남지역개발채권 23-07,KR2066022D74,전남광주통합특별시,Y,16,매우낮은위험(6등급),2026-08-21,,710.0,,2.5,국공채,지역개발,,N,active,N,Y,,,6,1,N
,4.273,,,,고정금리,이표채,일반특수법인채,공모,190000000000,,,,,11.919,AAA,2019-12-30,KRW,,,9271.75,3.2075,9271.75,0.0,,0.0,0.0,99,100.0,2026-08-21,1,190000000000.0,2019-12-30,2029-12-30,4.273,11.8995,9272.82,3.2113,9272.82,KEPCO1013,한국전력1013,KR,KOREA ELECTRIC POWER CORPCORPORATION1013,장내,한국전력공사채권1013,KR350106G9C5,한국전력공사(주),Y,16,매우낮은위험(6등급),2026-08-21,,1227.0,,1.84,특수채,공사채,,N,active,N,Y,AAA,1,6,1,N
,3.957,,,,고정금리,복리채,국민주택1종,공모,966456740000,,,,,14.0963,,,KRW,,,9329.82,3.3498,9329.82,9286.0,2025-02-28,2.855,0.0,99,100.0,2026-08-21,1,963206180000.0,2025-01-31,2030-01-31,3.957,14.0546,9330.82,3.3595,9330.82,KNHB (Ⅰ)25-01,국민주택1종25-01,KR,KOREA NATIONAL HOUSING BOND (Ⅰ)25-01,장내,국민주택1종채권 25-01,KR101501DF11,대한민국,Y,16,매우낮은위험(6등급),2026-08-21,,1259.0,,1.3,국공채,국민주택,,N,active,N,Y,,,6,1,N
,4.125,,,,고정금리,복리채,국민주택1종,공모,1428024220000,,,,,21.4976,,,KRW,,,8809.41,4.2336,8809.41,8822.0,2026-01-30,3.623,0.0,99,100.0,2026-08-21,1,1411015570000.0,2025-12-31,2030-12-31,4.125,21.4586,8810.39,4.2468,8810.39,KNHB (Ⅰ)25-12,국민주택1종25-12,KR,KOREA NATIONAL HOUSING BOND (Ⅰ)25-12,장내,국민주택1종채권 25-12,KR101501DFC2,대한민국,Y,16,매우낮은위험(6등급),2026-08-21,,1593.0,,1.0,국공채,국민주택,,N,active,N,Y,,,6,1,N
,4.32,,,,고정금리,복리채,국민주택1종,공모,779609260000,,,,,27.8308,,,KRW,,,8496.71,4.8708,8496.71,0.0,,0.0,0.0,99,100.0,2026-08-21,1,778882570000.0,2026-08-31,2031-08-31,4.32,27.8082,8497.72,4.8862,8497.72,KNHB (Ⅰ)26-08,국민주택1종26-08,KR,KOREA NATIONAL HOUSING BOND (Ⅰ)26-08,장내,국민주택1종채권 26-08,KR101501DG85,대한민국,Y,16,매우낮은위험(6등급),2026-08-21,,1836.0,,1.0,국공채,국민주택,,N,active,N,Y,,,6,1,N
,4.291,,,,고정금리,이표채,국고채권,공모,13753270000000,,,,,45.0655,,,KRW,,,9976.95,6.2238,9976.95,0.0,,0.0,0.0,99,100.0,2026-08-21,1,13938720000000.0,2023-12-10,2033-12-10,4.291,45.0358,9978.1,6.2331,9978.1,KTB04125-3312(23-11),국고04125-3312(23-11),KR,KOREA TREASURY BOND04125-3312(23-11),장내,국고채권 04125-3312(23-11),KR103502GDC6,대한민국,Y,16,매우낮은위험(6등급),2026-08-21,,2668.0,,4.125,국공채,국고채,,N,active,N,Y,,,6,1,N
,4.113,,,,고정금리,복리채,도시철도공채,공모,67989290000,,,,,17.2456,,,KRW,,,10111.62,3.7437,10111.62,8911.0,2023-07-31,4.161,0.0,99,100.0,2026-08-21,1,67879025000.0,2023-06-30,2030-06-30,4.113,17.2166,10112.72,3.7548,10112.72,SEOUL SUBWAY23-06,서울도시철도23-06,KR,SEOUL METROPOLITAN CITY SUBWAY BOND23-06,장내,서울도시철도공채증권 23-06,KR2001024D61,서울특별시,Y,16,매우낮은위험(6등급),2026-08-21,,1409.0,,2.5,국공채,도시철도,,N,active,N,Y,,,6,1,N
,4.31,,,,고정금리,복리채,도시철도공채,공모,50098710000,,,,,26.1136,,,KRW,,,9623.13,4.7075,9623.13,9406.0,2024-07-31,3.35,0.0,99,100.0,2026-08-21,1,49313870000.0,2024-06-30,2031-06-30,4.31,26.0828,9624.23,4.7226,9624.23,SEOUL SUBWAY24-06,서울도시철도24-06,KR,SEOUL METROPOLITAN CITY SUBWAY BOND24-06,장내,서울도시철도공채증권 24-06,KR2001024E60,서울특별시,Y,16,매우낮은위험(6등급),2026-08-21,,1774.0,,2.5,국공채,도시철도,,N,active,N,Y,,,6,1,N
,3.39,,,,고정금리,복리채,지역개발채,공모,16661720000,,,,,1.2125,,,KRW,,,10266.15,0.7569,10266.15,8723.0,2022-06-30,3.913,0.0,99,100.0,2026-08-21,1,16569640000.0,2022-05-31,2027-05-31,3.39,1.1828,10267.08,0.7575,10267.08,KANGWON PROVINCIAL22-05,강원지역개발22-05,KR,KANGWON PROVINCIAL DEVELOPMENT22-05,장내,강원지역개발채권 22-05,KR2002012C56,강원도,Y,16,매우낮은위험(6등급),2026-08-21,,283.0,,1.05,국공채,지역개발,,N,active,N,Y,,,6,1,N
,3.92,,,,고정금리,복리채,도시철도공채,공모,7512600000,,,,,8.6272,,,KRW,,,10232.58,2.5359,10232.58,9415.0,2024-04-30,3.805,0.0,99,100.0,2026-08-21,1,7475185000.0,2024-03-31,2029-03-31,3.92,8.5877,10233.65,2.5429,10233.65,BUSAN SUBWAY24-03,부산도시철도24-03,KR,BUSAN SUBWAY24-03,장내,부산도시철도공채증권 24-03,KR2006014E38,부산광역시,Y,16,매우낮은위험(6등급),2026-08-21,,953.0,,2.5,국공채,도시철도,,N,active,N,Y,,,6,1,N
,4.084,,,,고정금리,복리채,도시철도공채,공모,3533130000,,,,,14.6277,,,KRW,,,9823.67,3.4213,9823.67,9803.0,2025-03-31,2.958,0.0,99,100.0,2026-08-21,1,3520195000.0,2025-02-28,2030-02-28,4.084,14.5857,9824.75,3.4315,9824.75,BUSAN SUBWAY25-02,부산도시철도25-02,KR,BUSAN SUBWAY25-02,장내,부산도시철도공채증권 25-02,KR2006014F29,부산광역시,Y,16,매우낮은위험(6등급),2026-08-21,,1287.0,,2.5,국공채,도시철도,,N,active,N,Y,,,6,1,N
,3.336,,,,고정금리,복리채,지역개발채,공모,15155230000,,,,,1.0,,,KRW,,,10298.82,0.6746,10298.82,8970.0,2022-05-31,3.327,0.0,99,100.0,2026-08-21,1,15114410000.0,2022-04-30,2027-04-30,3.336,0.9648,10299.74,0.675,10299.74,CHUNGBUK PROVINCIAL22-04,충북지역개발22-04,KR,CHUNGBUK PROVINCIAL DEVELOPMENT22-04,장내,충북지역개발채권 22-04,KR2033022C42,충청북도,Y,16,매우낮은위험(6등급),2026-08-21,,252.0,,1.05,국공채,지역개발,,N,active,N,Y,,,6,1,N
,3.336,,,,고정금리,복리채,지역개발채,공모,102752295000,,,,,1.0,,,KRW,,,10298.82,0.6746,10298.82,8970.0,2022-05-31,3.327,0.0,99,100.0,2026-08-21,1,102457375000.0,2022-04-30,2027-04-30,3.336,0.9648,10299.74,0.675,10299.74,KYUNGKI PROVINCIAL22-04,경기지역개발22-04,KR,KYUNGKI PROVINCIAL DEVELOPMENT22-04,장내,경기지역개발채권 22-04,KR2044022C49,경기도,Y,16,매우낮은위험(6등급),2026-08-21,,252.0,,1.05,국공채,지역개발,,N,active,N,Y,,,6,1,N
,4.201,,,,고정금리,복리채,지역개발채,공모,34616865000,,,,,21.467,,,KRW,,,9224.26,4.2313,9224.26,9247.0,2026-01-30,3.668,0.0,99,100.0,2026-08-21,1,34438910000.0,2025-12-31,2030-12-31,4.201,21.4266,9225.31,4.2447,9225.31,KYUNGBUK PROVINCIAL25-12,경북지역개발25-12,KR,KYUNGBUK PROVINCIAL DEVELOPMENT25-12,장내,경북지역개발채권 25-12,KR2077022FC6,경상북도,Y,16,매우낮은위험(6등급),2026-08-21,,1593.0,,2.0,국공채,지역개발,,N,active,N,Y,,,6,1,N
,3.536,,,,고정금리,복리채,국민주택1종,공모,1234397420000,,,,,2.9028,,,KRW,,,10172.5,1.328,10172.5,9006.0,2023-01-31,3.502,0.0,99,100.0,2026-08-21,1,1229158480000.0,2022-12-31,2027-12-31,3.536,2.8645,10173.48,1.3305,10173.48,KNHB (Ⅰ)22-12,국민주택1종22-12,KR,KOREA NATIONAL HOUSING BOND (Ⅰ)22-12,장내,국민주택1종채권 22-12,KR101501DCC9,대한민국,Y,16,매우낮은위험(6등급),2026-08-21,,497.0,,1.3,국공채,국민주택,,N,active,N,Y,,,6,1,N
,3.949,,,,고정금리,복리채,국민주택1종,공모,1138962330000,,,,,13.4887,,,KRW,,,9363.01,3.2673,9363.01,9276.0,2025-01-31,2.882,0.0,99,100.0,2026-08-21,1,1133628530000.0,2024-12-31,2029-12-31,3.949,13.4489,9364.01,3.2767,9364.01,KNHB (Ⅰ)24-12,국민주택1종24-12,KR,KOREA NATIONAL HOUSING BOND (Ⅰ)24-12,장내,국민주택1종채권 24-12,KR101501DEC5,대한민국,Y,16,매우낮은위험(6등급),2026-08-21,,1228.0,,1.3,국공채,국민주택,,N,active,N,Y,,,6,1,N
,4.107,,,,고정금리,이표채,국고채권,공모,18253000000000,,,,,19.8501,,,KRW,,,9848.79,4.1259,9848.79,0.0,,0.0,0.0,99,100.0,2026-08-21,1,19132000000000.0,2026-03-10,2031-03-10,4.107,19.8305,9849.88,4.131,9849.88,KTB03375-3103(26-3),국고03375-3103(26-3),KR,KOREA TREASURY BOND03375-3103(26-3),장내,국고채권 03375-3103(26-3),KR103503GG37,대한민국,Y,16,매우낮은위험(6등급),2026-08-21,,1662.0,,3.375,국공채,국고채,,N,active,N,Y,,,6,1,N
,4.147,,,,고정금리,복리채,도시철도공채,공모,50034125000,,,,,19.3242,,,KRW,,,9996.04,3.9871,9996.04,8583.0,2023-10-31,4.727,0.0,99,100.0,2026-08-21,1,49930830000.0,2023-09-30,2030-09-30,4.147,19.2971,9997.17,3.999,9997.17,SEOUL SUBWAY23-09,서울도시철도23-09,KR,SEOUL METROPOLITAN CITY SUBWAY BOND23-09,장내,서울도시철도공채증권 23-09,KR2001024D95,서울특별시,Y,16,매우낮은위험(6등급),2026-08-21,,1501.0,,2.5,국공채,도시철도,,N,active,N,Y,,,6,1,N
,4.147,,,,고정금리,복리채,도시철도공채,공모,4681445000,,,,,19.3243,,,KRW,,,9573.08,3.9871,9573.08,9764.0,2025-10-31,3.042,0.0,99,100.0,2026-08-21,1,4681445000.0,2025-09-30,2030-09-30,4.147,19.2972,9574.16,3.999,9574.16,BUSAN SUBWAY25-09,부산도시철도25-09,KR,BUSAN SUBWAY25-09,장내,부산도시철도공채증권 25-09,KR2006014F94,부산광역시,Y,16,매우낮은위험(6등급),2026-08-21,,1501.0,,2.5,국공채,도시철도,,N,active,N,Y,,,6,1,N
,3.868,,,,고정금리,복리채,지역개발채,공모,24923025000,,,,,7.2705,,,KRW,,,10342.37,2.2971,10342.37,9482.0,2024-01-31,3.658,0.0,99,100.0,2026-08-21,1,24721625000.0,2023-12-31,2028-12-31,3.868,7.2317,10343.45,2.3032,10343.45,CHUNGNAM PROVINCIAL23-12,충남지역개발23-12,KR,CHUNGNAM PROVINCIAL DEVELOPMENT23-12,장내,충남지역개발채권 23-12,KR2022012DC8,충청남도,Y,16,매우낮은위험(6등급),2026-08-21,,863.0,,2.5,국공채,지역개발,,N,active,N,Y,,,6,1,N
,3.106,,,,고정금리,이표채,일반특수법인채,공모,150000000000,,,,,0.1338,AAA,2019-11-14,KRW,,,10021.18,0.2281,10021.18,0.0,,0.0,0.0,99,100.0,2026-08-21,1,150000000000.0,2019-11-14,2026-11-14,3.106,0.1222,10022.03,0.2265,10022.03,KEPCO1004,한국전력1004,KR,KOREA ELECTRIC POWER CORPCORPORATION1004,장내,한국전력공사채권1004,KR350103G9B0,한국전력공사(주),Y,16,매우낮은위험(6등급),2026-08-21,,85.0,,1.862,특수채,공사채,,N,active,N,Y,AAA,1,6,1,N
,2.921,,,,고정금리,복리채,국민주택1종,공모,1451746870000,,,,,0.2413,,,KRW,,,10425.72,0.2715,10425.72,,,,0.0,99,100.0,2026-08-21,1,1446286230000.0,2021-11-30,2026-11-30,2.921,0.2082,10426.54,0.2706,10426.54,KNHB (Ⅰ)21-11,국민주택1종21-11,KR,KOREA NATIONAL HOUSING BOND (Ⅰ)21-11,장외,국민주택1종채권 21-11,KR101501DBB3,대한민국,Y,16,매우낮은위험(6등급),2026-08-21,,101.0,,1.0,국공채,국민주택,,N,active,N,Y,,,6,1,N
,4.201,,,,고정금리,복리채,국민주택1종,공모,1247107970000,,,,,23.7324,,,KRW,,,8692.56,4.4705,8692.56,,,,0.0,99,100.0,2026-08-21,1,1243222470000.0,2026-03-31,2031-03-31,4.201,23.693,8693.54,4.4848,8693.54,KNHB (Ⅰ)26-03,국민주택1종26-03,KR,KOREA NATIONAL HOUSING BOND (Ⅰ)26-03,장외,국민주택1종채권 26-03,KR101501DG36,대한민국,Y,16,매우낮은위험(6등급),2026-08-21,,1683.0,,1.0,국공채,국민주택,,N,active,N,Y,,,6,1,N
,4.058,,,,고정금리,복리채,도시철도공채,공모,55679790000,,,,,12.3177,,,KRW,,,9430.74,3.1019,9430.74,,,,0.0,99,100.0,2026-08-21,1,55560175000.0,2022-10-31,2029-10-31,4.058,12.2855,9431.78,3.1106,9431.78,SEOUL SUBWAY22-10,서울도시철도22-10,KR,SEOUL METROPOLITAN CITY SUBWAY BOND22-10,장외,서울도시철도공채증권 22-10,KR2001024CA4,서울특별시,Y,16,매우낮은위험(6등급),2026-08-21,,1167.0,,1.0,국공채,도시철도,,N,active,N,Y,,,6,1,N
,3.668,,,,고정금리,복리채,도시철도공채,공모,58294080000,,,,,3.4748,,,KRW,,,10136.4,1.4843,10136.4,,,,0.0,99,100.0,2026-08-21,1,58238975000.0,2021-02-28,2028-02-29,3.668,3.4342,10137.4,1.4875,10137.4,SEOUL SUBWAY21-02,서울도시철도21-02,KR,SEOUL METROPOLITAN CITY SUBWAY BOND21-02,장외,서울도시철도공채증권 21-02,KR2001124B21,서울특별시,Y,16,매우낮은위험(6등급),2026-08-21,,557.0,,1.0,국공채,도시철도,,N,active,N,Y,,,6,1,N
,3.501,,,,고정금리,복리채,지역개발채,공모,14735315000,,,,,1.9315,,,KRW,,,10169.88,1.0008,10169.88,,,,0.0,99,100.0,2026-08-21,1,14678335000.0,2022-08-31,2027-08-31,3.501,1.9227,10170.86,1.0018,10170.86,KANGWON PROVINCIAL22-08,강원지역개발22-08,KR,KANGWON PROVINCIAL DEVELOPMENT22-08,장외,강원지역개발채권 22-08,KR2002012C80,강원도,Y,16,매우낮은위험(6등급),2026-08-21,,375.0,,1.05,국공채,지역개발,,N,active,N,Y,,,6,1,N
,3.858,,,,고정금리,복리채,지역개발채,공모,14091935000,,,,,6.8382,,,KRW,,,10378.27,2.2144,10378.27,,,,0.0,99,100.0,2026-08-21,1,13959480000.0,2023-11-30,2028-11-30,3.858,6.8033,10379.36,2.2201,10379.36,KANGWON PROVINCIAL23-11,강원지역개발23-11,KR,KANGWON PROVINCIAL DEVELOPMENT23-11,장외,강원지역개발채권 23-11,KR2002012DB4,강원도,N,16,매우낮은위험(6등급),2026-08-21,,832.0,,2.5,국공채,지역개발,,N,active,N,Y,,,6,1,N
,4.051,,,,고정금리,복리채,지역개발채,공모,13363405000,,,,,11.7657,,,KRW,,,9998.72,3.019,9998.72,,,,0.0,99,100.0,2026-08-21,1,13323300000.0,2024-09-30,2029-09-30,4.051,11.7405,9999.82,3.0272,9999.82,KANGWON PROVINCIAL24-09,강원지역개발24-09,KR,KANGWON PROVINCIAL DEVELOPMENT24-09,장외,강원지역개발채권 24-09,KR2002022E94,강원도,N,16,매우낮은위험(6등급),2026-08-21,,1136.0,,2.5,국공채,지역개발,,N,active,N,Y,,,6,1,N
,3.999,,,,고정금리,복리채,지역개발채,공모,7538565000,,,,,10.1467,,,KRW,,,10113.74,2.7756,10113.74,,,,0.0,99,100.0,2026-08-21,1,7504640000.0,2024-06-30,2029-06-30,3.999,10.1197,10114.81,2.783,10114.81,DAEJON PROVINCIAL24-06,대전지역개발24-06,KR,DAEJON PROVINCIAL DEVELOPMENT24-06,장외,대전지역개발채권24-06,KR2003022E68,대전광역시,Y,16,매우낮은위험(6등급),2026-08-21,,1044.0,,2.5,국공채,지역개발,,N,active,N,Y,,,6,1,N
,3.427,,,,고정금리,복리채,지역개발채,공모,19169640000,,,,,1.4363,,,KRW,,,10235.21,0.8365,10235.21,,,,0.0,99,100.0,2026-08-21,1,19137075000.0,2022-06-30,2027-06-30,3.427,1.4135,10236.15,0.8372,10236.15,INCHEON PROVINCIAL22-06,인천지역개발22-06,KR,INCHEON PROVINCIAL DEVELOPMENT22-06,장외,인천지역개발채권 22-06,KR2004012C60,인천광역시,Y,16,매우낮은위험(6등급),2026-08-21,,313.0,,1.05,국공채,지역개발,,N,active,N,Y,,,6,1,N
,3.828,,,,고정금리,복리채,지역개발채,공모,9574695000,,,,,5.6803,,,KRW,,,10484.02,1.9708,10484.02,,,,0.0,99,100.0,2026-08-21,1,9563740000.0,2023-08-31,2028-08-31,3.828,5.6679,10485.12,1.9751,10485.12,INCHEON PROVINCIAL23-08,인천지역개발23-08,KR,INCHEON PROVINCIAL DEVELOPMENT23-08,장외,인천지역개발채권 23-08,KR2004022D83,인천광역시,N,16,매우낮은위험(6등급),2026-08-21,,741.0,,2.5,국공채,지역개발,,N,active,N,Y,,,6,1,N
,3.868,,,,고정금리,복리채,지역개발채,공모,15137640000,,,,,7.2705,,,KRW,,,10342.37,2.2971,10342.37,,,,0.0,99,100.0,2026-08-21,1,15096480000.0,2023-12-31,2028-12-31,3.868,7.2317,10343.45,2.3032,10343.45,INCHEON PROVINCIAL23-12,인천지역개발23-12,KR,INCHEON PROVINCIAL DEVELOPMENT23-12,장외,인천지역개발채권 23-12,KR2004022DC9,인천광역시,N,16,매우낮은위험(6등급),2026-08-21,,863.0,,2.5,국공채,지역개발,,N,active,N,Y,,,6,1,N
,4.098,,,,고정금리,복리채,지역개발채,공모,7664635000,,,,,15.9038,,,KRW,,,9753.6,3.5828,9753.6,,,,0.0,99,100.0,2026-08-21,1,7664635000.0,2025-04-30,2030-04-30,4.098,15.8657,9754.66,3.5935,9754.66,KWANGJU PROVINCIAL25-04,광주지역개발25-04,KR,KWANGJU PROVINCIAL DEVELOPMENT25-04,장외,광주지역개발채권 25-04,KR2005022F47,전남광주통합특별시,N,16,매우낮은위험(6등급),2026-08-21,,1348.0,,2.5,국공채,지역개발,,N,active,N,Y,,,6,1,N
,3.695,,,,고정금리,복리채,지역개발채,공모,3262045000,,,,,3.8051,,,KRW,,,10671.0,1.5666,10671.0,,,,0.0,99,100.0,2026-08-21,1,3235935000.0,2023-03-31,2028-03-31,3.695,3.7658,10672.05,1.5701,10672.05,BUSAN PROVINCIAL23-03,부산지역개발23-03,KR,BUSAN PROVINCIAL DEVELOPMENT23-03,장외,부산지역개발채권 23-03,KR2006022D39,부산광역시,N,16,매우낮은위험(6등급),2026-08-21,,588.0,,2.5,국공채,지역개발,,N,active,N,Y,,,6,1,N
,3.828,,,,고정금리,복리채,지역개발채,공모,1922625000,,,,,5.6803,,,KRW,,,10484.02,1.9708,10484.02,,,,0.0,99,100.0,2026-08-21,1,1904505000.0,2023-08-31,2028-08-31,3.828,5.6679,10485.12,1.9751,10485.12,BUSAN PROVINCIAL23-08,부산지역개발23-08,KR,BUSAN PROVINCIAL DEVELOPMENT23-08,장외,부산지역개발채권 23-08,KR2006022D88,부산광역시,N,16,매우낮은위험(6등급),2026-08-21,,741.0,,2.5,국공채,지역개발,,N,active,N,Y,,,6,1,N
,4.219,,,,고정금리,복리채,지역개발채,공모,2105355000,,,,,22.2233,,,KRW,,,9184.78,4.3133,9184.78,,,,0.0,99,100.0,2026-08-21,1,2092245000.0,2026-01-31,2031-01-31,4.219,22.1816,9185.82,4.327,9185.82,BUSAN PROVINCIAL26-01,부산지역개발26-01,KR,BUSAN PROVINCIAL DEVELOPMENT26-01,장외,부산지역개발채권26-01,KR2006022G10,부산광역시,N,16,매우낮은위험(6등급),2026-08-21,,1624.0,,2.0,국공채,지역개발,,N,active,N,Y,,,6,1,N
,2.897,,,,고정금리,복리채,지역개발채,공모,2230615000,,,,,0.069,,,KRW,,,10502.69,0.1072,10502.69,,,,0.0,99,100.0,2026-08-21,1,2230615000.0,2021-09-30,2026-09-30,2.897,0.0523,10503.52,0.1057,10503.52,DAEGU PROVINCIAL21-09,대구지역개발21-09,KR,DAEGU PROVINCIAL DEVELOPMENT21-09,장외,대구지역개발채권21-09,KR2007012B98,대구광역시,Y,16,매우낮은위험(6등급),2026-08-21,,40.0,,1.05,국공채,지역개발,,N,active,N,Y,,,6,1,N
,4.113,,,,고정금리,복리채,도시철도공채,공모,3690470000,,,,,17.2456,,,KRW,,,9683.67,3.7437,9683.67,,,,0.0,99,100.0,2026-08-21,1,3690470000.0,2025-06-30,2030-06-30,4.113,17.2166,9684.72,3.7548,9684.72,DAEGU SUBWAY25-06,대구도시철도25-06,KR,DAEGU SUBWAY25-06,장외,대구도시철도공채증권 25-06,KR2007024F66,대구광역시,Y,16,매우낮은위험(6등급),2026-08-21,,1409.0,,2.5,국공채,도시철도,,N,active,N,Y,,,6,1,N
,3.723,,,,고정금리,복리채,지역개발채,공모,13450150000,,,,,4.1421,,,KRW,,,10634.56,1.6461,10634.56,,,,0.0,99,100.0,2026-08-21,1,13358430000.0,2023-04-30,2028-04-30,3.723,4.1061,10635.62,1.6497,10635.62,CHUNGBUK PROVINCIAL23-04,충북지역개발23-04,KR,CHUNGBUK PROVINCIAL DEVELOPMENT23-04,장외,충북지역개발채권 23-04,KR2033022D41,충청북도,Y,16,매우낮은위험(6등급),2026-08-21,,618.0,,2.5,국공채,지역개발,,N,active,N,Y,,,6,1,N
,3.837,,,,고정금리,복리채,지역개발채,공모,15413940000,,,,,6.0435,,,KRW,,,10449.26,2.0513,10449.26,,,,0.0,99,100.0,2026-08-21,1,15361600000.0,2023-09-30,2028-09-30,3.837,6.0217,10450.36,2.0561,10450.36,CHUNGBUK PROVINCIAL23-09,충북지역개발23-09,KR,CHUNGBUK PROVINCIAL DEVELOPMENT23-09,장외,충북지역개발채권 23-09,KR2033022D90,충청북도,Y,16,매우낮은위험(6등급),2026-08-21,,771.0,,2.5,국공채,지역개발,,N,active,N,Y,,,6,1,N
,4.423,,,,고정금리,복리채,도시철도공채,공모,42951090000,,,,,37.8155,,,KRW,,,9134.14,5.7535,9134.14,9650.0,2025-08-29,2.966,0.0,99,100.0,2026-08-21,1,42895320000.0,2025-07-31,2032-07-31,4.423,37.7899,9135.2,5.7728,9135.2,SEOUL SUBWAY25-07,서울도시철도25-07,KR,SEOUL METROPOLITAN CITY SUBWAY BOND25-07,장내,서울도시철도공채증권 25-07,KR2001024F77,서울특별시,Y,16,매우낮은위험(6등급),2026-08-21,,2171.0,,2.5,국공채,도시철도,,N,active,N,Y,,,6,1,N
,4.237,,,,고정금리,복리채,도시철도공채,공모,2528605000,,,,,22.9206,,,KRW,,,9148.82,4.3871,9148.82,9078.0,2026-03-31,4.06,0.0,99,100.0,2026-08-21,1,2505465000.0,2026-02-28,2031-02-28,4.237,22.8791,9149.86,4.4013,9149.86,BUSAN SUBWAY26-02,부산도시철도26-02,KR,BUSAN SUBWAY26-02,장내,부산도시철도공채증권 26-02,KR2006014G28,부산광역시,Y,16,매우낮은위험(6등급),2026-08-21,,1652.0,,2.0,국공채,도시철도,,N,active,N,Y,,,6,1,N
,3.751,,,,고정금리,복리채,지역개발채,공모,15402075000,,,,,4.5082,,,KRW,,,10596.64,1.728,10596.64,9328.5,2023-06-30,4.0,0.0,99,100.0,2026-08-21,1,15349540000.0,2023-05-31,2028-05-31,3.751,4.4772,10597.7,1.7319,10597.7,CHUNGNAM PROVINCIAL23-05,충남지역개발23-05,KR,CHUNGNAM PROVINCIAL DEVELOPMENT23-05,장내,충남지역개발채권 23-05,KR2022022D51,충청남도,Y,16,매우낮은위험(6등급),2026-08-21,,649.0,,2.5,국공채,지역개발,,N,active,N,Y,,,6,1,N
,4.12,,,,고정금리,복리채,지역개발채,공모,7873415000,,,,,17.9525,,,KRW,,,9648.54,3.8253,9648.54,,,,0.0,99,100.0,2026-08-21,1,7807990000.0,2025-07-31,2030-07-31,4.12,17.9298,9649.59,3.8365,9649.59,JUNBUK PROVINCIAL25-07,전북지역개발25-07,KR,JUNBUK PROVINCIAL DEVELOPMENT25-07,장외,전북지역개발채권25-07,KR2055022F75,전라북도,Y,16,매우낮은위험(6등급),2026-08-21,,1440.0,,2.5,국공채,지역개발,,N,active,N,Y,,,6,1,N
,4.051,,,,고정금리,복리채,지역개발채,공모,16069560000,,,,,11.7657,,,KRW,,,9998.72,3.019,9998.72,,,,0.0,99,100.0,2026-08-21,1,15968580000.0,2024-09-30,2029-09-30,4.051,11.7405,9999.82,3.0272,9999.82,KYUNGBUK PROVINCIAL24-09,경북지역개발24-09,KR,KYUNGBUK PROVINCIAL DEVELOPMENT24-09,장외,경북지역개발채권 24-09,KR2077032E94,경상북도,Y,16,매우낮은위험(6등급),2026-08-21,,1136.0,,2.5,국공채,지역개발,,N,active,N,Y,,,6,1,N
,3.583,,,,고정금리,복리채,지역개발채,공모,7541055000,,,,,2.624,,,KRW,,,10071.63,1.2446,10071.63,,,,0.0,99,100.0,2026-08-21,1,7455305000.0,2022-11-30,2027-11-30,3.583,2.5901,10072.61,1.2468,10072.61,KYUNGNAM PROVINCIAL22-11,경남지역개발22-11,KR,KYUNGNAM PROVINCIAL DEVELOPMENT22-11,장외,경남지역개발채권 22-11,KR2088022CB2,경상남도,N,16,매우낮은위험(6등급),2026-08-21,,466.0,,1.05,국공채,지역개발,,N,active,N,Y,,,6,1,N
,4.256,,,,고정금리,복리채,지역개발채,공모,4804710000,,,,,23.7082,,,KRW,,,9108.95,4.4688,9108.95,,,,0.0,99,100.0,2026-08-21,1,4739390000.0,2026-03-31,2031-03-31,4.256,23.6679,9109.99,4.4832,9109.99,KYUNGNAM PROVINCIAL26-03,경남지역개발26-03,KR,KYUNGNAM PROVINCIAL DEVELOPMENT26-03,장외,경남지역개발채권 26-03,KR2088022G34,경상남도,Y,16,매우낮은위험(6등급),2026-08-21,,1683.0,,2.0,국공채,지역개발,,N,active,N,Y,,,6,1,N
,3.892,,,,고정금리,복리채,지역개발채,공모,2753725000,,,,,8.144,,,KRW,,,10272.91,2.454,10272.91,,,,0.0,99,100.0,2026-08-21,1,2741635000.0,2024-02-29,2029-02-28,3.892,8.1032,10273.98,2.4607,10273.98,CHEJU PROVINCIAL24-02,제주지역개발24-02,KR,CHEJU PROVINCIAL DEVELOPMENT24-02,장외,제주지역개발채권 24-02,KR2099022E25,제주도,N,16,매우낮은위험(6등급),2026-08-21,,922.0,,2.5,국공채,지역개발,,N,active,N,Y,,,6,1,N
,3.867,,,,고정금리,이표채,특수은행채,공모,140000000000,,,,,108.1581,AA-,2021-04-21,KRW,,,9092.64,6.7045,9092.64,,,,0.0,99,100.0,2026-08-21,1,140000000000.0,2021-04-21,2031-04-21,3.867,196.8003,9093.6,7.4998,9093.6,NongHyup Bank2021-04COUP-B(Hyb),농업금융채권(은행)2021-04이-B(신종),KR,NongHyup Bank2021-04COUP-B(Hyb),장외,농업금융채권(은행) 2021-04이-B(신종)(조건상각/콜/후),KR381003GB47,농협은행,N,11,매우높은위험(1등급),2026-08-21,,1704.0,,3.29,특수채,특수은행채,,N,active,N,Y,AA-,4,1,1,N
,4.405,,,,고정금리,이표채,일반회사채,공모,33000000000,,,,,0.2931,A-,2026-02-24,KRW,,,10004.4,0.5003,10004.4,,,,0.0,99,100.0,2026-08-21,1,33000000000.0,2026-02-24,2027-02-24,4.405,0.2909,10005.59,0.4985,10005.59,SK ecoplant185-1,SK에코플랜트185-1,KR,SK ecoplant185-1,장외,SK에코플랜트185-1,KR6003342G24,SK에코플랜트(주),Y,14,보통위험(4등급),2026-08-21,,187.0,,3.907,회사채,일반사채,,N,active,N,Y,A-,7,4,1,N
,4.768,,,,고정금리,이표채,일반회사채,공모,114000000000,,,,,1.0575,A-,2026-02-24,KRW,,,9992.93,0.9811,9992.93,,,,0.0,99,100.0,2026-08-21,1,114000000000.0,2026-02-24,2027-08-24,4.768,1.0533,9994.21,0.9794,9994.21,SK ecoplant185-2,SK에코플랜트185-2,KR,SK ecoplant185-2,장외,SK에코플랜트185-2,KR6003343G23,SK에코플랜트(주),Y,14,보통위험(4등급),2026-08-21,,368.0,,4.362,회사채,일반사채,,N,active,N,Y,A-,7,4,1,N
,3.233,,,,고정금리,이표채,일반회사채,공모,100000000000,,,,,0.0495,AA-,2019-10-14,KRW,,,9999.6,0.1453,9999.6,,,,0.0,99,100.0,2026-08-21,1,100000000000.0,2019-10-14,2026-10-14,3.233,0.0459,10000.47,0.1434,10000.47,HD HYUNDAI OILBANK121-2,에이치디현대오일뱅크121-2,KR,HD HYUNDAI OILBANK121-2,장외,에이치디현대오일뱅크 121-2,KR60040529A4,에이치디현대오일뱅크(주),Y,15,낮은위험(5등급),2026-08-21,,54.0,,1.882,회사채,일반사채,,N,active,N,Y,AA-,4,5,1,N
,4.295,,,,고정금리,이표채,금융지주회사채,공모,160000000000,,,,,8.831,AAA,2019-07-26,KRW,,,9270.23,2.8382,9270.23,,,,0.0,99,100.0,2026-08-21,1,160000000000.0,2019-07-26,2029-07-26,4.295,8.8174,9271.31,2.8387,9271.31,SHFG128-3,신한금융지주128-3,KR,SHINHAN FINANCIAL GROUP128-3,장외,신한금융지주128-3,KR6055553970,(주)신한금융지주회사,Y,15,낮은위험(5등급),2026-08-21,,1070.0,,1.59,회사채,일반사채,,N,active,N,Y,AAA,1,5,1,N
,4.847,,,,고정금리,이표채,금융지주회사채,공모,344000000000,,,,,212.3138,AA-,2022-08-26,KRW,,,10236.2,4.9057,10236.2,,,,0.0,99,100.0,2026-08-21,1,344000000000.0,2022-08-26,2027-08-26,4.847,212.2557,10237.31,7.9085,10237.31,SHFG CoCo Bond(PWD)12-1(Hyb-Perp-5Call),신한금융조건부(상)12-1(신종-영구-5콜),KR,SHINHAN FINANCIAL Contingent Convertible Bond(PWD)12-1(Hyb-Perp-5Call),장외,신한금융지주 조건부자본증권(상)12-1(신종-영구-5콜)(조건상각/콜/후),KR6055553C89,(주)신한금융지주회사,N,11,매우높은위험(1등급),2026-08-21,,370.0,,4.93,회사채,일반사채,,N,active,N,Y,AA-,4,1,1,N
,3.639,,,,고정금리,이표채,일반회사채,공모,110000000000,,,,,0.3771,AA+,2025-12-04,KRW,,,9940.29,0.5036,9940.29,,,,0.0,99,100.0,2026-08-21,1,110000000000.0,2020-02-25,2027-02-25,3.639,0.3744,9941.27,0.5019,9941.27,HYUNDAI GLOVIS1-2,현대글로비스1-2,KR,HYUNDAI GLOVIS1-2,장외,현대글로비스1-2,KR6086282A27,현대글로비스(주),Y,15,낮은위험(5등급),2026-08-21,,188.0,,1.665,회사채,일반사채,,N,active,N,Y,AA+,2,5,1,N
,3.905,,,,고정금리,이표채,신용카드채,공모,30000000000,,,,,1.0359,AA+,2020-07-22,KRW,,,9808.35,0.9051,9808.35,,,,0.0,99,100.0,2026-08-21,1,30000000000.0,2020-07-22,2027-07-22,3.905,1.0296,9809.38,0.9039,9809.38,KB CARD308-3,케이비국민카드308-3,KR,KB KOOKMIN CARD308-3,장외,케이비국민카드308-3,KR6140177A79,(주)KB국민카드,Y,15,낮은위험(5등급),2026-08-21,,335.0,,1.625,회사채,일반사채,,N,active,N,Y,AA+,2,5,1,N
,3.936,,,,고정금리,이표채,국고채권,공모,17945000000000,,,,,11.7039,,,KRW,,,9240.33,3.1816,9240.33,0.0,,0.0,0.0,99,100.0,2026-08-21,1,16864000000000.0,2019-12-10,2029-12-10,3.936,11.6831,9241.31,3.1849,9241.31,KTB01375-2912(19-8),국고01375-2912(19-8),KR,KOREA TREASURY BOND01375-2912(19-8),장내,국고채권 01375-2912(19-8),KR103502G9C8,대한민국,Y,16,매우낮은위험(6등급),2026-08-21,,1207.0,,1.375,국공채,국고채,,N,active,N,Y,,,6,1,N
,4.309,,,,고정금리,이표채,국고채권,공모,14284000000000,,,,,51.8523,,,KRW,,,9536.09,6.7085,9536.09,0.0,,0.0,0.0,99,100.0,2026-08-21,1,15310000000000.0,2024-06-10,2034-06-10,4.309,51.8209,9537.2,6.7187,9537.2,KTB03500-3406(24-5),국고03500-3406(24-5),KR,KOREA TREASURY BOND03500-3406(24-5),장내,국고채권 03500-3406(24-5),KR103502GE63,대한민국,Y,16,매우낮은위험(6등급),2026-08-21,,2850.0,,3.5,국공채,국고채,,N,active,N,Y,,,6,1,N
,4.331,,,,고정금리,이표채,국고채권,공모,15319000000000,,,,,59.1151,,,KRW,,,9137.77,7.1938,9137.77,0.0,,0.0,0.0,99,100.0,2026-08-21,1,15809000000000.0,2024-12-10,2034-12-10,4.331,59.0822,9138.84,7.2049,9138.84,KTB03000-3412(24-13),국고03000-3412(24-13),KR,KOREA TREASURY BOND03000-3412(24-13),장내,국고채권 03000-3412(24-13),KR103502GEC4,대한민국,Y,16,매우낮은위험(6등급),2026-08-21,,3033.0,,3.0,국공채,국고채,,N,active,N,Y,,,6,1,N
,4.71,,,,고정금리,이표채,국고채권,공모,22134000000000,,,,,428.1511,,,KRW,,,6833.91,17.6931,6833.91,0.0,,0.0,0.0,99,100.0,2026-08-21,1,24931000000000.0,2025-09-10,2055-09-10,4.71,428.0758,6834.79,17.7255,6834.79,KTB02625-5509(25-7),국고02625-5509(25-7),KR,KOREA TREASURY BOND02625-5509(25-7),장내,국고채권 02625-5509(25-7),KR103502GF96,대한민국,Y,16,매우낮은위험(6등급),2026-08-21,,10612.0,,2.625,국공채,국고채,,N,active,N,Y,,,6,1,N
,4.12,,,,고정금리,복리채,도시철도공채,공모,52548865000,,,,,17.9524,,,KRW,,,10074.84,3.8253,10074.84,8863.5,2023-08-31,4.241,0.0,99,100.0,2026-08-21,1,52479130000.0,2023-07-31,2030-07-31,4.12,17.9297,10075.93,3.8365,10075.93,SEOUL SUBWAY23-07,서울도시철도23-07,KR,SEOUL METROPOLITAN CITY SUBWAY BOND23-07,장내,서울도시철도공채증권 23-07,KR2001024D79,서울특별시,Y,16,매우낮은위험(6등급),2026-08-21,,1440.0,,2.5,국공채,도시철도,,N,active,N,Y,,,6,1,N
,3.528,,,,고정금리,복리채,지역개발채,공모,16327540000,,,,,2.1407,,,KRW,,,10137.76,1.0813,10137.76,8330.0,2022-10-31,4.894,0.0,99,100.0,2026-08-21,1,16233495000.0,2022-09-30,2027-09-30,3.528,2.1214,10138.74,1.0827,10138.74,CHUNGNAM PROVINCIAL22-09,충남지역개발22-09,KR,CHUNGNAM PROVINCIAL DEVELOPMENT22-09,장내,충남지역개발채권 22-09,KR2022022C94,충청남도,Y,16,매우낮은위험(6등급),2026-08-21,,405.0,,1.05,국공채,지역개발,,N,active,N,Y,,,6,1,N
,3.668,,,,고정금리,복리채,지역개발채,공모,14469010000,,,,,3.4748,,,KRW,,,10708.04,1.4843,10708.04,9486.0,2023-03-31,3.649,0.0,99,100.0,2026-08-21,1,14396365000.0,2023-02-28,2028-02-29,3.668,3.4342,10709.1,1.4875,10709.1,CHUNGNAM PROVINCIAL23-02,충남지역개발23-02,KR,CHUNGNAM PROVINCIAL DEVELOPMENT23-02,장내,충남지역개발채권 23-02,KR2022022D28,충청남도,Y,16,매우낮은위험(6등급),2026-08-21,,557.0,,2.5,국공채,지역개발,,N,active,N,Y,,,6,1,N
,3.668,,,,고정금리,복리채,지역개발채,공모,15219780000,,,,,3.4748,,,KRW,,,10708.04,1.4843,10708.04,9486.0,2023-03-31,3.649,0.0,99,100.0,2026-08-21,1,15179110000.0,2023-02-28,2028-02-29,3.668,3.4342,10709.1,1.4875,10709.1,CHUNGBUK PROVINCIAL23-02,충북지역개발23-02,KR,CHUNGBUK PROVINCIAL DEVELOPMENT23-02,장내,충북지역개발채권 23-02,KR2033012D27,충청북도,Y,16,매우낮은위험(6등급),2026-08-21,,557.0,,2.5,국공채,지역개발,,N,active,N,Y,,,6,1,N
,4.275,,,,고정금리,복리채,지역개발채,공모,13048400000,,,,,24.4856,,,KRW,,,9070.23,4.5476,9070.23,8959.0,2026-05-29,4.334,0.0,99,100.0,2026-08-21,1,12883480000.0,2026-04-30,2031-04-30,4.275,24.4481,9071.26,4.5623,9071.26,CHUNGBUK PROVINCIAL26-04,충북지역개발26-04,KR,CHUNGBUK PROVINCIAL DEVELOPMENT26-04,장내,충북지역개발채권 26-04,KR2033022G48,충청북도,Y,16,매우낮은위험(6등급),2026-08-21,,1713.0,,2.0,국공채,지역개발,,N,active,N,Y,,,6,1,N
,4.183,,,,고정금리,복리채,지역개발채,공모,58089680000,,,,,20.7278,,,KRW,,,9263.75,4.1492,9263.75,9310.0,2025-12-30,3.525,0.0,99,100.0,2026-08-21,1,57814500000.0,2025-11-30,2030-11-30,4.183,20.6904,9264.8,4.1621,9264.8,KYUNGKI PROVINCIAL25-11,경기지역개발25-11,KR,KYUNGKI PROVINCIAL DEVELOPMENT25-11,장내,경기지역개발채권 25-11,KR2044022FB8,경기도,Y,16,매우낮은위험(6등급),2026-08-21,,1562.0,,2.0,국공채,지역개발,,N,active,N,Y,,,6,1,N
,4.13,,,,고정금리,복리채,지역개발채,공모,11679795000,,,,,18.6593,,,KRW,,,9379.28,3.9071,9379.28,9589.0,2025-09-30,2.906,0.0,99,100.0,2026-08-21,1,11652515000.0,2025-08-31,2030-08-31,4.13,18.6396,9380.34,3.9185,9380.34,CHUNNAM PROVINCIAL25-08,전남지역개발25-08,KR,CHUNNAM PROVINCIAL DEVELOPMENT25-08,장내,전남지역개발채권 25-08,KR2066022F80,전남광주통합특별시,Y,16,매우낮은위험(6등급),2026-08-21,,1471.0,,2.0,국공채,지역개발,,N,active,N,Y,,,6,1,N
,4.071,,,,고정금리,복리채,지역개발채,공모,31928490000,,,,,13.4582,,,KRW,,,9891.91,3.2645,9891.91,9811.0,2025-01-31,2.941,0.0,99,100.0,2026-08-21,1,31722195000.0,2024-12-31,2029-12-31,4.071,13.4179,9892.99,3.2741,9892.99,KYUNGBUK PROVINCIAL24-12,경북지역개발24-12,KR,KYUNGBUK PROVINCIAL DEVELOPMENT24-12,장내,경북지역개발채권 24-12,KR2077022EC9,경상북도,Y,16,매우낮은위험(6등급),2026-08-21,,1228.0,,2.5,국공채,지역개발,,N,active,N,Y,,,6,1,N
,3.865,,,,고정금리,복리채,국민주택1종,공모,1235362340000,,,,,9.6488,,,KRW,,,9600.01,2.6987,9600.01,9079.0,2024-06-28,3.327,0.0,99,100.0,2026-08-21,1,1228934230000.0,2024-05-31,2029-05-31,3.865,9.6163,9600.99,2.7059,9600.99,KNHB (Ⅰ)24-05,국민주택1종24-05,KR,KOREA NATIONAL HOUSING BOND (Ⅰ)24-05,장내,국민주택1종채권 24-05,KR101501DE53,대한민국,Y,16,매우낮은위험(6등급),2026-08-21,,1014.0,,1.3,국공채,국민주택,,N,active,N,Y,,,6,1,N
,4.019,,,,고정금리,복리채,국민주택1종,공모,1269988650000,,,,,18.6993,,,KRW,,,8967.55,3.9102,8967.55,9147.0,2025-09-30,2.864,0.0,99,100.0,2026-08-21,1,1267486830000.0,2025-08-31,2030-08-31,4.019,18.68,8968.53,3.9213,8968.53,KNHB (Ⅰ)25-08,국민주택1종25-08,KR,KOREA NATIONAL HOUSING BOND (Ⅰ)25-08,장내,국민주택1종채권 25-08,KR101501DF86,대한민국,Y,16,매우낮은위험(6등급),2026-08-21,,1471.0,,1.0,국공채,국민주택,,N,active,N,Y,,,6,1,N
,4.73,,,,고정금리,이표채,국고채권,공모,29210205000000,,,,,354.6975,,,KRW,,,7919.68,16.0977,7919.68,0.0,,0.0,0.0,99,100.0,2026-08-21,1,26098205000000.0,2023-03-10,2053-03-10,4.73,354.6346,7920.7,16.1273,7920.7,KTB03250-5303(23-2),국고03250-5303(23-2),KR,KOREA TREASURY BOND03250-5303(23-2),장내,국고채권 03250-5303(23-2),KR103502GD31,대한민국,Y,16,매우낮은위험(6등급),2026-08-21,,9698.0,,3.25,국공채,국고채,,N,active,N,Y,,,6,1,N
3.7506,3.865,0.0,온오프 겸용,0,고정금리,복리채,국민주택1종,공모,1235362340000,0.0,3.831,3.7506,3.9675,9.6488,,,KRW,4.433,6.475,9600.01,2.6987,9600.01,,,,0.0,99,100.0,2026-08-21,2,1228934230000.0,2024-05-31,2029-05-31,3.865,9.6163,9600.99,2.7059,9600.99,KNHB (Ⅰ)24-05,국민주택1종24-05,KR,KOREA NATIONAL HOUSING BOND (Ⅰ)24-05,장외,국민주택1종채권 24-05,KR101501DE53,대한민국,Y,16,매우낮은위험(6등급),2026-08-21,3.8337,1014.0,2026-08-21,1.3,국공채,국민주택,9608.0,N,active,N,Y,,,6,1,N
3.8766,4.084,0.0,온오프 겸용,0,고정금리,복리채,도시철도공채,공모,64899305000,0.0,4.051,3.8766,4.2669,14.6276,,,KRW,4.582,5.965,10257.72,3.4213,10257.72,,,,0.0,99,100.0,2026-08-21,2,64843360000.0,2023-02-28,2030-02-28,4.084,14.5857,10258.84,3.4315,10258.84,SEOUL SUBWAY23-02,서울도시철도23-02,KR,SEOUL METROPOLITAN CITY SUBWAY BOND23-02,장외,서울도시철도공채증권 23-02,KR2001024D20,서울특별시,Y,16,매우낮은위험(6등급),2026-08-21,4.0262,1287.0,2026-08-21,2.5,국공채,도시철도,10269.0,N,active,N,Y,,,6,1,N
3.2542,3.39,0.0,온오프 겸용,0,고정금리,복리채,지역개발채,공모,17606565000,0.0,3.385,3.3921,3.3921,1.2125,,,KRW,3.846,5.685,10266.15,0.7569,10266.15,,,,0.0,99,100.0,2026-08-21,2,17540355000.0,2022-05-31,2027-05-31,3.39,1.1828,10267.08,0.7575,10267.08,INCHEON PROVINCIAL22-05,인천지역개발22-05,KR,INCHEON PROVINCIAL DEVELOPMENT22-05,장외,인천지역개발채권 22-05,KR2004012C52,인천광역시,Y,16,매우낮은위험(6등급),2026-08-21,3.3002,283.0,2026-08-21,1.05,국공채,지역개발,10266.0,N,active,N,Y,,,6,1,N
4.2823,4.31,0.0,온오프 겸용,0,고정금리,복리채,도시철도공채,공모,4973215000,0.0,4.271,4.2823,4.6384,26.1137,,,KRW,5.061,6.918,8992.92,4.7075,8992.92,,,,0.0,99,100.0,2026-08-21,2,4878610000.0,2026-06-30,2031-06-30,4.31,26.083,8993.95,4.7226,8993.95,BUSAN SUBWAY26-06,부산도시철도26-06,KR,BUSAN SUBWAY26-06,장외,부산도시철도공채증권 26-06,KR2006014G69,부산광역시,Y,16,매우낮은위험(6등급),2026-08-21,4.4188,1774.0,2026-08-21,2.0,국공채,도시철도,9009.0,N,active,N,Y,,,6,1,N
4.093,4.183,0.0,온오프 겸용,0,고정금리,복리채,지역개발채,공모,14086020000,0.0,4.147,4.093,4.4408,20.7278,,,KRW,4.838,6.58,9263.75,4.1492,9263.75,,,,0.0,99,100.0,2026-08-21,2,14044880000.0,2025-11-30,2030-11-30,4.183,20.6904,9264.8,4.1621,9264.8,CHUNNAM PROVINCIAL25-11,전남지역개발25-11,KR,CHUNNAM PROVINCIAL DEVELOPMENT25-11,장외,전남지역개발채권 25-11,KR2066022FB1,전남광주통합특별시,Y,16,매우낮은위험(6등급),2026-08-21,4.2262,1562.0,2026-08-21,2.0,국공채,지역개발,9277.0,N,active,N,Y,,,6,1,N
4.0663,4.271,0.0,온오프 겸용,0,고정금리,이표채,일반특수법인채,공모,250000000000,0.0,4.236,4.0663,4.3644,11.7262,AAA,2019-12-19,KRW,4.806,6.745,9270.61,3.1801,9270.61,,,,0.0,99,100.0,2026-08-21,2,250000000000.0,2019-12-19,2029-12-19,4.271,11.7061,9271.68,3.1839,9271.68,KEPCO1012,한국전력1012,KR,KOREA ELECTRIC POWER CORPCORPORATION1012,장외,한국전력공사채권1012,KR350105G9C6,한국전력공사(주),Y,16,매우낮은위험(6등급),2026-08-21,4.1805,1216.0,2026-08-21,1.798,특수채,공사채,9280.0,N,active,N,Y,AAA,1,6,1,N
,4.676,,,,고정금리,이표채,국고채권,공모,14377000000000,,,,,266.2743,,,KRW,,,6683.33,14.8544,6683.33,0.0,,0.0,0.0,99,100.0,2026-08-21,1,10235400000000.0,2016-03-10,2046-03-10,4.676,266.2099,6684.17,14.881,6684.17,KTB02000-4603(16-1),국고02000-4603(16-1),KR,KOREA TREASURY BOND02000-4603(16-1),장내,국고채권 02000-4603(16-1),KR103502G636,대한민국,Y,16,매우낮은위험(6등급),2026-08-21,,7141.0,,2.0,국공채,국고채,,N,active,N,Y,,,6,1,N
,4.665,,,,고정금리,이표채,국고채권,공모,6081000000000,,,,,235.6183,,,KRW,,,7722.11,13.758,7722.11,0.0,,0.0,0.0,99,100.0,2026-08-21,1,6081000000000.0,2025-09-10,2045-09-10,4.665,235.5639,7723.09,13.7827,7723.09,KTB02750-4509(25-9),국고02750-4509(25-9),KR,KOREA TREASURY BOND02750-4509(25-9),장내,국고채권 02750-4509(25-9),KR103504GF94,대한민국,Y,16,매우낮은위험(6등급),2026-08-21,,6960.0,,2.75,국공채,국고채,,N,active,N,Y,,,6,1,N
,4.416,,,,고정금리,복리채,도시철도공채,공모,49925060000,,,,,36.8099,,,KRW,,,9170.8,5.6722,9170.8,9664.0,2025-07-31,2.947,0.0,99,100.0,2026-08-21,1,49788200000.0,2025-06-30,2032-06-30,4.416,36.7799,9171.87,5.6914,9171.87,SEOUL SUBWAY25-06,서울도시철도25-06,KR,SEOUL METROPOLITAN CITY SUBWAY BOND25-06,장내,서울도시철도공채증권 25-06,KR2001024F69,서울특별시,Y,16,매우낮은위험(6등급),2026-08-21,,2140.0,,2.5,국공채,도시철도,,N,active,N,Y,,,6,1,N
,4.219,,,,고정금리,복리채,도시철도공채,공모,4034075000,,,,,22.2233,,,KRW,,,9184.78,4.3133,9184.78,9275.0,2026-02-27,3.598,0.0,99,100.0,2026-08-21,1,4013605000.0,2026-01-31,2031-01-31,4.219,22.1816,9185.82,4.327,9185.82,BUSAN SUBWAY26-01,부산도시철도26-01,KR,BUSAN SUBWAY26-01,장내,부산도시철도공채증권 26-01,KR2006014G10,부산광역시,Y,16,매우낮은위험(6등급),2026-08-21,,1624.0,,2.0,국공채,도시철도,,N,active,N,Y,,,6,1,N
,3.39,,,,고정금리,복리채,지역개발채,공모,17446245000,,,,,1.2125,,,KRW,,,10266.15,0.7569,10266.15,8723.0,2022-06-30,3.913,0.0,99,100.0,2026-08-21,1,17372350000.0,2022-05-31,2027-05-31,3.39,1.1828,10267.08,0.7575,10267.08,CHUNGNAM PROVINCIAL22-05,충남지역개발22-05,KR,CHUNGNAM PROVINCIAL DEVELOPMENT22-05,장내,충남지역개발채권 22-05,KR2022022C52,충청남도,Y,16,매우낮은위험(6등급),2026-08-21,,283.0,,1.05,국공채,지역개발,,N,active,N,Y,,,6,1,N
,3.837,,,,고정금리,복리채,지역개발채,공모,77990245000,,,,,6.0435,,,KRW,,,10449.26,2.0513,10449.26,9016.0,2023-10-31,4.725,0.0,99,100.0,2026-08-21,1,77790680000.0,2023-09-30,2028-09-30,3.837,6.0217,10450.36,2.0561,10450.36,KYUNGKI PROVINCIAL23-09,경기지역개발23-09,KR,KYUNGKI PROVINCIAL DEVELOPMENT23-09,장내,경기지역개발채권 23-09,KR2044022D97,경기도,Y,16,매우낮은위험(6등급),2026-08-21,,771.0,,2.5,국공채,지역개발,,N,active,N,Y,,,6,1,N
,4.256,,,,고정금리,복리채,지역개발채,공모,18596365000,,,,,23.7082,,,KRW,,,9108.95,4.4688,9108.95,9086.0,2026-04-30,4.039,0.0,99,100.0,2026-08-21,1,18481260000.0,2026-03-31,2031-03-31,4.256,23.6679,9109.99,4.4832,9109.99,KYUNGBUK PROVINCIAL26-03,경북지역개발26-03,KR,KYUNGBUK PROVINCIAL DEVELOPMENT26-03,장내,경북지역개발채권 26-03,KR2077022G37,경상북도,Y,16,매우낮은위험(6등급),2026-08-21,,1683.0,,2.0,국공채,지역개발,,N,active,N,Y,,,6,1,N
,3.903,,,,고정금리,이표채,할부금융채,공모,80000000000,,,,,0.0267,A0,2024-11-28,KRW,,,10113.21,0.1017,10113.21,,,,0.0,99,100.0,2026-08-21,1,80000000000.0,2024-11-28,2026-09-28,3.903,0.0231,10114.28,0.0998,10114.28,KIC119-3,한국투자캐피탈119-3,KR,Korea Investment Capital119-3,장외,한국투자캐피탈119-3,KR621434AEB8,한국투자캐피탈(주),Y,14,보통위험(4등급),2026-08-21,,38.0,,4.595,회사채,일반사채,,N,active,N,Y,A,6,4,1,N
,3.528,,,,고정금리,복리채,도시철도공채,공모,8262575000,,,,,2.1407,,,KRW,,,10137.76,1.0813,10137.76,8330.0,2022-10-31,4.894,0.0,99,100.0,2026-08-21,1,8220775000.0,2022-09-30,2027-09-30,3.528,2.1214,10138.74,1.0827,10138.74,BUSAN SUBWAY22-09,부산도시철도22-09,KR,BUSAN SUBWAY22-09,장내,부산도시철도공채증권 22-09,KR2006024C95,부산광역시,Y,16,매우낮은위험(6등급),2026-08-21,,405.0,,1.05,국공채,도시철도,,N,active,N,Y,,,6,1,N
,4.31,,,,고정금리,복리채,도시철도공채,공모,3082500000,,,,,26.1137,,,KRW,,,8992.92,4.7075,8992.92,8952.0,2026-07-31,4.356,0.0,99,100.0,2026-08-21,1,3082500000.0,2026-06-30,2031-06-30,4.31,26.083,8993.95,4.7226,8993.95,DAEGU SUBWAY26-06,대구도시철도26-06,KR,DAEGU SUBWAY26-06,장내,대구도시철도공채증권 26-06,KR2007024G65,대구광역시,Y,16,매우낮은위험(6등급),2026-08-21,,1774.0,,2.0,국공채,도시철도,,N,active,N,Y,,,6,1,N
,4.302,,,,고정금리,복리채,국민주택1종,공모,1260109150000,,,,,26.9774,,,KRW,,,8534.16,4.7895,8534.16,0.0,,0.0,0.0,99,100.0,2026-08-21,1,1257931210000.0,2026-07-31,2031-07-31,4.302,26.9516,8535.12,4.8047,8535.12,KNHB (Ⅰ)26-07,국민주택1종26-07,KR,KOREA NATIONAL HOUSING BOND (Ⅰ)26-07,장내,국민주택1종채권 26-07,KR101501DG77,대한민국,Y,16,매우낮은위험(6등급),2026-08-21,,1805.0,,1.0,국공채,국민주택,,N,active,N,Y,,,6,1,N
,4.246,,,,고정금리,이표채,국고채권,공모,14169000000000,,,,,41.1545,,,KRW,,,9479.54,5.9986,9479.54,0.0,,0.0,0.0,99,100.0,2026-08-21,1,15035000000000.0,2023-06-10,2033-06-10,4.246,41.1252,9480.63,6.0074,9480.63,KTB03250-3306(23-5),국고03250-3306(23-5),KR,KOREA TREASURY BOND03250-3306(23-5),장내,국고채권 03250-3306(23-5),KR103502GD64,대한민국,Y,16,매우낮은위험(6등급),2026-08-21,,2485.0,,3.25,국공채,국고채,,N,active,N,Y,,,6,1,N
,4.294,,,,고정금리,복리채,도시철도공채,공모,50269905000,,,,,25.305,,,KRW,,,9663.55,4.6289,9663.55,9255.0,2024-06-28,3.588,0.0,99,100.0,2026-08-21,1,50048610000.0,2024-05-31,2031-05-31,4.294,25.2705,9664.65,4.6439,9664.65,SEOUL SUBWAY24-05,서울도시철도24-05,KR,SEOUL METROPOLITAN CITY SUBWAY BOND24-05,장내,서울도시철도공채증권 24-05,KR2001024E52,서울특별시,Y,16,매우낮은위험(6등급),2026-08-21,,1744.0,,2.5,국공채,도시철도,,N,active,N,Y,,,6,1,N
,4.402,,,,고정금리,복리채,도시철도공채,공모,49360640000,,,,,34.8755,,,KRW,,,9243.43,5.5119,9243.43,9660.0,2025-05-30,2.952,0.0,99,100.0,2026-08-21,1,49309595000.0,2025-04-30,2032-04-30,4.402,34.8387,9244.51,5.5307,9244.51,SEOUL SUBWAY25-04,서울도시철도25-04,KR,SEOUL METROPOLITAN CITY SUBWAY BOND25-04,장내,서울도시철도공채증권 25-04,KR2001024F44,서울특별시,Y,16,매우낮은위험(6등급),2026-08-21,,2079.0,,2.5,국공채,도시철도,,N,active,N,Y,,,6,1,N
,4.462,,,,고정금리,복리채,도시철도공채,공모,53802610000,,,,,49.3495,,,KRW,,,8479.19,6.6384,8479.19,8461.0,2026-07-31,4.457,0.0,99,100.0,2026-08-21,1,53651465000.0,2026-06-30,2033-06-30,4.462,49.3121,8480.19,6.661,8480.19,SEOUL SUBWAY26-06,서울도시철도26-06,KR,SEOUL METROPOLITAN CITY SUBWAY BOND26-06,장내,서울도시철도공채증권 26-06,KR2001024G68,서울특별시,Y,16,매우낮은위험(6등급),2026-08-21,,2505.0,,2.0,국공채,도시철도,,N,active,N,Y,,,6,1,N
,3.695,,,,고정금리,복리채,지역개발채,공모,17303560000,,,,,3.8051,,,KRW,,,10671.0,1.5666,10671.0,9468.0,2023-04-28,3.683,0.0,99,100.0,2026-08-21,1,17253640000.0,2023-03-31,2028-03-31,3.695,3.7658,10672.05,1.5701,10672.05,CHUNGBUK PROVINCIAL23-03,충북지역개발23-03,KR,CHUNGBUK PROVINCIAL DEVELOPMENT23-03,장내,충북지역개발채권 23-03,KR2033022D33,충청북도,Y,16,매우낮은위험(6등급),2026-08-21,,588.0,,2.5,국공채,지역개발,,N,active,N,Y,,,6,1,N
,3.528,,,,고정금리,복리채,지역개발채,공모,100451620000,,,,,2.1407,,,KRW,,,10137.76,1.0813,10137.76,8330.0,2022-10-31,4.894,0.0,99,100.0,2026-08-21,1,100280870000.0,2022-09-30,2027-09-30,3.528,2.1214,10138.74,1.0827,10138.74,KYUNGKI PROVINCIAL22-09,경기지역개발22-09,KR,KYUNGKI PROVINCIAL DEVELOPMENT22-09,장내,경기지역개발채권 22-09,KR2044022C98,경기도,Y,16,매우낮은위험(6등급),2026-08-21,,405.0,,1.05,국공채,지역개발,,N,active,N,Y,,,6,1,N
,3.64,,,,고정금리,복리채,지역개발채,공모,123859815000,,,,,3.193,,,KRW,,,10741.99,1.4099,10741.99,9302.0,2023-02-28,4.056,0.0,99,100.0,2026-08-21,1,117663485000.0,2023-01-31,2028-01-31,3.64,3.1526,10743.05,1.4128,10743.05,KYUNGKI PROVINCIAL23-01,경기지역개발23-01,KR,KYUNGKI PROVINCIAL DEVELOPMENT23-01,장내,경기지역개발채권 23-01,KR2044022D14,경기도,Y,16,매우낮은위험(6등급),2026-08-21,,528.0,,2.5,국공채,지역개발,,N,active,N,Y,,,6,1,N
,3.946,,,,고정금리,복리채,지역개발채,공모,75601980000,,,,,9.1116,,,KRW,,,10193.4,2.6151,10193.4,9462.0,2024-05-31,3.702,0.0,99,100.0,2026-08-21,1,75346285000.0,2024-04-30,2029-04-30,3.946,9.075,10194.47,2.6223,10194.47,KYUNGKI PROVINCIAL24-04,경기지역개발24-04,KR,KYUNGKI PROVINCIAL DEVELOPMENT24-04,장내,경기지역개발채권 24-04,KR2044022E47,경기도,Y,16,매우낮은위험(6등급),2026-08-21,,983.0,,2.5,국공채,지역개발,,N,active,N,Y,,,6,1,N
,4.275,,,,고정금리,복리채,지역개발채,공모,15319400000,,,,,24.4856,,,KRW,,,9070.23,4.5476,9070.23,8959.0,2026-05-29,4.334,0.0,99,100.0,2026-08-21,1,15193280000.0,2026-04-30,2031-04-30,4.275,24.4481,9071.26,4.5623,9071.26,CHUNNAM PROVINCIAL26-04,전남지역개발26-04,KR,CHUNNAM PROVINCIAL DEVELOPMENT26-04,장내,전남지역개발채권 26-04,KR2066022G48,전남광주통합특별시,Y,16,매우낮은위험(6등급),2026-08-21,,1713.0,,2.0,국공채,지역개발,,N,active,N,Y,,,6,1,N
,3.557,,,,고정금리,복리채,도시철도공채,공모,5745755000,,,,,2.3767,,,KRW,,,10104.19,1.1643,10104.19,8512.0,2022-11-30,4.431,0.0,99,100.0,2026-08-21,1,5745755000.0,2022-10-31,2027-10-31,3.557,2.3489,10105.17,1.1662,10105.17,BUSAN SUBWAY22-10,부산도시철도22-10,KR,BUSAN SUBWAY22-10,장내,부산도시철도공채증권 22-10,KR2006024CA9,부산광역시,Y,16,매우낮은위험(6등급),2026-08-21,,436.0,,1.05,국공채,도시철도,,N,active,N,Y,,,6,1,N
,3.858,,,,고정금리,복리채,도시철도공채,공모,5882730000,,,,,6.8382,,,KRW,,,10378.27,2.2144,10378.27,9493.0,2023-12-28,3.627,0.0,99,100.0,2026-08-21,1,5865175000.0,2023-11-30,2028-11-30,3.858,6.8033,10379.36,2.2201,10379.36,BUSAN SUBWAY23-11,부산도시철도23-11,KR,BUSAN SUBWAY23-11,장내,부산도시철도공채증권 23-11,KR2006024DB5,부산광역시,Y,16,매우낮은위험(6등급),2026-08-21,,832.0,,2.5,국공채,도시철도,,N,active,N,Y,,,6,1,N
,3.39,,,,고정금리,복리채,지역개발채,공모,10489185000,,,,,1.2125,,,KRW,,,10266.15,0.7569,10266.15,8711.0,2022-06-30,3.942,0.0,99,100.0,2026-08-21,1,10487215000.0,2022-05-31,2027-05-31,3.39,1.1828,10267.08,0.7575,10267.08,ULSAN PROVINCIAL22-05,울산지역개발22-05,KR,ULSAN PROVINCIAL DEVELOPMENT22-05,장내,울산지역개발채권 22-05,KR2008012C53,울산광역시,Y,16,매우낮은위험(6등급),2026-08-21,,283.0,,1.05,국공채,지역개발,,N,active,N,Y,,,6,1,N
,2.992,,,,고정금리,이표채,일반특수법인채,공모,140000000000,,,,,0.0207,AAA,2021-09-13,KRW,,,10078.19,0.0613,10078.19,0.0,,0.0,0.0,99,100.0,2026-08-21,1,140000000000.0,2021-09-13,2026-09-13,2.992,0.0155,10079.01,0.0594,10079.01,KORAIL203,한국철도공사203,KR,KOREA RAILROAD CORPORATION203,장내,한국철도공사 203,KR354601GB99,한국철도공사,Y,16,매우낮은위험(6등급),2026-08-21,,23.0,,1.941,특수채,공사채,,N,active,N,Y,AAA,1,6,1,N
,4.025,,,,고정금리,복리채,지역개발채,공모,71775985000,,,,,10.6978,,,KRW,,,10073.08,2.8569,10073.08,9684.0,2024-08-30,3.213,0.0,99,100.0,2026-08-21,1,71639730000.0,2024-07-31,2029-07-31,4.025,10.6774,10074.14,2.8644,10074.14,KYUNGKI PROVINCIAL24-07,경기지역개발24-07,KR,KYUNGKI PROVINCIAL DEVELOPMENT24-07,장내,경기지역개발채권 24-07,KR2044022E70,경기도,Y,16,매우낮은위험(6등급),2026-08-21,,1075.0,,2.5,국공채,지역개발,,N,active,N,Y,,,6,1,N
,4.256,,,,고정금리,복리채,지역개발채,공모,9742400000,,,,,23.7082,,,KRW,,,9108.95,4.4688,9108.95,9086.0,2026-04-30,4.039,0.0,99,100.0,2026-08-21,1,9721835000.0,2026-03-31,2031-03-31,4.256,23.6679,9109.99,4.4832,9109.99,JUNBUK PROVINCIAL26-03,전북지역개발26-03,KR,JUNBUK PROVINCIAL DEVELOPMENT26-03,장내,전북지역개발채권26-03,KR2055022G33,전라북도,Y,16,매우낮은위험(6등급),2026-08-21,,1683.0,,2.0,국공채,지역개발,,N,active,N,Y,,,6,1,N
,3.699,,,,고정금리,복리채,국민주택1종,공모,1116026750000,,,,,4.8868,,,KRW,,,9970.1,1.8082,9970.1,8837.0,2023-07-31,3.902,0.0,99,100.0,2026-08-21,1,1113174100000.0,2023-06-30,2028-06-30,3.699,4.8619,9971.08,1.812,9971.08,KNHB (Ⅰ)23-06,국민주택1종23-06,KR,KOREA NATIONAL HOUSING BOND (Ⅰ)23-06,장내,국민주택1종채권 23-06,KR101501DD62,대한민국,Y,16,매우낮은위험(6등급),2026-08-21,,679.0,,1.3,국공채,국민주택,,N,active,N,Y,,,6,1,N
,3.773,,,,고정금리,복리채,국민주택1종,공모,1149024000000,,,,,6.8489,,,KRW,,,9802.97,2.2157,9802.97,8955.5,2023-12-28,3.615,0.0,99,100.0,2026-08-21,1,1145228760000.0,2023-11-30,2028-11-30,3.773,6.8136,9803.97,2.2211,9803.97,KNHB (Ⅰ)23-11,국민주택1종23-11,KR,KOREA NATIONAL HOUSING BOND (Ⅰ)23-11,장내,국민주택1종채권 23-11,KR101501DDB9,대한민국,Y,16,매우낮은위험(6등급),2026-08-21,,832.0,,1.3,국공채,국민주택,,N,active,N,Y,,,6,1,N
,3.972,,,,고정금리,복리채,국민주택1종,공모,1207712470000,,,,,15.3018,,,KRW,,,9266.63,3.5063,9266.63,9430.0,2025-04-30,2.537,0.0,99,100.0,2026-08-21,1,1204384110000.0,2025-03-31,2030-03-31,3.972,15.2612,9267.62,3.5165,9267.62,KNHB (Ⅰ)25-03,국민주택1종25-03,KR,KOREA NATIONAL HOUSING BOND (Ⅰ)25-03,장내,국민주택1종채권 25-03,KR101501DF37,대한민국,Y,16,매우낮은위험(6등급),2026-08-21,,1318.0,,1.3,국공채,국민주택,,N,active,N,Y,,,6,1,N
,4.106,,,,고정금리,복리채,도시철도공채,공모,58375975000,,,,,16.5776,,,KRW,,,10147.51,3.6646,10147.51,8960.0,2023-06-30,4.077,0.0,99,100.0,2026-08-21,1,58281195000.0,2023-05-31,2030-05-31,4.106,16.5435,10148.62,3.6755,10148.62,SEOUL SUBWAY23-05,서울도시철도23-05,KR,SEOUL METROPOLITAN CITY SUBWAY BOND23-05,장내,서울도시철도공채증권 23-05,KR2001024D53,서울특별시,Y,16,매우낮은위험(6등급),2026-08-21,,1379.0,,2.5,국공채,도시철도,,N,active,N,Y,,,6,1,N
,4.396,,,,고정금리,복리채,도시철도공채,공모,51339415000,,,,,33.9459,,,KRW,,,9279.25,5.4328,9279.25,9740.0,2025-04-30,2.829,0.0,99,100.0,2026-08-21,1,51190685000.0,2025-03-31,2032-03-31,4.396,33.9072,9280.34,5.4514,9280.34,SEOUL SUBWAY25-03,서울도시철도25-03,KR,SEOUL METROPOLITAN CITY SUBWAY BOND25-03,장내,서울도시철도공채증권 25-03,KR2001024F36,서울특별시,Y,16,매우낮은위험(6등급),2026-08-21,,2049.0,,2.5,국공채,도시철도,,N,active,N,Y,,,6,1,N
,4.454,,,,고정금리,복리채,도시철도공채,공모,40857255000,,,,,47.1126,,,KRW,,,8545.06,6.4779,8545.06,8493.0,2026-05-29,4.397,0.0,99,100.0,2026-08-21,1,40682805000.0,2026-04-30,2033-04-30,4.454,47.0716,8546.07,6.5002,8546.07,SEOUL SUBWAY26-04,서울도시철도26-04,KR,SEOUL METROPOLITAN CITY SUBWAY BOND26-04,장내,서울도시철도공채증권 26-04,KR2001024G43,서울특별시,Y,16,매우낮은위험(6등급),2026-08-21,,2444.0,,2.0,국공채,도시철도,,N,active,N,Y,,,6,1,N
,3.557,,,,고정금리,복리채,지역개발채,공모,6044155000,,,,,2.3767,,,KRW,,,10104.19,1.1643,10104.19,8512.0,2022-11-30,4.431,0.0,99,100.0,2026-08-21,1,6036575000.0,2022-10-31,2027-10-31,3.557,2.3489,10105.17,1.1662,10105.17,DAEJON PROVINCIAL22-10,대전지역개발22-10,KR,DAEJON PROVINCIAL DEVELOPMENT22-10,장내,대전지역개발채권22-10,KR2003022CA6,대전광역시,Y,16,매우낮은위험(6등급),2026-08-21,,436.0,,1.05,국공채,지역개발,,N,active,N,Y,,,6,1,N
,4.293,,,,고정금리,복리채,지역개발채,공모,4014135000,,,,,25.3051,,,KRW,,,9030.69,4.6289,9030.69,8977.0,2026-06-30,4.294,0.0,99,100.0,2026-08-21,1,3997930000.0,2026-05-31,2031-05-31,4.293,25.2707,9031.71,4.6439,9031.71,DAEJON PROVINCIAL26-05,대전지역개발26-05,KR,DAEJON PROVINCIAL DEVELOPMENT26-05,장내,대전지역개발채권26-05,KR2003022G58,대전광역시,N,16,매우낮은위험(6등급),2026-08-21,,1744.0,,2.0,국공채,지역개발,,N,active,N,Y,,,6,1,N
,4.201,,,,고정금리,복리채,지역개발채,공모,11986465000,,,,,21.467,,,KRW,,,9224.26,4.2313,9224.26,9247.0,2026-01-30,3.668,0.0,99,100.0,2026-08-21,1,11961680000.0,2025-12-31,2030-12-31,4.201,21.4266,9225.31,4.2447,9225.31,BUSAN PROVINCIAL25-12,부산지역개발25-12,KR,BUSAN PROVINCIAL DEVELOPMENT25-12,장내,부산지역개발채권 25-12,KR2006022FC2,부산광역시,Y,16,매우낮은위험(6등급),2026-08-21,,1593.0,,2.0,국공채,지역개발,,N,active,N,Y,,,6,1,N
,4.071,,,,고정금리,복리채,도시철도공채,공모,3021155000,,,,,13.4582,,,KRW,,,9891.91,3.2645,9891.91,9811.0,2025-01-31,2.941,0.0,99,100.0,2026-08-21,1,3021155000.0,2024-12-31,2029-12-31,4.071,13.4179,9892.99,3.2741,9892.99,DAEGU SUBWAY24-12,대구도시철도24-12,KR,DAEGU SUBWAY24-12,장내,대구도시철도공채증권 24-12,KR2007024EC0,대구광역시,Y,16,매우낮은위험(6등급),2026-08-21,,1228.0,,2.5,국공채,도시철도,,N,active,N,Y,,,6,1,N
,4.256,,,,고정금리,복리채,도시철도공채,공모,3329125000,,,,,23.7082,,,KRW,,,9108.95,4.4688,9108.95,9087.0,2026-04-30,4.036,0.0,99,100.0,2026-08-21,1,3329125000.0,2026-03-31,2031-03-31,4.256,23.6679,9109.99,4.4832,9109.99,DAEGU SUBWAY26-03,대구도시철도26-03,KR,DAEGU SUBWAY26-03,장내,대구도시철도공채증권 26-03,KR2007024G32,대구광역시,Y,16,매우낮은위험(6등급),2026-08-21,,1683.0,,2.0,국공채,도시철도,,N,active,N,Y,,,6,1,N
,3.048,,,,고정금리,이표채,국고채권,공모,13063000000000,,,,,0.2076,,,KRW,,,9982.69,0.2996,9982.69,0.0,,0.0,0.0,99,100.0,2026-08-21,1,12254000000000.0,2016-12-10,2026-12-10,3.048,0.196,9983.51,0.2981,9983.51,KTB01500-2612(16-8),국고01500-2612(16-8),KR,KOREA TREASURY BOND01500-2612(16-8),장내,국고채권 01500-2612(16-8),KR103502G6C4,대한민국,Y,16,매우낮은위험(6등급),2026-08-21,,111.0,,1.5,국공채,국고채,,N,active,N,Y,,,6,1,N
,3.878,,,,고정금리,복리채,지역개발채,공모,12264900000,,,,,7.7215,,,KRW,,,10306.47,2.3796,10306.47,9478.0,2024-02-29,3.662,0.0,99,100.0,2026-08-21,1,12222225000.0,2024-01-31,2029-01-31,3.878,7.6808,10307.55,2.386,10307.55,CHUNGNAM PROVINCIAL24-01,충남지역개발24-01,KR,CHUNGNAM PROVINCIAL DEVELOPMENT24-01,장내,충남지역개발채권 24-01,KR2022022E19,충청남도,Y,16,매우낮은위험(6등급),2026-08-21,,894.0,,2.5,국공채,지역개발,,N,active,N,Y,,,6,1,N
,3.92,,,,고정금리,복리채,지역개발채,공모,17044405000,,,,,8.6272,,,KRW,,,10232.58,2.5359,10232.58,9416.0,2024-04-30,3.803,0.0,99,100.0,2026-08-21,1,16977740000.0,2024-03-31,2029-03-31,3.92,8.5877,10233.65,2.5429,10233.65,CHUNGNAM PROVINCIAL24-03,충남지역개발24-03,KR,CHUNGNAM PROVINCIAL DEVELOPMENT24-03,장내,충남지역개발채권 24-03,KR2022022E35,충청남도,Y,16,매우낮은위험(6등급),2026-08-21,,953.0,,2.5,국공채,지역개발,,N,active,N,Y,,,6,1,N
,4.275,,,,고정금리,복리채,지역개발채,공모,47485790000,,,,,24.4856,,,KRW,,,9070.23,4.5476,9070.23,8959.0,2026-05-29,4.334,0.0,99,100.0,2026-08-21,1,47355350000.0,2026-04-30,2031-04-30,4.275,24.4481,9071.26,4.5623,9071.26,KYUNGKI PROVINCIAL26-04,경기지역개발26-04,KR,KYUNGKI PROVINCIAL DEVELOPMENT26-04,장내,경기지역개발채권 26-04,KR2044022G45,경기도,Y,16,매우낮은위험(6등급),2026-08-21,,1713.0,,2.0,국공채,지역개발,,N,active,N,Y,,,6,1,N
,3.528,,,,고정금리,복리채,지역개발채,공모,17902875000,,,,,2.1407,,,KRW,,,10137.76,1.0813,10137.76,8330.0,2022-10-31,4.894,0.0,99,100.0,2026-08-21,1,17837365000.0,2022-09-30,2027-09-30,3.528,2.1214,10138.74,1.0827,10138.74,CHUNNAM PROVINCIAL22-09,전남지역개발22-09,KR,CHUNNAM PROVINCIAL DEVELOPMENT22-09,장내,전남지역개발채권 22-09,KR2066022C91,전남광주통합특별시,Y,16,매우낮은위험(6등급),2026-08-21,,405.0,,1.05,국공채,지역개발,,N,active,N,Y,,,6,1,N
,3.847,,,,고정금리,복리채,지역개발채,공모,2006295000,,,,,6.4381,,,KRW,,,10413.31,2.1343,10413.31,9327.0,2023-11-30,4.003,0.0,99,100.0,2026-08-21,1,2003405000.0,2023-10-31,2028-10-31,3.847,6.4085,10414.39,2.1395,10414.39,BUSAN PROVINCIAL23-10,부산지역개발23-10,KR,BUSAN PROVINCIAL DEVELOPMENT23-10,장내,부산지역개발채권 23-10,KR2006022DA1,부산광역시,Y,16,매우낮은위험(6등급),2026-08-21,,802.0,,2.5,국공채,지역개발,,N,active,N,Y,,,6,1,N
,3.777,,,,고정금리,복리채,도시철도공채,공모,9738795000,,,,,4.8797,,,KRW,,,10560.15,1.8072,10560.15,9273.0,2023-07-31,4.128,0.0,99,100.0,2026-08-21,1,9738795000.0,2023-06-30,2028-06-30,3.777,4.8549,10561.21,1.8112,10561.21,BUSAN SUBWAY23-06,부산도시철도23-06,KR,BUSAN SUBWAY23-06,장내,부산도시철도공채증권 23-06,KR2006024D60,부산광역시,Y,16,매우낮은위험(6등급),2026-08-21,,679.0,,2.5,국공채,도시철도,,N,active,N,Y,,,6,1,N
,4.025,,,,고정금리,복리채,도시철도공채,공모,8389220000,,,,,10.6978,,,KRW,,,10073.08,2.8569,10073.08,9684.0,2024-08-30,3.213,0.0,99,100.0,2026-08-21,1,8389220000.0,2024-07-31,2029-07-31,4.025,10.6774,10074.14,2.8644,10074.14,BUSAN SUBWAY24-07,부산도시철도24-07,KR,BUSAN SUBWAY24-07,장내,부산도시철도공채증권 24-07,KR2006024E77,부산광역시,Y,16,매우낮은위험(6등급),2026-08-21,,1075.0,,2.5,국공채,도시철도,,N,active,N,Y,,,6,1,N
,3.336,,,,고정금리,복리채,지역개발채,공모,7271225000,,,,,1.0,,,KRW,,,10298.82,0.6746,10298.82,8970.0,2022-05-31,3.327,0.0,99,100.0,2026-08-21,1,7222035000.0,2022-04-30,2027-04-30,3.336,0.9648,10299.74,0.675,10299.74,KYUNGNAM PROVINCIAL22-04,경남지역개발22-04,KR,KYUNGNAM PROVINCIAL DEVELOPMENT22-04,장내,경남지역개발채권 22-04,KR2088012C48,경상남도,Y,16,매우낮은위험(6등급),2026-08-21,,252.0,,1.05,국공채,지역개발,,N,active,N,Y,,,6,1,N
,4.183,,,,고정금리,복리채,지역개발채,공모,8209900000,,,,,20.7278,,,KRW,,,9263.75,4.1492,9263.75,9333.0,2025-12-30,3.473,0.0,99,100.0,2026-08-21,1,8190425000.0,2025-11-30,2030-11-30,4.183,20.6904,9264.8,4.1621,9264.8,JUNBUK PROVINCIAL25-11,전북지역개발25-11,KR,JUNBUK PROVINCIAL DEVELOPMENT25-11,장내,전북지역개발채권25-11,KR2055022FB4,전라북도,Y,16,매우낮은위험(6등급),2026-08-21,,1562.0,,2.0,국공채,지역개발,,N,active,N,Y,,,6,1,N
,4.275,,,,고정금리,이표채,일반특수법인채,공모,200000000000,,,,,12.0738,AAA,2020-01-06,KRW,,,9214.17,3.232,9214.17,0.0,,0.0,0.0,99,100.0,2026-08-21,1,200000000000.0,2020-01-06,2030-01-06,4.275,12.0546,9215.22,3.2359,9215.22,KEPCO1015,한국전력1015,KR,KOREA ELECTRIC POWER CORPCORPORATION1015,장내,한국전력공사채권1015,KR350102GA19,한국전력공사(주),Y,16,매우낮은위험(6등급),2026-08-21,,1234.0,,1.684,특수채,공사채,,N,active,N,Y,AAA,1,6,1,N
,3.999,,,,고정금리,복리채,도시철도공채,공모,7393585000,,,,,10.1467,,,KRW,,,10113.74,2.7756,10113.74,9687.0,2024-07-31,3.208,0.0,99,100.0,2026-08-21,1,7328360000.0,2024-06-30,2029-06-30,3.999,10.1197,10114.81,2.783,10114.81,BUSAN SUBWAY24-06,부산도시철도24-06,KR,BUSAN SUBWAY24-06,장내,부산도시철도공채증권 24-06,KR2006024E69,부산광역시,Y,16,매우낮은위험(6등급),2026-08-21,,1044.0,,2.5,국공채,도시철도,,N,active,N,Y,,,6,1,N
,3.557,,,,고정금리,복리채,지역개발채,공모,10258385000,,,,,2.3767,,,KRW,,,10104.19,1.1643,10104.19,8512.0,2022-11-30,4.431,0.0,99,100.0,2026-08-21,1,10205310000.0,2022-10-31,2027-10-31,3.557,2.3489,10105.17,1.1662,10105.17,ULSAN PROVINCIAL22-10,울산지역개발22-10,KR,ULSAN PROVINCIAL DEVELOPMENT22-10,장내,울산지역개발채권 22-10,KR2008012CA2,울산광역시,Y,16,매우낮은위험(6등급),2026-08-21,,436.0,,1.05,국공채,지역개발,,N,active,N,Y,,,6,1,N
,3.973,,,,고정금리,복리채,지역개발채,공모,13959925000,,,,,9.6294,,,KRW,,,10152.91,2.6967,10152.91,9583.0,2024-06-28,3.429,0.0,99,100.0,2026-08-21,1,13813865000.0,2024-05-31,2029-05-31,3.973,9.5969,10153.98,2.7041,10153.98,CHUNGNAM PROVINCIAL24-05,충남지역개발24-05,KR,CHUNGNAM PROVINCIAL DEVELOPMENT24-05,장내,충남지역개발채권 24-05,KR2022022E50,충청남도,Y,16,매우낮은위험(6등급),2026-08-21,,1014.0,,2.5,국공채,지역개발,,N,active,N,Y,,,6,1,N
,3.878,,,,고정금리,복리채,지역개발채,공모,76426530000,,,,,7.7215,,,KRW,,,10306.47,2.3796,10306.47,9478.0,2024-02-29,3.662,0.0,99,100.0,2026-08-21,1,76257715000.0,2024-01-31,2029-01-31,3.878,7.6808,10307.55,2.386,10307.55,KYUNGKI PROVINCIAL24-01,경기지역개발24-01,KR,KYUNGKI PROVINCIAL DEVELOPMENT24-01,장내,경기지역개발채권 24-01,KR2044022E13,경기도,Y,16,매우낮은위험(6등급),2026-08-21,,894.0,,2.5,국공채,지역개발,,N,active,N,Y,,,6,1,N
,4.183,,,,고정금리,복리채,지역개발채,공모,2439205000,,,,,20.7278,,,KRW,,,9263.75,4.1492,9263.75,9333.0,2025-12-30,3.473,0.0,99,100.0,2026-08-21,1,2409290000.0,2025-11-30,2030-11-30,4.183,20.6904,9264.8,4.1621,9264.8,KYUNGNAM PROVINCIAL25-11,경남지역개발25-11,KR,KYUNGNAM PROVINCIAL DEVELOPMENT25-11,장내,경남지역개발채권 25-11,KR2088022FB5,경상남도,N,16,매우낮은위험(6등급),2026-08-21,,1562.0,,2.0,국공채,지역개발,,N,active,N,Y,,,6,1,N
,3.67,,,,고정금리,복리채,국민주택1종,공모,1111218610000,,,,,4.5149,,,KRW,,,10004.6,1.729,10004.6,8800.0,2023-06-30,3.988,0.0,99,100.0,2026-08-21,1,1102037040000.0,2023-05-31,2028-05-31,3.67,4.4838,10005.58,1.7328,10005.58,KNHB (Ⅰ)23-05,국민주택1종23-05,KR,KOREA NATIONAL HOUSING BOND (Ⅰ)23-05,장내,국민주택1종채권 23-05,KR101501DD54,대한민국,Y,16,매우낮은위험(6등급),2026-08-21,,649.0,,1.3,국공채,국민주택,,N,active,N,Y,,,6,1,N
,4.409,,,,고정금리,이표채,국고채권,공모,9849000000000,,,,,90.0366,,,KRW,,,7723.92,9.0149,7723.92,0.0,,0.0,0.0,99,100.0,2026-08-21,1,9169000000000.0,2016-09-10,2036-09-10,4.409,89.9979,7724.85,9.0294,7724.85,KTB01500-3609(16-6),국고01500-3609(16-6),KR,KOREA TREASURY BOND01500-3609(16-6),장내,국고채권 01500-3609(16-6),KR103502G693,대한민국,Y,16,매우낮은위험(6등급),2026-08-21,,3673.0,,1.5,국공채,국고채,,N,active,N,Y,,,6,1,N
,4.626,,,,고정금리,이표채,국고채권,공모,11557768800000,,,,,173.3227,,,KRW,,,8597.09,11.8608,8597.09,0.0,,0.0,0.0,99,100.0,2026-08-21,1,8536768799999.999,2022-09-10,2042-09-10,4.626,173.2603,8598.17,11.8809,8598.17,KTB03250-4209(22-11),국고03250-4209(22-11),KR,KOREA TREASURY BOND03250-4209(22-11),장내,국고채권 03250-4209(22-11),KR103504GC97,대한민국,Y,16,매우낮은위험(6등급),2026-08-21,,5864.0,,3.25,국공채,국고채,,N,active,N,Y,,,6,1,N
,4.098,,,,고정금리,복리채,도시철도공채,공모,58158685000,,,,,15.9037,,,KRW,,,10184.55,3.5828,10184.55,9015.0,2023-05-31,3.986,0.0,99,100.0,2026-08-21,1,58059085000.0,2023-04-30,2030-04-30,4.098,15.8656,10185.66,3.5935,10185.66,SEOUL SUBWAY23-04,서울도시철도23-04,KR,SEOUL METROPOLITAN CITY SUBWAY BOND23-04,장내,서울도시철도공채증권 23-04,KR2001024D46,서울특별시,Y,16,매우낮은위험(6등급),2026-08-21,,1348.0,,2.5,국공채,도시철도,,N,active,N,Y,,,6,1,N
,4.22,,,,고정금리,복리채,도시철도공채,공모,44659950000,,,,,22.2232,,,KRW,,,9828.44,4.3133,9828.44,9121.0,2024-02-29,3.808,0.0,99,100.0,2026-08-21,1,44573705000.0,2024-01-31,2031-01-31,4.22,22.1815,9829.56,4.327,9829.56,SEOUL SUBWAY24-01,서울도시철도24-01,KR,SEOUL METROPOLITAN CITY SUBWAY BOND24-01,장내,서울도시철도공채증권 24-01,KR2001024E11,서울특별시,Y,16,매우낮은위험(6등급),2026-08-21,,1624.0,,2.5,국공채,도시철도,,N,active,N,Y,,,6,1,N
,4.379,,,,고정금리,복리채,도시철도공채,공모,43478230000,,,,,32.1636,,,KRW,,,9351.99,5.277,9351.99,9544.0,2025-02-28,3.129,0.0,99,100.0,2026-08-21,1,43438625000.0,2025-01-31,2032-01-31,4.379,32.1227,9353.09,5.2949,9353.09,SEOUL SUBWAY25-01,서울도시철도25-01,KR,SEOUL METROPOLITAN CITY SUBWAY BOND25-01,장내,서울도시철도공채증권 25-01,KR2001024F10,서울특별시,Y,16,매우낮은위험(6등급),2026-08-21,,1989.0,,2.5,국공채,도시철도,,N,active,N,Y,,,6,1,N
,3.934,,,,고정금리,복리채,국민주택1종,공모,1286396330000,,,,,12.3466,,,KRW,,,9428.84,3.1046,9428.84,9282.0,2024-11-29,2.866,0.0,99,100.0,2026-08-21,1,1272386850000.0,2024-10-31,2029-10-31,3.934,12.315,9429.85,3.1131,9429.85,KNHB (Ⅰ)24-10,국민주택1종24-10,KR,KOREA NATIONAL HOUSING BOND (Ⅰ)24-10,장내,국민주택1종채권 24-10,KR101501DEA9,대한민국,Y,16,매우낮은위험(6등급),2026-08-21,,1167.0,,1.3,국공채,국민주택,,N,active,N,Y,,,6,1,N
,3.776,,,,고정금리,이표채,국고채권,공모,18484000000000,,,,,5.9578,,,KRW,,,9829.06,2.2042,9829.06,0.0,,0.0,0.0,99,100.0,2026-08-21,1,19309000000000.0,2025-12-10,2028-12-10,3.776,5.9401,9830.06,2.2058,9830.06,KTB02750-2812(25-10),국고02750-2812(25-10),KR,KOREA TREASURY BOND02750-2812(25-10),장내,국고채권 02750-2812(25-10),KR103501GFC3,대한민국,Y,16,매우낮은위험(6등급),2026-08-21,,842.0,,2.75,국공채,국고채,,N,active,N,Y,,,6,1,N
,4.165,,,,고정금리,복리채,도시철도공채,공모,44646190000,,,,,20.0291,,,KRW,,,9953.98,4.0696,9953.98,8962.0,2023-11-30,4.073,0.0,99,100.0,2026-08-21,1,44600540000.0,2023-10-31,2030-10-31,4.165,19.9958,9955.11,4.082,9955.11,SEOUL SUBWAY23-10,서울도시철도23-10,KR,SEOUL METROPOLITAN CITY SUBWAY BOND23-10,장내,서울도시철도공채증권 23-10,KR2001024DA2,서울특별시,Y,16,매우낮은위험(6등급),2026-08-21,,1532.0,,2.5,국공채,도시철도,,N,active,N,Y,,,6,1,N
,4.458,,,,고정금리,복리채,도시철도공채,공모,37509755000,,,,,48.2422,,,KRW,,,8511.46,6.5595,8511.46,8528.0,2026-06-30,4.336,0.0,99,100.0,2026-08-21,1,37321720000.0,2026-05-31,2033-05-31,4.458,48.2029,8512.47,6.5821,8512.47,SEOUL SUBWAY26-05,서울도시철도26-05,KR,SEOUL METROPOLITAN CITY SUBWAY BOND26-05,장내,서울도시철도공채증권 26-05,KR2001024G50,서울특별시,Y,16,매우낮은위험(6등급),2026-08-21,,2475.0,,2.0,국공채,도시철도,,N,active,N,Y,,,6,1,N
,4.561,,,,고정금리,이표채,일반회사채,공모,63000000000,,,,,2.9158,A0,2026-04-01,KRW,,,9970.73,1.5794,9970.73,0.0,,0.0,0.0,99,100.0,2026-08-21,1,63000000000.0,2026-04-15,2028-04-14,4.561,2.9068,9971.96,1.579,9971.96,CJ  FRESHWAY16-2,씨제이프레시웨이16-2,KR,CJ  FRESHWAY16-2,장내,씨제이프레시웨이16-2,KR6051502G45,씨제이프레시웨이(주),Y,14,보통위험(4등급),2026-08-21,,602.0,,4.115,회사채,일반사채,,N,active,N,Y,A,6,4,1,N
,3.787,,,,고정금리,이표채,일반회사채,공모,42000000000,,,,,0.2622,BBB+,2025-01-21,KRW,,,10046.04,0.4097,10046.04,0.0,,0.0,0.0,99,100.0,2026-08-21,1,42000000000.0,2025-01-21,2027-01-21,3.787,0.2577,10047.06,0.4081,10047.06,HANJIN TRNSPT122-1,한진122-1,KR,HANJIN TRANSPORTATION122-1,장내,한진122-1,KR6002321F14,(주)한진,Y,13,다소높은위험(3등급),2026-08-21,,153.0,,4.077,회사채,일반사채,,N,active,N,Y,BBB+,8,3,1,N
,4.348,,,,고정금리,이표채,일반회사채,공모,200000000000,,,,,10.0976,AA+,2019-10-16,KRW,,,9261.78,3.0379,9261.78,0.0,,0.0,0.0,99,100.0,2026-08-21,1,200000000000.0,2019-10-16,2029-10-16,4.348,10.0829,9262.86,3.0386,9262.86,POSCO310-3,POSCO310-3,KR,POSCO310-3,장내,POSCO 310-3,KR60054939A8,(주)포스코,Y,15,낮은위험(5등급),2026-08-21,,1152.0,,1.771,회사채,일반사채,,N,active,N,Y,AA+,2,5,1,N
,4.613,,,,고정금리,이표채,일반회사채,공모,20000000000,,,,,2.2132,BBB+,2026-07-09,KRW,,,10042.88,1.3631,10042.88,0.0,,0.0,0.0,99,100.0,2026-08-21,1,20000000000.0,2026-07-23,2028-01-21,4.613,2.2051,10044.13,1.3625,10044.13,HANJIN TRNSPT127-2,한진127-2,KR,HANJIN TRANSPORTATION127-2,장내,한진127-2,KR6002322G79,(주)한진,Y,13,다소높은위험(3등급),2026-08-21,,518.0,,4.661,회사채,일반사채,,N,active,N,Y,BBB+,8,3,1,N
,3.691,,,,고정금리,이표채,일반회사채,공모,80000000000,,,,,0.3799,AA-,2020-02-26,KRW,,,9948.87,0.506,9948.87,0.0,,0.0,0.0,99,100.0,2026-08-21,1,80000000000.0,2020-02-26,2027-02-26,3.691,0.377,9949.87,0.5043,9949.87,HD HYUNDAI OILBANK122-3,에이치디현대오일뱅크122-3,KR,HD HYUNDAI OILBANK122-3,장내,에이치디현대오일뱅크 122-3,KR6004053A27,에이치디현대오일뱅크(주),Y,15,낮은위험(5등급),2026-08-21,,189.0,,1.829,회사채,일반사채,,N,active,N,Y,AA-,4,5,1,N
,4.071,,,,고정금리,복리채,지역개발채,공모,14032280000,,,,,13.4582,,,KRW,,,9891.91,3.2645,9891.91,9811.0,2025-01-31,2.941,0.0,99,100.0,2026-08-21,1,13968710000.0,2024-12-31,2029-12-31,4.071,13.4179,9892.99,3.2741,9892.99,BUSAN PROVINCIAL24-12,부산지역개발24-12,KR,BUSAN PROVINCIAL DEVELOPMENT24-12,장내,부산지역개발채권 24-12,KR2006012EC6,부산광역시,Y,16,매우낮은위험(6등급),2026-08-21,,1228.0,,2.5,국공채,지역개발,,N,active,N,Y,,,6,1,N
,4.13,,,,고정금리,복리채,도시철도공채,공모,4502980000,,,,,18.6593,,,KRW,,,9611.9,3.9071,9611.9,9827.0,2025-09-30,2.906,0.0,99,100.0,2026-08-21,1,4502980000.0,2025-08-31,2030-08-31,4.13,18.6396,9612.99,3.9185,9612.99,BUSAN SUBWAY25-08,부산도시철도25-08,KR,BUSAN SUBWAY25-08,장내,부산도시철도공채증권25-08,KR2006014F86,부산광역시,Y,16,매우낮은위험(6등급),2026-08-21,,1471.0,,2.5,국공채,도시철도,,N,active,N,Y,,,6,1,N
,3.883,,,,고정금리,이표채,신용카드채,공모,110000000000,,,,,0.7946,AA+,2024-06-07,KRW,,,10063.97,0.7761,10063.97,0.0,,0.0,0.0,99,100.0,2026-08-21,1,110000000000.0,2024-06-07,2027-06-07,3.883,0.7897,10065.03,0.7747,10065.03,SAMSUNG CARD2670,삼성카드2670,KR,SAMSUNG CARD2670,장내,삼성카드 2670,KR6029782E69,삼성카드(주),Y,15,낮은위험(5등급),2026-08-21,,290.0,,3.731,회사채,일반사채,,N,active,N,Y,AA+,2,5,1,N
,4.275,,,,고정금리,복리채,지역개발채,공모,3198035000,,,,,24.4856,,,KRW,,,9070.23,4.5476,9070.23,8959.0,2026-05-29,4.334,0.0,99,100.0,2026-08-21,1,3194020000.0,2026-04-30,2031-04-30,4.275,24.4481,9071.26,4.5623,9071.26,BUSAN PROVINCIAL26-04,부산지역개발26-04,KR,BUSAN PROVINCIAL DEVELOPMENT26-04,장내,부산지역개발채권 26-04,KR2006022G44,부산광역시,N,16,매우낮은위험(6등급),2026-08-21,,1713.0,,2.0,국공채,지역개발,,N,active,N,Y,,,6,1,N
,4.305,,,,고정금리,이표채,일반회사채,공모,20000000000,,,,,14.5836,AAA,2020-06-17,KRW,,,9082.06,3.6672,9082.06,0.0,,0.0,0.0,99,100.0,2026-08-21,1,20000000000.0,2020-06-17,2030-06-17,4.305,14.5671,9083.12,3.6685,9083.12,KT193-3,KT193-3,KR,KT193-3,장내,KT193-3,KR6030203A62,(주)케이티,Y,15,낮은위험(5등급),2026-08-21,,1396.0,,1.608,회사채,일반사채,,N,active,N,Y,AAA,1,5,1,N
,3.999,,,,고정금리,복리채,지역개발채,공모,21765645000,,,,,10.1467,,,KRW,,,10113.74,2.7756,10113.74,9687.0,2024-07-31,3.208,0.0,99,100.0,2026-08-21,1,21594675000.0,2024-06-30,2029-06-30,3.999,10.1197,10114.81,2.783,10114.81,CHUNGNAM PROVINCIAL24-06,충남지역개발24-06,KR,CHUNGNAM PROVINCIAL DEVELOPMENT24-06,장내,충남지역개발채권 24-06,KR2022022E68,충청남도,Y,16,매우낮은위험(6등급),2026-08-21,,1044.0,,2.5,국공채,지역개발,,N,active,N,Y,,,6,1,N
,3.668,,,,고정금리,복리채,지역개발채,공모,111275695000,,,,,3.4748,,,KRW,,,10708.04,1.4843,10708.04,9513.0,2023-03-31,3.589,0.0,99,100.0,2026-08-21,1,106006940000.0,2023-02-28,2028-02-29,3.668,3.4342,10709.1,1.4875,10709.1,KYUNGKI PROVINCIAL23-02,경기지역개발23-02,KR,KYUNGKI PROVINCIAL DEVELOPMENT23-02,장내,경기지역개발채권 23-02,KR2044022D22,경기도,Y,16,매우낮은위험(6등급),2026-08-21,,557.0,,2.5,국공채,지역개발,,N,active,N,Y,,,6,1,N
,3.204,,,,고정금리,복리채,국민주택1종,공모,1344042950000,,,,,0.8134,,,KRW,,,10309.06,0.5952,10309.06,,,,0.0,99,100.0,2026-08-21,1,1338462250000.0,2022-03-31,2027-03-31,3.204,0.7747,10309.95,0.5954,10309.95,KNHB (Ⅰ)22-03,국민주택1종22-03,KR,KOREA NATIONAL HOUSING BOND (Ⅰ)22-03,장외,국민주택1종채권 22-03,KR101501DC30,대한민국,Y,16,매우낮은위험(6등급),2026-08-21,,222.0,,1.0,국공채,국민주택,,N,active,N,Y,,,6,1,N
,3.837,,,,고정금리,복리채,지역개발채,공모,7103860000,,,,,6.0435,,,KRW,,,10449.26,2.0513,10449.26,,,,0.0,99,100.0,2026-08-21,1,7028100000.0,2023-09-30,2028-09-30,3.837,6.0217,10450.36,2.0561,10450.36,DAEJON PROVINCIAL23-09,대전지역개발23-09,KR,DAEJON PROVINCIAL DEVELOPMENT23-09,장외,대전지역개발채권23-09,KR2003012D95,대전광역시,N,16,매우낮은위험(6등급),2026-08-21,,771.0,,2.5,국공채,지역개발,,N,active,N,Y,,,6,1,N
,4.13,,,,고정금리,복리채,지역개발채,공모,4666760000,,,,,18.6593,,,KRW,,,9379.28,3.9071,9379.28,,,,0.0,99,100.0,2026-08-21,1,4659730000.0,2025-08-31,2030-08-31,4.13,18.6396,9380.34,3.9185,9380.34,DAEJON PROVINCIAL25-08,대전지역개발25-08,KR,DAEJON PROVINCIAL DEVELOPMENT25-08,장외,대전지역개발채권25-08,KR2003022F83,대전광역시,N,16,매우낮은위험(6등급),2026-08-21,,1471.0,,2.0,국공채,지역개발,,N,active,N,Y,,,6,1,N
,3.464,,,,고정금리,복리채,지역개발채,공모,13549490000,,,,,1.6857,,,KRW,,,10202.86,0.9185,10202.86,,,,0.0,99,100.0,2026-08-21,1,13541130000.0,2022-07-31,2027-07-31,3.464,1.6718,10203.8,0.9193,10203.8,INCHEON PROVINCIAL22-07,인천지역개발22-07,KR,INCHEON PROVINCIAL DEVELOPMENT22-07,장외,인천지역개발채권 22-07,KR2004012C78,인천광역시,N,16,매우낮은위험(6등급),2026-08-21,,344.0,,1.05,국공채,지역개발,,N,active,N,Y,,,6,1,N
,3.847,,,,고정금리,복리채,지역개발채,공모,8785035000,,,,,6.4381,,,KRW,,,10413.31,2.1343,10413.31,,,,0.0,99,100.0,2026-08-21,1,8739380000.0,2023-10-31,2028-10-31,3.847,6.4085,10414.39,2.1395,10414.39,INCHEON PROVINCIAL23-10,인천지역개발23-10,KR,INCHEON PROVINCIAL DEVELOPMENT23-10,장외,인천지역개발채권 23-10,KR2004022DA3,인천광역시,Y,16,매우낮은위험(6등급),2026-08-21,,802.0,,2.5,국공채,지역개발,,N,active,N,Y,,,6,1,N
,3.143,,,,고정금리,복리채,지역개발채,공모,8194845000,,,,,0.4962,,,KRW,,,10390.19,0.4374,10390.19,,,,0.0,99,100.0,2026-08-21,1,8177345000.0,2022-01-31,2027-01-31,3.143,0.4561,10391.07,0.4372,10391.07,KWANGJU PROVINCIAL22-01,광주지역개발22-01,KR,KWANGJU PROVINCIAL DEVELOPMENT22-01,장외,광주지역개발채권 22-01,KR2005022C16,전남광주통합특별시,Y,16,매우낮은위험(6등급),2026-08-21,,163.0,,1.05,국공채,지역개발,,N,active,N,Y,,,6,1,N
,4.237,,,,고정금리,복리채,지역개발채,공모,5073400000,,,,,22.9206,,,KRW,,,9148.82,4.3871,9148.82,,,,0.0,99,100.0,2026-08-21,1,5058025000.0,2026-02-28,2031-02-28,4.237,22.8791,9149.86,4.4013,9149.86,KWANGJU PROVINCIAL26-02,광주지역개발26-02,KR,KWANGJU PROVINCIAL DEVELOPMENT26-02,장외,광주지역개발채권 26-02,KR2005022G20,전남광주통합특별시,N,16,매우낮은위험(6등급),2026-08-21,,1652.0,,2.0,국공채,지역개발,,N,active,N,Y,,,6,1,N
,4.113,,,,고정금리,복리채,도시철도공채,공모,4054840000,,,,,17.2456,,,KRW,,,9683.67,3.7437,9683.67,,,,0.0,99,100.0,2026-08-21,1,4043130000.0,2025-06-30,2030-06-30,4.113,17.2166,9684.72,3.7548,9684.72,BUSAN SUBWAY25-06,부산도시철도25-06,KR,BUSAN SUBWAY25-06,장외,부산도시철도공채증권25-06,KR2006014F60,부산광역시,Y,16,매우낮은위험(6등급),2026-08-21,,1409.0,,2.5,국공채,도시철도,,N,active,N,Y,,,6,1,N
,4.328,,,,고정금리,복리채,도시철도공채,공모,2999190000,,,,,26.9639,,,KRW,,,8953.54,4.7885,8953.54,,,,0.0,99,100.0,2026-08-21,1,2985250000.0,2026-07-31,2031-07-31,4.328,26.938,8954.56,4.8037,8954.56,BUSAN SUBWAY26-07,부산도시철도26-07,KR,BUSAN SUBWAY26-07,장외,부산도시철도공채증권 26-07,KR2006014G77,부산광역시,Y,16,매우낮은위험(6등급),2026-08-21,,1805.0,,2.0,국공채,도시철도,,N,active,N,Y,,,6,1,N
,3.427,,,,고정금리,복리채,지역개발채,공모,3687605000,,,,,1.4363,,,KRW,,,10235.21,0.8365,10235.21,,,,0.0,99,100.0,2026-08-21,1,3687605000.0,2022-06-30,2027-06-30,3.427,1.4135,10236.15,0.8372,10236.15,DAEGU PROVINCIAL22-06,대구지역개발22-06,KR,DAEGU PROVINCIAL DEVELOPMENT22-06,장외,대구지역개발채권 22-06,KR2007012C63,대구광역시,Y,16,매우낮은위험(6등급),2026-08-21,,313.0,,1.05,국공채,지역개발,,N,active,N,Y,,,6,1,N
,3.464,,,,고정금리,복리채,도시철도공채,공모,4169360000,,,,,1.6857,,,KRW,,,10202.86,0.9185,10202.86,,,,0.0,99,100.0,2026-08-21,1,4169360000.0,2022-07-31,2027-07-31,3.464,1.6718,10203.8,0.9193,10203.8,DAEGU SUBWAY22-07,대구도시철도22-07,KR,DAEGU SUBWAY22-07,장외,대구도시철도공채증권 22-07,KR2007024C77,대구광역시,Y,16,매우낮은위험(6등급),2026-08-21,,344.0,,1.05,국공채,도시철도,,N,active,N,Y,,,6,1,N
,4.275,,,,고정금리,복리채,도시철도공채,공모,1758070000,,,,,24.4856,,,KRW,,,9070.23,4.5476,9070.23,,,,0.0,99,100.0,2026-08-21,1,1758070000.0,2026-04-30,2031-04-30,4.275,24.4481,9071.26,4.5623,9071.26,DAEGU SUBWAY26-04,대구도시철도26-04,KR,DAEGU SUBWAY26-04,장외,대구도시철도공채증권 26-04,KR2007024G40,대구광역시,Y,16,매우낮은위험(6등급),2026-08-21,,1713.0,,2.0,국공채,도시철도,,N,active,N,Y,,,6,1,N
,3.583,,,,고정금리,복리채,지역개발채,공모,11643740000,,,,,2.624,,,KRW,,,10071.63,1.2446,10071.63,,,,0.0,99,100.0,2026-08-21,1,11628170000.0,2022-11-30,2027-11-30,3.583,2.5901,10072.61,1.2468,10072.61,ULSAN PROVINCIAL22-11,울산지역개발22-11,KR,ULSAN PROVINCIAL DEVELOPMENT22-11,장외,울산지역개발채권 22-11,KR2008012CB0,울산광역시,Y,16,매우낮은위험(6등급),2026-08-21,,466.0,,1.05,국공채,지역개발,,N,active,N,Y,,,6,1,N
,3.92,,,,고정금리,복리채,지역개발채,공모,8746600000,,,,,8.6272,,,KRW,,,10232.58,2.5359,10232.58,,,,0.0,99,100.0,2026-08-21,1,8668330000.0,2024-03-31,2029-03-31,3.92,8.5877,10233.65,2.5429,10233.65,ULSAN PROVINCIAL24-03,울산지역개발24-03,KR,ULSAN PROVINCIAL DEVELOPMENT24-03,장외,울산지역개발채권 24-03,KR2008012E36,울산광역시,Y,16,매우낮은위험(6등급),2026-08-21,,953.0,,2.5,국공채,지역개발,,N,active,N,Y,,,6,1,N
,3.464,,,,고정금리,복리채,지역개발채,공모,14007390000,,,,,1.6857,,,KRW,,,10202.86,0.9185,10202.86,,,,0.0,99,100.0,2026-08-21,1,13976860000.0,2022-07-31,2027-07-31,3.464,1.6718,10203.8,0.9193,10203.8,CHUNGBUK PROVINCIAL22-07,충북지역개발22-07,KR,CHUNGBUK PROVINCIAL DEVELOPMENT22-07,장외,충북지역개발채권 22-07,KR2033022C75,충청북도,Y,16,매우낮은위험(6등급),2026-08-21,,344.0,,1.05,국공채,지역개발,,N,active,N,Y,,,6,1,N
,3.501,,,,고정금리,복리채,지역개발채,공모,102859710000,,,,,1.9315,,,KRW,,,10169.88,1.0008,10169.88,,,,0.0,99,100.0,2026-08-21,1,102682795000.0,2022-08-31,2027-08-31,3.501,1.9227,10170.86,1.0018,10170.86,KYUNGKI PROVINCIAL22-08,경기지역개발22-08,KR,KYUNGKI PROVINCIAL DEVELOPMENT22-08,장외,경기지역개발채권 22-08,KR2044022C80,경기도,Y,16,매우낮은위험(6등급),2026-08-21,,375.0,,1.05,국공채,지역개발,,N,active,N,Y,,,6,1,N
,3.272,,,,고정금리,복리채,지역개발채,공모,13388525000,,,,,0.8125,,,KRW,,,10330.39,0.5949,10330.39,,,,0.0,99,100.0,2026-08-21,1,13364720000.0,2022-03-31,2027-03-31,3.272,0.7737,10331.3,0.595,10331.3,JUNBUK PROVINCIAL22-03,전북지역개발22-03,KR,JUNBUK PROVINCIAL DEVELOPMENT22-03,장외,전북지역개발채권22-03,KR2055022C37,전라북도,Y,16,매우낮은위험(6등급),2026-08-21,,222.0,,1.05,국공채,지역개발,,N,active,N,Y,,,6,1,N
,3.751,,,,고정금리,복리채,지역개발채,공모,16313355000,,,,,4.5082,,,KRW,,,10596.64,1.728,10596.64,,,,0.0,99,100.0,2026-08-21,1,16269175000.0,2023-05-31,2028-05-31,3.751,4.4772,10597.7,1.7319,10597.7,CHUNNAM PROVINCIAL23-05,전남지역개발23-05,KR,CHUNNAM PROVINCIAL DEVELOPMENT23-05,장외,전남지역개발채권 23-05,KR2066022D58,전남광주통합특별시,Y,16,매우낮은위험(6등급),2026-08-21,,649.0,,2.5,국공채,지역개발,,N,active,N,Y,,,6,1,N
,3.612,,,,고정금리,복리채,지역개발채,공모,13372315000,,,,,2.8988,,,KRW,,,10037.51,1.3273,10037.51,,,,0.0,99,100.0,2026-08-21,1,13285650000.0,2022-12-31,2027-12-31,3.612,2.8607,10038.5,1.3299,10038.5,KYUNGNAM PROVINCIAL22-12,경남지역개발22-12,KR,KYUNGNAM PROVINCIAL DEVELOPMENT22-12,장외,경남지역개발채권 22-12,KR2088022CC0,경상남도,N,16,매우낮은위험(6등급),2026-08-21,,497.0,,1.05,국공채,지역개발,,N,active,N,Y,,,6,1,N
,4.165,,,,고정금리,복리채,지역개발채,공모,1712940000,,,,,20.0291,,,KRW,,,9302.0,4.0696,9302.0,,,,0.0,99,100.0,2026-08-21,1,1670305000.0,2025-10-31,2030-10-31,4.165,19.9958,9303.05,4.082,9303.05,KYUNGNAM PROVINCIAL25-10,경남지역개발25-10,KR,KYUNGNAM PROVINCIAL DEVELOPMENT25-10,장외,경남지역개발채권 25-10,KR2088022FA7,경상남도,Y,16,매우낮은위험(6등급),2026-08-21,,1532.0,,2.0,국공채,지역개발,,N,active,N,Y,,,6,1,N
,3.007,,,,고정금리,이표채,일반특수법인채,공모,200000000000,,,,,0.0163,AAA,2021-09-09,KRW,,,10083.84,0.0505,10083.84,,,,0.0,99,100.0,2026-08-21,1,200000000000.0,2021-09-09,2026-09-09,3.007,0.0118,10084.66,0.0486,10084.66,KEPCO1069,한국전력1069,KR,KOREA ELECTRIC POWER CORPCORPORATION1069,장외,한국전력공사채권1069,KR350103GB90,한국전력공사(주),Y,16,매우낮은위험(6등급),2026-08-21,,19.0,,1.99,특수채,공사채,,N,active,N,Y,AAA,1,6,1,N
,3.451,,,,고정금리,이표채,일반특수법인채,공모,140000000000,,,,,0.4099,AAA,2020-03-04,KRW,,,9917.74,0.5314,9917.74,,,,0.0,99,100.0,2026-08-21,1,140000000000.0,2020-03-04,2027-03-04,3.451,0.4061,9918.67,0.5298,9918.67,NACF2020-3COUP7Y-A,농금채(중앙회)2020-3이7Y-A,KR,NATIONAL AGRICULTURAL COOPERATIVE FEDERATION2020-3COUP7Y-A,장외,농업금융채권(중앙회) 2020-3이7Y-A,KR381101GA31,농업협동조합중앙회,Y,16,매우낮은위험(6등급),2026-08-21,,195.0,,1.36,특수채,공사채,,N,active,N,Y,AAA,1,6,1,N
,4.169,,,,고정금리,이표채,일반회사채,공모,200000000000,,,,,2.5131,AA0,2026-06-18,KRW,,,9653.24,1.4657,9653.24,,,,0.0,99,100.0,2026-08-21,1,200000000000.0,2021-02-19,2028-02-19,4.169,2.5063,9654.32,1.465,9654.32,LG CHEM54-3(T),LG화학54-3(지),KR,LG CHEM54-3(T),장외,LG화학54-3(지),KR6051913B27,(주)LG화학,N,15,낮은위험(5등급),2026-08-21,,547.0,,1.758,회사채,일반사채,,N,active,N,Y,AA,3,5,1,N
3.6581,4.188,0.0,온오프 겸용,0,고정금리,이표채,국고채권,공모,14364725000000,0.0,4.149,3.6581,4.1952,30.8818,,,KRW,4.323,4.888,9650.2,5.1895,9650.2,,,,0.0,99,100.0,2026-08-21,2,13839085000000.0,2022-06-10,2032-06-10,4.188,30.8554,9651.29,5.1967,9651.29,KTB03375-3206(22-5),국고03375-3206(22-5),KR,KOREA TREASURY BOND03375-3206(22-5),장외,국고채권 03375-3206(22-5),KR103502GC65,대한민국,Y,16,매우낮은위험(6등급),2026-08-21,3.8639,2120.0,2026-08-21,3.375,국공채,국고채,9669.0,N,active,N,Y,,,6,1,N
3.9137,4.106,0.0,온오프 겸용,0,고정금리,복리채,도시철도공채,공모,58375975000,0.0,4.071,3.9137,4.3089,16.5776,,,KRW,4.626,6.016,10147.51,3.6646,10147.51,,,,0.0,99,100.0,2026-08-21,2,58281195000.0,2023-05-31,2030-05-31,4.106,16.5435,10148.62,3.6755,10148.62,SEOUL SUBWAY23-05,서울도시철도23-05,KR,SEOUL METROPOLITAN CITY SUBWAY BOND23-05,장외,서울도시철도공채증권 23-05,KR2001024D53,서울특별시,Y,16,매우낮은위험(6등급),2026-08-21,4.0651,1379.0,2026-08-21,2.5,국공채,도시철도,10160.0,N,active,N,Y,,,6,1,N
3.8218,4.071,0.0,온오프 겸용,0,고정금리,복리채,지역개발채,공모,14032280000,0.0,4.037,3.8218,4.2384,13.4582,,,KRW,4.517,5.741,9891.91,3.2645,9891.91,,,,0.0,99,100.0,2026-08-21,2,13968710000.0,2024-12-31,2029-12-31,4.071,13.4179,9892.99,3.2741,9892.99,BUSAN PROVINCIAL24-12,부산지역개발24-12,KR,BUSAN PROVINCIAL DEVELOPMENT24-12,장외,부산지역개발채권 24-12,KR2006012EC6,부산광역시,Y,16,매우낮은위험(6등급),2026-08-21,3.9814,1228.0,2026-08-21,2.5,국공채,지역개발,9902.0,N,active,N,Y,,,6,1,N
3.8463,4.084,0.0,온오프 겸용,0,고정금리,복리채,도시철도공채,공모,3533130000,0.0,4.05,3.8463,4.2649,14.6277,,,KRW,4.546,5.78,9823.67,3.4213,9823.67,,,,0.0,99,100.0,2026-08-21,2,3520195000.0,2025-02-28,2030-02-28,4.084,14.5857,9824.75,3.4315,9824.75,BUSAN SUBWAY25-02,부산도시철도25-02,KR,BUSAN SUBWAY25-02,장외,부산도시철도공채증권 25-02,KR2006014F29,부산광역시,Y,16,매우낮은위험(6등급),2026-08-21,4.0066,1287.0,2026-08-21,2.5,국공채,도시철도,9835.0,N,active,N,Y,,,6,1,N
4.2018,4.256,0.0,온오프 겸용,0,고정금리,복리채,도시철도공채,공모,3838400000,0.0,4.218,4.2018,4.5543,23.7082,,,KRW,4.966,6.774,9108.95,4.4688,9108.95,,,,0.0,99,100.0,2026-08-21,2,3835600000.0,2026-03-31,2031-03-31,4.256,23.6679,9109.99,4.4832,9109.99,BUSAN SUBWAY26-03,부산도시철도26-03,KR,BUSAN SUBWAY26-03,장외,부산도시철도공채증권 26-03,KR2006014G36,부산광역시,Y,16,매우낮은위험(6등급),2026-08-21,4.3368,1683.0,2026-08-21,2.0,국공채,도시철도,9124.0,N,active,N,Y,,,6,1,N
4.1205,4.201,0.0,온오프 겸용,0,고정금리,복리채,도시철도공채,공모,3824760000,0.0,4.164,4.1205,4.4694,21.467,,,KRW,4.87,6.629,9224.26,4.2313,9224.26,,,,0.0,99,100.0,2026-08-21,2,3824760000.0,2025-12-31,2030-12-31,4.201,21.4266,9225.31,4.2447,9225.31,DAEGU SUBWAY25-12,대구도시철도25-12,KR,DAEGU SUBWAY25-12,장외,대구도시철도공채증권 25-12,KR2007024FC7,대구광역시,Y,16,매우낮은위험(6등급),2026-08-21,4.2542,1593.0,2026-08-21,2.0,국공채,도시철도,9238.0,N,active,N,Y,,,6,1,N
4.2018,4.256,0.0,온오프 겸용,0,고정금리,복리채,지역개발채,공모,18596365000,0.0,4.218,4.2018,4.5543,23.7082,,,KRW,4.966,6.774,9108.95,4.4688,9108.95,,,,0.0,99,100.0,2026-08-21,2,18481260000.0,2026-03-31,2031-03-31,4.256,23.6679,9109.99,4.4832,9109.99,KYUNGBUK PROVINCIAL26-03,경북지역개발26-03,KR,KYUNGBUK PROVINCIAL DEVELOPMENT26-03,장외,경북지역개발채권 26-03,KR2077022G37,경상북도,Y,16,매우낮은위험(6등급),2026-08-21,4.3368,1683.0,2026-08-21,2.0,국공채,지역개발,9124.0,N,active,N,Y,,,6,1,N
3.1692,3.336,0.0,온오프 겸용,0,고정금리,복리채,지역개발채,공모,7271225000,0.0,3.333,3.1692,3.3331,1.0,,,KRW,3.746,5.556,10298.82,0.6746,10298.82,,,,0.0,99,100.0,2026-08-21,2,7222035000.0,2022-04-30,2027-04-30,3.336,0.9648,10299.74,0.675,10299.74,KYUNGNAM PROVINCIAL22-04,경남지역개발22-04,KR,KYUNGNAM PROVINCIAL DEVELOPMENT22-04,장외,경남지역개발채권 22-04,KR2088012C48,경상남도,Y,16,매우낮은위험(6등급),2026-08-21,3.232,252.0,2026-08-21,1.05,국공채,지역개발,10299.0,N,active,N,Y,,,6,1,N
4.0967,4.874,0.0,온오프 겸용,0,고정금리,이표채,일반회사채,공모,77000000000,0.0,4.85,4.0967,4.833,2.0776,A-,2026-07-20,KRW,4.842,4.879,10019.37,1.3861,10019.37,,,,0.0,99,100.0,2026-08-21,2,77000000000.0,2026-07-30,2028-01-30,4.874,2.0717,10020.68,1.3846,10020.68,SK ecoplant186-2,SK에코플랜트186-2,KR,SK ecoplant186-2,장외,SK에코플랜트186-2,KR6003342G73,SK에코플랜트(주),Y,14,보통위험(4등급),2026-08-21,4.3791,527.0,2026-08-21,4.809,회사채,일반사채,10022.0,N,active,N,Y,A-,7,4,1,N
3.6992,4.231,0.0,온오프 겸용,0,고정금리,이표채,할부금융채,공모,60000000000,0.0,4.217,3.6992,4.2373,0.4492,A+,2025-06-17,KRW,4.372,4.966,10018.84,0.5619,10018.84,,,,0.0,99,100.0,2026-08-21,2,60000000000.0,2025-06-17,2027-03-17,4.231,0.4445,10019.99,0.5604,10019.99,MERITZ CAPITAL279-3,메리츠캐피탈279-3,KR,MERITZ CAPITAL279-3,장외,메리츠캐피탈 279-3,KR6169373F67,메리츠캐피탈(주),N,14,보통위험(4등급),2026-08-21,3.9054,208.0,2026-08-21,3.479,회사채,일반사채,10019.0,N,active,N,Y,A+,5,4,1,N
,3.868,,,,고정금리,복리채,도시철도공채,공모,9626675000,,,,,7.2705,,,KRW,,,10342.37,2.2971,10342.37,9481.0,2024-01-31,3.66,0.0,99,100.0,2026-08-21,1,9586785000.0,2023-12-31,2028-12-31,3.868,7.2317,10343.45,2.3032,10343.45,BUSAN SUBWAY23-12,부산도시철도23-12,KR,BUSAN SUBWAY23-12,장내,부산도시철도공채증권 23-12,KR2006014DC4,부산광역시,Y,16,매우낮은위험(6등급),2026-08-21,,863.0,,2.5,국공채,도시철도,,N,active,N,Y,,,6,1,N
,3.858,,,,고정금리,복리채,지역개발채,공모,16486655000,,,,,6.8382,,,KRW,,,10378.27,2.2144,10378.27,9493.0,2023-12-28,3.627,0.0,99,100.0,2026-08-21,1,16398015000.0,2023-11-30,2028-11-30,3.858,6.8033,10379.36,2.2201,10379.36,KYUNGBUK PROVINCIAL23-11,경북지역개발23-11,KR,KYUNGBUK PROVINCIAL DEVELOPMENT23-11,장내,경북지역개발채권 23-11,KR2077022DB3,경상북도,Y,16,매우낮은위험(6등급),2026-08-21,,832.0,,2.5,국공채,지역개발,,N,active,N,Y,,,6,1,N
,4.018,,,,고정금리,이표채,일반특수법인채,공모,90000000000,,,,,4.4719,AAA,2019-09-04,KRW,,,9523.36,1.9898,9523.36,0.0,,0.0,0.0,99,100.0,2026-08-21,1,90000000000.0,2019-09-04,2028-09-04,4.018,4.4624,9524.4,1.9894,9524.4,KOGAS397,한국가스공사397,KR,KOREA GAS397,장내,한국가스공사 397,KR350801G996,한국가스공사(주),Y,16,매우낮은위험(6등급),2026-08-21,,745.0,,1.417,특수채,공사채,,N,active,N,Y,AAA,1,6,1,N
4.1971,4.421,0.0,온오프 겸용,0,고정금리,이표채,일반특수법인채,공모,90000000000,0.0,4.384,4.1971,4.5511,24.679,AAA,2021-09-03,KRW,4.961,6.758,9052.79,4.6613,9052.79,,,,0.0,99,100.0,2026-08-21,2,90000000000.0,2021-09-03,2031-09-03,4.421,24.6583,9053.87,4.6679,9053.87,INCHEON INTER AIR165,인천국제공항공사165,KR,INCHEON INTERNATIONAL AIRPORT165,장외,인천국제공항공사165,KR352202GB96,인천국제공항공사,N,16,매우낮은위험(6등급),2026-08-21,4.3327,1839.0,2026-08-21,2.086,특수채,공사채,9068.0,N,active,N,Y,AAA,1,6,1,N
4.1346,4.764,0.0,온오프 겸용,0,고정금리,이표채,할부금융채,공모,100000000000,0.0,4.744,4.1346,4.7522,3.0494,A+,2026-01-28,KRW,4.887,5.479,9899.16,1.6185,9899.16,,,,0.0,99,100.0,2026-08-21,2,100000000000.0,2026-01-28,2028-04-28,4.764,3.0407,9900.43,1.6181,9900.43,MERITZ CAPITAL291-2,메리츠캐피탈291-2,KR,MERITZ CAPITAL291-2,장외,메리츠캐피탈291-2,KR6169372G18,메리츠캐피탈(주),Y,14,보통위험(4등급),2026-08-21,4.3713,616.0,2026-08-21,3.978,회사채,일반사채,9902.0,N,active,N,Y,A+,5,4,1,N
,4.393,,,,고정금리,이표채,일반회사채,공모,170000000000,,,,,12.6797,AA+,2026-03-26,KRW,,,9133.19,3.4129,9133.19,0.0,,0.0,0.0,99,100.0,2026-08-21,1,170000000000.0,2020-03-10,2030-03-10,4.393,12.6647,9134.28,3.4141,9134.28,SOIL56-3,S-Oil56-3,KR,SOIL CORPORATION56-3,장내,S-Oil56-3,KR6010953A33,S-OIL(주),Y,15,낮은위험(5등급),2026-08-21,,1297.0,,1.648,회사채,일반사채,,N,active,N,Y,AA+,2,5,1,N
,4.606,,,,고정금리,이표채,일반회사채,공모,20000000000,,,,,1.0216,BBB+,2026-07-09,KRW,,,10044.52,0.8957,10044.52,0.0,,0.0,0.0,99,100.0,2026-08-21,1,20000000000.0,2026-07-23,2027-07-23,4.606,1.0155,10045.77,0.8946,10045.77,HANJIN TRNSPT127-1,한진127-1,KR,HANJIN TRANSPORTATION127-1,장내,한진127-1,KR6002321G70,(주)한진,Y,13,다소높은위험(3등급),2026-08-21,,336.0,,4.694,회사채,일반사채,,N,active,N,Y,BBB+,8,3,1,N
,4.087,,,,고정금리,이표채,일반회사채,공모,232000000000,,,,,0.8793,A0,2025-05-15,KRW,,,10053.44,0.8235,10053.44,0.0,,0.0,0.0,99,100.0,2026-08-21,1,232000000000.0,2024-06-25,2027-06-25,4.087,0.8734,10054.55,0.8222,10054.55,KAL107-2,대한항공107-2,KR,KOREAN AIR LINES107-2,장내,대한항공107-2,KR6003492E65,(주)대한항공,Y,14,보통위험(4등급),2026-08-21,,308.0,,3.989,회사채,일반사채,,N,active,N,Y,A,6,4,1,N
,3.565,,,,고정금리,복리채,국민주택1종,공모,975178480000,,,,,3.1973,,,KRW,,,10138.4,1.4106,10138.4,8808.0,2023-02-28,3.965,0.0,99,100.0,2026-08-21,1,967496920000.0,2023-01-31,2028-01-31,3.565,3.1568,10139.37,1.4135,10139.37,KNHB (Ⅰ)23-01,국민주택1종23-01,KR,KOREA NATIONAL HOUSING BOND (Ⅰ)23-01,장내,국민주택1종채권 23-01,KR101501DD13,대한민국,Y,16,매우낮은위험(6등급),2026-08-21,,528.0,,1.3,국공채,국민주택,,N,active,N,Y,,,6,1,N
,3.925,,,,고정금리,복리채,국민주택1종,공모,1228603560000,,,,,11.7939,,,KRW,,,9462.54,3.0217,9462.54,9132.0,2024-10-31,3.21,0.0,99,100.0,2026-08-21,1,1224123030000.0,2024-09-30,2029-09-30,3.925,11.7692,9463.56,3.0298,9463.56,KNHB (Ⅰ)24-09,국민주택1종24-09,KR,KOREA NATIONAL HOUSING BOND (Ⅰ)24-09,장내,국민주택1종채권 24-09,KR101501DE95,대한민국,Y,16,매우낮은위험(6등급),2026-08-21,,1136.0,,1.3,국공채,국민주택,,N,active,N,Y,,,6,1,N
,4.188,,,,고정금리,이표채,국고채권,공모,14364725000000,,,,,30.8818,,,KRW,,,9650.2,5.1895,9650.2,0.0,,0.0,0.0,99,100.0,2026-08-21,1,13839085000000.0,2022-06-10,2032-06-10,4.188,30.8554,9651.29,5.1967,9651.29,KTB03375-3206(22-5),국고03375-3206(22-5),KR,KOREA TREASURY BOND03375-3206(22-5),장내,국고채권 03375-3206(22-5),KR103502GC65,대한민국,Y,16,매우낮은위험(6등급),2026-08-21,,2120.0,,3.375,국공채,국고채,,N,active,N,Y,,,6,1,N
,4.091,,,,고정금리,복리채,도시철도공채,공모,74310640000,,,,,15.2679,,,KRW,,,10220.69,3.5034,10220.69,9107.0,2023-04-28,3.829,0.0,99,100.0,2026-08-21,1,70163450000.0,2023-03-31,2030-03-31,4.091,15.2271,10221.8,3.5139,10221.8,SEOUL SUBWAY23-03,서울도시철도23-03,KR,SEOUL METROPOLITAN CITY SUBWAY BOND23-03,장내,서울도시철도공채증권 23-03,KR2001024D38,서울특별시,Y,16,매우낮은위험(6등급),2026-08-21,,1318.0,,2.5,국공채,도시철도,,N,active,N,Y,,,6,1,N
,4.343,,,,고정금리,복리채,도시철도공채,공모,46715090000,,,,,27.8185,,,KRW,,,9540.24,4.87,9540.24,9420.0,2024-09-30,3.327,0.0,99,100.0,2026-08-21,1,46674500000.0,2024-08-31,2031-08-31,4.343,27.7949,9541.37,4.8854,9541.37,SEOUL SUBWAY24-08,서울도시철도24-08,KR,SEOUL METROPOLITAN CITY SUBWAY BOND24-08,장내,서울도시철도공채증권 24-08,KR2001024E86,서울특별시,Y,16,매우낮은위험(6등급),2026-08-21,,1836.0,,2.5,국공채,도시철도,,N,active,N,Y,,,6,1,N
,3.695,,,,고정금리,복리채,도시철도공채,공모,10131015000,,,,,3.8051,,,KRW,,,10671.0,1.5666,10671.0,9470.0,2023-04-28,3.678,0.0,99,100.0,2026-08-21,1,10106450000.0,2023-03-31,2028-03-31,3.695,3.7658,10672.05,1.5701,10672.05,BUSAN SUBWAY23-03,부산도시철도23-03,KR,BUSAN SUBWAY23-03,장내,부산도시철도공채증권 23-03,KR2006024D37,부산광역시,Y,16,매우낮은위험(6등급),2026-08-21,,588.0,,2.5,국공채,도시철도,,N,active,N,Y,,,6,1,N
,3.723,,,,고정금리,복리채,도시철도공채,공모,9713665000,,,,,4.1421,,,KRW,,,10634.56,1.6461,10634.56,9330.0,2023-05-31,3.999,0.0,99,100.0,2026-08-21,1,9713665000.0,2023-04-30,2028-04-30,3.723,4.1061,10635.62,1.6497,10635.62,BUSAN SUBWAY23-04,부산도시철도23-04,KR,BUSAN SUBWAY23-04,장내,부산도시철도공채증권 23-04,KR2006024D45,부산광역시,Y,16,매우낮은위험(6등급),2026-08-21,,618.0,,2.5,국공채,도시철도,,N,active,N,Y,,,6,1,N
,3.973,,,,고정금리,복리채,도시철도공채,공모,9395395000,,,,,9.6294,,,KRW,,,10152.91,2.6967,10152.91,9583.0,2024-06-28,3.429,0.0,99,100.0,2026-08-21,1,9389785000.0,2024-05-31,2029-05-31,3.973,9.5969,10153.98,2.7041,10153.98,BUSAN SUBWAY24-05,부산도시철도24-05,KR,BUSAN SUBWAY24-05,장내,부산도시철도공채증권 24-05,KR2006034E59,부산광역시,Y,16,매우낮은위험(6등급),2026-08-21,,1014.0,,2.5,국공채,도시철도,,N,active,N,Y,,,6,1,N
,4.318,,,,고정금리,이표채,일반특수법인채,공모,250000000000,,,,,18.9175,AAA,2021-01-15,KRW,,,9031.88,4.1818,9031.88,0.0,,0.0,0.0,99,100.0,2026-08-21,1,250000000000.0,2021-01-15,2031-01-15,4.318,18.8987,9032.94,4.1835,9032.94,KOREA L&H383,토지주택채권383,KR,KOREA LAND & HOUSING CORPORATION383,장내,토지주택채권 383,KR356102GB15,한국토지주택공사,Y,16,매우낮은위험(6등급),2026-08-21,,1608.0,,1.844,특수채,공사채,,N,active,N,Y,AAA,1,6,1,N
,4.485,,,,고정금리,이표채,일반회사채,공모,71000000000,,,,,2.4504,A-,2025-11-28,KRW,,,10014.74,1.4394,10014.74,,,,0.0,99,100.0,2026-08-21,1,71000000000.0,2025-02-19,2028-02-18,4.485,2.4436,10015.95,1.4387,10015.95,HANWHA OCEAN10-2,한화오션10-2,KR,HANWHA OCEAN10-2,장외,한화오션10-2,KR6042662F25,한화오션(주),N,14,보통위험(4등급),2026-08-21,,546.0,,4.571,회사채,일반사채,,N,active,N,Y,A-,7,4,1,N
,4.553,,,,고정금리,이표채,일반회사채,공모,80000000000,,,,,2.6636,A0,2025-03-13,KRW,,,9886.16,1.5052,9886.16,,,,0.0,99,100.0,2026-08-21,1,80000000000.0,2025-03-13,2028-03-13,4.553,2.6555,9887.38,1.5046,9887.38,HD CE16-1,HD건설기계16-1,KR,HD Construction Equipment16-1,장외,HD현대건설기계 16-1,KR6042671F32,에이치디건설기계(주),Y,14,보통위험(4등급),2026-08-21,,570.0,,3.374,회사채,일반사채,,N,active,N,Y,A,6,4,1,N
,4.046,,,,고정금리,복리채,도시철도공채,공모,9338440000,,,,,11.2494,,,KRW,,,10033.66,2.9386,10033.66,9701.0,2024-09-30,3.176,0.0,99,100.0,2026-08-21,1,9316740000.0,2024-08-31,2029-08-31,4.046,11.2327,10034.77,2.9464,10034.77,BUSAN SUBWAY24-08,부산도시철도24-08,KR,BUSAN SUBWAY24-08,장내,부산도시철도공채증권 24-08,KR2006024E85,부산광역시,Y,16,매우낮은위험(6등급),2026-08-21,,1106.0,,2.5,국공채,도시철도,,N,active,N,Y,,,6,1,N
,3.501,,,,고정금리,복리채,도시철도공채,공모,4984635000,,,,,1.9315,,,KRW,,,10169.88,1.0008,10169.88,8451.0,2022-09-30,4.584,0.0,99,100.0,2026-08-21,1,4984635000.0,2022-08-31,2027-08-31,3.501,1.9227,10170.86,1.0018,10170.86,DAEGU SUBWAY22-08,대구도시철도22-08,KR,DAEGU SUBWAY22-08,장내,대구도시철도공채증권 22-08,KR2007024C85,대구광역시,Y,16,매우낮은위험(6등급),2026-08-21,,375.0,,1.05,국공채,도시철도,,N,active,N,Y,,,6,1,N
,3.272,,,,고정금리,복리채,지역개발채,공모,17313010000,,,,,0.8125,,,KRW,,,10330.39,0.5949,10330.39,8970.0,2022-04-29,3.323,0.0,99,100.0,2026-08-21,1,17250790000.0,2022-03-31,2027-03-31,3.272,0.7737,10331.3,0.595,10331.3,CHUNGNAM PROVINCIAL22-03,충남지역개발22-03,KR,CHUNGNAM PROVINCIAL DEVELOPMENT22-03,장내,충남지역개발채권 22-03,KR2022022C37,충청남도,Y,16,매우낮은위험(6등급),2026-08-21,,222.0,,1.05,국공채,지역개발,,N,active,N,Y,,,6,1,N
,4.271,,,,고정금리,이표채,일반특수법인채,공모,250000000000,,,,,11.7262,AAA,2019-12-19,KRW,,,9270.61,3.1801,9270.61,0.0,,0.0,0.0,99,100.0,2026-08-21,1,250000000000.0,2019-12-19,2029-12-19,4.271,11.7061,9271.68,3.1839,9271.68,KEPCO1012,한국전력1012,KR,KOREA ELECTRIC POWER CORPCORPORATION1012,장내,한국전력공사채권1012,KR350105G9C6,한국전력공사(주),Y,16,매우낮은위험(6등급),2026-08-21,,1216.0,,1.798,특수채,공사채,,N,active,N,Y,AAA,1,6,1,N
,4.328,,,,고정금리,복리채,지역개발채,공모,69316640000,,,,,26.9639,,,KRW,,,8953.54,4.7885,8953.54,0.0,,0.0,0.0,99,100.0,2026-08-21,1,69228840000.0,2026-07-31,2031-07-31,4.328,26.938,8954.56,4.8037,8954.56,KYUNGKI PROVINCIAL26-07,경기지역개발26-07,KR,KYUNGKI PROVINCIAL DEVELOPMENT26-07,장내,경기지역개발채권 26-07,KR2044022G78,경기도,Y,16,매우낮은위험(6등급),2026-08-21,,1805.0,,2.0,국공채,지역개발,,N,active,N,Y,,,6,1,N
,4.525,,,,고정금리,이표채,일반은행채,공모,400000000000,,,,,103.3073,AA-,2023-05-17,KRW,,,10176.91,6.4427,10176.91,0.0,,0.0,0.0,99,100.0,2026-08-21,1,400000000000.0,2023-03-07,2028-03-07,4.525,204.4804,10177.99,8.9278,10177.99,SHINHAN BANK27-03COUP5@(Hyb-P),신한은행27-03-이-영구5갑(신),KR,SHINHAN BANK27-03COUP5@(Hyb-P),장내,신한은행27-03-이-영구5갑(신)(조건상각/콜/후),KR6000011D31,(주)신한은행,N,11,매우높은위험(1등급),2026-08-21,,564.0,,4.63,회사채,은행채,,N,active,N,Y,AA-,4,1,1,N
,4.201,,,,고정금리,복리채,지역개발채,공모,27742190000,,,,,21.467,,,KRW,,,9224.26,4.2313,9224.26,9247.0,2026-01-30,3.668,0.0,99,100.0,2026-08-21,1,27587685000.0,2025-12-31,2030-12-31,4.201,21.4266,9225.31,4.2447,9225.31,CHUNNAM PROVINCIAL25-12,전남지역개발25-12,KR,CHUNNAM PROVINCIAL DEVELOPMENT25-12,장내,전남지역개발채권 25-12,KR2066022FC9,전남광주통합특별시,Y,16,매우낮은위험(6등급),2026-08-21,,1593.0,,2.0,국공채,지역개발,,N,active,N,Y,,,6,1,N
,3.909,,,,고정금리,이표채,신용카드채,공모,50000000000,,,,,1.1586,AA+,2020-08-12,KRW,,,9788.21,0.9616,9788.21,0.0,,0.0,0.0,99,100.0,2026-08-21,1,50000000000.0,2020-08-12,2027-08-12,3.909,1.1532,9789.24,0.9604,9789.24,SHINHAN CARD2086-4,신한카드2086-4,KR,SHINHAN CARD2086-4,장내,신한카드 2086-4,KR6032717A83,신한카드(주),Y,15,낮은위험(5등급),2026-08-21,,356.0,,1.645,회사채,일반사채,,N,active,N,Y,AA+,2,5,1,N
,4.12,,,,고정금리,복리채,지역개발채,공모,12610030000,,,,,17.9525,,,KRW,,,9648.54,3.8253,9648.54,,,,0.0,99,100.0,2026-08-21,1,12521120000.0,2025-07-31,2030-07-31,4.12,17.9298,9649.59,3.8365,9649.59,KANGWON PROVINCIAL25-07,강원지역개발25-07,KR,KANGWON PROVINCIAL DEVELOPMENT25-07,장외,강원지역개발채권 25-07,KR2002022F77,강원도,N,16,매우낮은위험(6등급),2026-08-21,,1440.0,,2.5,국공채,지역개발,,N,active,N,Y,,,6,1,N
,3.878,,,,고정금리,복리채,지역개발채,공모,8950410000,,,,,7.7215,,,KRW,,,10306.47,2.3796,10306.47,,,,0.0,99,100.0,2026-08-21,1,8863525000.0,2024-01-31,2029-01-31,3.878,7.6808,10307.55,2.386,10307.55,INCHEON PROVINCIAL24-01,인천지역개발24-01,KR,INCHEON PROVINCIAL DEVELOPMENT24-01,장외,인천지역개발채권 24-01,KR2004022E17,인천광역시,N,16,매우낮은위험(6등급),2026-08-21,,894.0,,2.5,국공채,지역개발,,N,active,N,Y,,,6,1,N
,3.583,,,,고정금리,복리채,지역개발채,공모,8430130000,,,,,2.624,,,KRW,,,10071.63,1.2446,10071.63,,,,0.0,99,100.0,2026-08-21,1,8418225000.0,2022-11-30,2027-11-30,3.583,2.5901,10072.61,1.2468,10072.61,KWANGJU PROVINCIAL22-11,광주지역개발22-11,KR,KWANGJU PROVINCIAL DEVELOPMENT22-11,장외,광주지역개발채권 22-11,KR2005022CB2,전남광주통합특별시,Y,16,매우낮은위험(6등급),2026-08-21,,466.0,,1.05,국공채,지역개발,,N,active,N,Y,,,6,1,N
,4.105,,,,고정금리,복리채,지역개발채,공모,7008095000,,,,,16.5777,,,KRW,,,9718.13,3.6646,9718.13,,,,0.0,99,100.0,2026-08-21,1,6972095000.0,2025-05-31,2030-05-31,4.105,16.5436,9719.19,3.6755,9719.19,KWANGJU PROVINCIAL25-05,광주지역개발25-05,KR,KWANGJU PROVINCIAL DEVELOPMENT25-05,장외,광주지역개발채권 25-05,KR2005022F54,전남광주통합특별시,N,16,매우낮은위험(6등급),2026-08-21,,1379.0,,2.5,국공채,지역개발,,N,active,N,Y,,,6,1,N
,3.825,,,,고정금리,복리채,국민주택1종,공모,1130263300000,,,,,8.6423,,,KRW,,,9670.41,2.5375,9670.41,8919.0,2024-04-30,3.705,0.0,99,100.0,2026-08-21,1,1122977350000.0,2024-03-31,2029-03-31,3.825,8.6022,9671.4,2.5442,9671.4,KNHB (Ⅰ)24-03,국민주택1종24-03,KR,KOREA NATIONAL HOUSING BOND (Ⅰ)24-03,장내,국민주택1종채권 24-03,KR101501DE38,대한민국,Y,16,매우낮은위험(6등급),2026-08-21,,953.0,,1.3,국공채,국민주택,,N,active,N,Y,,,6,1,N
,3.883,,,,고정금리,복리채,국민주택1종,공모,1184676880000,,,,,10.1689,,,KRW,,,9565.87,2.7779,9565.87,9161.0,2024-07-31,3.144,0.0,99,100.0,2026-08-21,1,1179993350000.0,2024-06-30,2029-06-30,3.883,10.1418,9566.85,2.7851,9566.85,KNHB (Ⅰ)24-06,국민주택1종24-06,KR,KOREA NATIONAL HOUSING BOND (Ⅰ)24-06,장내,국민주택1종채권 24-06,KR101501DE61,대한민국,Y,16,매우낮은위험(6등급),2026-08-21,,1044.0,,1.3,국공채,국민주택,,N,active,N,Y,,,6,1,N
,4.65,,,,고정금리,이표채,국고채권,공모,6993000000000,,,,,181.1125,,,KRW,,,9266.01,11.9464,9266.01,0.0,,0.0,0.0,99,100.0,2026-08-21,1,7672287000000.0,2023-09-10,2043-09-10,4.65,181.0633,9267.18,11.9674,9267.18,KTB03875-4309(23-9),국고03875-4309(23-9),KR,KOREA TREASURY BOND03875-4309(23-9),장내,국고채권 03875-4309(23-9),KR103504GD96,대한민국,Y,16,매우낮은위험(6등급),2026-08-21,,6229.0,,3.875,국공채,국고채,,N,active,N,Y,,,6,1,N
,4.13,,,,고정금리,복리채,도시철도공채,공모,50377060000,,,,,18.6593,,,KRW,,,10036.68,3.9071,10036.68,8738.0,2023-09-27,4.449,0.0,99,100.0,2026-08-21,1,50306970000.0,2023-08-31,2030-08-31,4.13,18.6396,10037.82,3.9185,10037.82,SEOUL SUBWAY23-08,서울도시철도23-08,KR,SEOUL METROPOLITAN CITY SUBWAY BOND23-08,장내,서울도시철도공채증권 23-08,KR2001024D87,서울특별시,Y,16,매우낮은위험(6등급),2026-08-21,,1471.0,,2.5,국공채,도시철도,,N,active,N,Y,,,6,1,N
,3.668,,,,고정금리,복리채,지역개발채,공모,8251225000,,,,,3.4748,,,KRW,,,10708.04,1.4843,10708.04,,,,0.0,99,100.0,2026-08-21,1,8182375000.0,2023-02-28,2028-02-29,3.668,3.4342,10709.1,1.4875,10709.1,KWANGJU PROVINCIAL23-02,광주지역개발23-02,KR,KWANGJU PROVINCIAL DEVELOPMENT23-02,장외,광주지역개발채권 23-02,KR2005032D21,전남광주통합특별시,N,16,매우낮은위험(6등급),2026-08-21,,557.0,,2.5,국공채,지역개발,,N,active,N,Y,,,6,1,N
,4.105,,,,고정금리,복리채,도시철도공채,공모,4875530000,,,,,16.5777,,,KRW,,,9718.13,3.6646,9718.13,9894.0,2025-06-30,2.764,0.0,99,100.0,2026-08-21,1,4802325000.0,2025-05-31,2030-05-31,4.105,16.5436,9719.19,3.6755,9719.19,BUSAN SUBWAY25-05,부산도시철도25-05,KR,BUSAN SUBWAY25-05,장내,부산도시철도공채증권 25-05,KR2006014F52,부산광역시,Y,16,매우낮은위험(6등급),2026-08-21,,1379.0,,2.5,국공채,도시철도,,N,active,N,Y,,,6,1,N
,3.805,,,,고정금리,복리채,지역개발채,공모,12484110000,,,,,5.2808,,,KRW,,,10521.82,1.8888,10521.82,9230.0,2023-08-31,4.227,0.0,99,100.0,2026-08-21,1,12386410000.0,2023-07-31,2028-07-31,3.805,5.264,10522.88,1.8929,10522.88,CHUNGBUK PROVINCIAL23-07,충북지역개발23-07,KR,CHUNGBUK PROVINCIAL DEVELOPMENT23-07,장내,충북지역개발채권 23-07,KR2033022D74,충청북도,Y,16,매우낮은위험(6등급),2026-08-21,,710.0,,2.5,국공채,지역개발,,N,active,N,Y,,,6,1,N
,4.31,,,,고정금리,복리채,지역개발채,공모,12931740000,,,,,26.1137,,,KRW,,,8992.92,4.7075,8992.92,8952.0,2026-07-31,4.356,0.0,99,100.0,2026-08-21,1,12848200000.0,2026-06-30,2031-06-30,4.31,26.083,8993.95,4.7226,8993.95,JUNBUK PROVINCIAL26-06,전북지역개발26-06,KR,JUNBUK PROVINCIAL DEVELOPMENT26-06,장내,전북지역개발채권26-06,KR2055022G66,전라북도,Y,16,매우낮은위험(6등급),2026-08-21,,1774.0,,2.0,국공채,지역개발,,N,active,N,Y,,,6,1,N
,4.098,,,,고정금리,복리채,지역개발채,공모,15828270000,,,,,15.9038,,,KRW,,,9753.6,3.5828,9753.6,9921.0,2025-05-30,2.707,0.0,99,100.0,2026-08-21,1,15743185000.0,2025-04-30,2030-04-30,4.098,15.8657,9754.66,3.5935,9754.66,CHUNNAM PROVINCIAL25-04,전남지역개발25-04,KR,CHUNNAM PROVINCIAL DEVELOPMENT25-04,장내,전남지역개발채권 25-04,KR2066022F49,전남광주통합특별시,Y,16,매우낮은위험(6등급),2026-08-21,,1348.0,,2.5,국공채,지역개발,,N,active,N,Y,,,6,1,N
,4.147,,,,고정금리,복리채,지역개발채,공모,16933960000,,,,,19.3243,,,KRW,,,9341.39,3.9871,9341.39,9528.0,2025-10-31,3.041,0.0,99,100.0,2026-08-21,1,16860500000.0,2025-09-30,2030-09-30,4.147,19.2972,9342.45,3.999,9342.45,CHUNNAM PROVINCIAL25-09,전남지역개발25-09,KR,CHUNNAM PROVINCIAL DEVELOPMENT25-09,장내,전남지역개발채권 25-09,KR2066022F98,전남광주통합특별시,Y,16,매우낮은위험(6등급),2026-08-21,,1501.0,,2.0,국공채,지역개발,,N,active,N,Y,,,6,1,N
,2.926,,,,고정금리,복리채,지역개발채,공모,11415590000,,,,,0.1464,,,KRW,,,10476.4,0.1907,10476.4,,,,0.0,99,100.0,2026-08-21,1,11408115000.0,2021-10-31,2026-10-31,2.926,0.1203,10477.23,0.1895,10477.23,BUSAN PROVINCIAL21-10,부산지역개발21-10,KR,BUSAN PROVINCIAL DEVELOPMENT21-10,장외,부산지역개발채권 21-10,KR2006022BA5,부산광역시,Y,16,매우낮은위험(6등급),2026-08-21,,71.0,,1.05,국공채,지역개발,,N,active,N,Y,,,6,1,N
,4.183,,,,고정금리,복리채,지역개발채,공모,3046740000,,,,,20.7278,,,KRW,,,9263.75,4.1492,9263.75,,,,0.0,99,100.0,2026-08-21,1,3032160000.0,2025-11-30,2030-11-30,4.183,20.6904,9264.8,4.1621,9264.8,BUSAN PROVINCIAL25-11,부산지역개발25-11,KR,BUSAN PROVINCIAL DEVELOPMENT25-11,장외,부산지역개발채권 25-11,KR2006022FB4,부산광역시,N,16,매우낮은위험(6등급),2026-08-21,,1562.0,,2.0,국공채,지역개발,,N,active,N,Y,,,6,1,N
,3.336,,,,고정금리,복리채,지역개발채,공모,2074580000,,,,,1.0,,,KRW,,,10298.82,0.6746,10298.82,,,,0.0,99,100.0,2026-08-21,1,2074580000.0,2022-04-30,2027-04-30,3.336,0.9648,10299.74,0.675,10299.74,DAEGU PROVINCIAL22-04,대구지역개발22-04,KR,DAEGU PROVINCIAL DEVELOPMENT22-04,장외,대구지역개발채권22-04,KR2007012C48,대구광역시,Y,16,매우낮은위험(6등급),2026-08-21,,252.0,,1.05,국공채,지역개발,,N,active,N,Y,,,6,1,N
,3.858,,,,고정금리,복리채,지역개발채,공모,1979200000,,,,,6.8382,,,KRW,,,10378.27,2.2144,10378.27,,,,0.0,99,100.0,2026-08-21,1,1979200000.0,2023-11-30,2028-11-30,3.858,6.8033,10379.36,2.2201,10379.36,DAEGU PROVINCIAL23-11,대구지역개발23-11,KR,DAEGU PROVINCIAL DEVELOPMENT23-11,장외,대구지역개발채권 23-11,KR2007012DB9,대구광역시,Y,16,매우낮은위험(6등급),2026-08-21,,832.0,,2.5,국공채,지역개발,,N,active,N,Y,,,6,1,N
,4.111,,,,고정금리,이표채,일반회사채,공모,50000000000,,,,,2.3821,AA-,2021-02-04,KRW,,,9692.02,1.4246,9692.02,0.0,,0.0,0.0,99,100.0,2026-08-21,1,50000000000.0,2021-02-04,2028-02-04,4.111,2.3744,9693.09,1.4239,9693.09,CJ Korea Express98-3,CJ대한통운98-3,KR,CJ Korea Express98-3,장내,CJ대한통운98-3,KR6000123B20,씨제이대한통운(주),Y,15,낮은위험(5등급),2026-08-21,,532.0,,1.858,회사채,일반사채,,N,active,N,Y,AA-,4,5,1,N
,4.497,,,,고정금리,이표채,일반회사채,공모,175000000000,,,,,4.4169,A+,2025-09-09,KRW,,,9763.52,1.9671,9763.52,0.0,,0.0,0.0,99,100.0,2026-08-21,1,175000000000.0,2025-09-09,2028-09-08,4.497,4.4072,9764.71,1.9669,9764.71,HANWHA253-2,한화253-2,KR,HANWHA253-2,장내,한화253-2,KR6000883F91,(주)한화,Y,14,보통위험(4등급),2026-08-21,,749.0,,2.981,회사채,일반사채,,N,active,N,Y,A+,5,4,1,N
,3.427,,,,고정금리,복리채,지역개발채,공모,22555060000,,,,,1.4363,,,KRW,,,10235.21,0.8365,10235.21,,,,0.0,99,100.0,2026-08-21,1,22426585000.0,2022-06-30,2027-06-30,3.427,1.4135,10236.15,0.8372,10236.15,CHUNGNAM PROVINCIAL22-06,충남지역개발22-06,KR,CHUNGNAM PROVINCIAL DEVELOPMENT22-06,장외,충남지역개발채권 22-06,KR2022022C60,충청남도,Y,16,매우낮은위험(6등급),2026-08-21,,313.0,,1.05,국공채,지역개발,,N,active,N,Y,,,6,1,N
,4.807,,,,고정금리,이표채,할부금융채,공모,100000000000,,,,,3.2542,A+,2026-05-27,KRW,,,10100.49,1.6648,10100.49,0.0,,0.0,0.0,99,100.0,2026-08-21,1,100000000000.0,2026-05-27,2028-05-26,4.807,3.2465,10101.81,1.6644,10101.81,MERITZ CAPITAL299-1,메리츠캐피탈299-1,KR,MERITZ CAPITAL299-1,장내,메리츠캐피탈299-1,KR6169374G57,메리츠캐피탈(주),Y,14,보통위험(4등급),2026-08-21,,644.0,,4.746,회사채,일반사채,,N,active,N,Y,A+,5,4,1,N
,3.059,,,,고정금리,복리채,국민주택1종,공모,1295419030000,,,,,0.497,,,KRW,,,10368.32,0.4377,10368.32,,,,0.0,99,100.0,2026-08-21,1,1290290630000.0,2022-01-31,2027-01-31,3.059,0.4567,10369.18,0.4374,10369.18,KNHB (Ⅰ)22-01,국민주택1종22-01,KR,KOREA NATIONAL HOUSING BOND (Ⅰ)22-01,장외,국민주택1종채권 22-01,KR101501DC14,대한민국,Y,16,매우낮은위험(6등급),2026-08-21,,163.0,,1.0,국공채,국민주택,,N,active,N,Y,,,6,1,N
,4.432,,,,고정금리,복리채,도시철도공채,공모,50201880000,,,,,39.7994,,,KRW,,,9063.14,5.9154,9063.14,,,,0.0,99,100.0,2026-08-21,1,50173120000.0,2025-09-30,2032-09-30,4.432,39.7698,9064.24,5.9354,9064.24,SEOUL SUBWAY25-09,서울도시철도25-09,KR,SEOUL METROPOLITAN CITY SUBWAY BOND25-09,장외,서울도시철도공채증권 25-09,KR2001024F93,서울특별시,Y,16,매우낮은위험(6등급),2026-08-21,,2232.0,,2.5,국공채,도시철도,,N,active,N,Y,,,6,1,N
,3.581,,,,고정금리,복리채,도시철도공채,공모,72121925000,,,,,2.6241,,,KRW,,,10238.24,1.2446,10238.24,,,,0.0,99,100.0,2026-08-21,1,72075865000.0,2020-11-30,2027-11-30,3.581,2.5902,10239.23,1.2468,10239.23,SEOUL SUBWAY20-11,서울도시철도20-11,KR,SEOUL METROPOLITAN CITY SUBWAY BOND20-11,장외,서울도시철도공채증권 20-11,KR2001284AB6,서울특별시,Y,16,매우낮은위험(6등급),2026-08-21,,466.0,,1.0,국공채,도시철도,,N,active,N,Y,,,6,1,N
,3.059,,,,고정금리,복리채,지역개발채,공모,22906150000,,,,,0.3586,,,KRW,,,10420.73,0.3545,10420.73,,,,0.0,99,100.0,2026-08-21,1,22758130000.0,2021-12-31,2026-12-31,3.059,0.3209,10421.59,0.354,10421.59,JUNBUK PROVINCIAL21-12,전북지역개발21-12,KR,JUNBUK PROVINCIAL DEVELOPMENT21-12,장외,전북지역개발채권21-12,KR2055022BC1,전라북도,Y,16,매우낮은위험(6등급),2026-08-21,,132.0,,1.05,국공채,지역개발,,N,active,N,Y,,,6,1,N
,4.328,,,,고정금리,복리채,지역개발채,공모,7018830000,,,,,26.9639,,,KRW,,,8953.54,4.7885,8953.54,,,,0.0,99,100.0,2026-08-21,1,7014645000.0,2026-07-31,2031-07-31,4.328,26.938,8954.56,4.8037,8954.56,JUNBUK PROVINCIAL26-07,전북지역개발26-07,KR,JUNBUK PROVINCIAL DEVELOPMENT26-07,장외,전북지역개발채권26-07,KR2055022G74,전라북도,Y,16,매우낮은위험(6등급),2026-08-21,,1805.0,,2.0,국공채,지역개발,,N,active,N,Y,,,6,1,N
,3.501,,,,고정금리,복리채,지역개발채,공모,17639680000,,,,,1.9315,,,KRW,,,10169.88,1.0008,10169.88,,,,0.0,99,100.0,2026-08-21,1,17574010000.0,2022-08-31,2027-08-31,3.501,1.9227,10170.86,1.0018,10170.86,CHUNNAM PROVINCIAL22-08,전남지역개발22-08,KR,CHUNNAM PROVINCIAL DEVELOPMENT22-08,장외,전남지역개발채권 22-08,KR2066012C85,전남광주통합특별시,Y,16,매우낮은위험(6등급),2026-08-21,,375.0,,1.05,국공채,지역개발,,N,active,N,Y,,,6,1,N
,3.501,,,,고정금리,복리채,지역개발채,공모,4117250000,,,,,1.9315,,,KRW,,,10169.88,1.0008,10169.88,,,,0.0,99,100.0,2026-08-21,1,4112230000.0,2022-08-31,2027-08-31,3.501,1.9227,10170.86,1.0018,10170.86,CHEJU PROVINCIAL22-08,제주지역개발22-08,KR,CHEJU PROVINCIAL DEVELOPMENT22-08,장외,제주지역개발채권 22-08,KR2099012C86,제주도,Y,16,매우낮은위험(6등급),2026-08-21,,375.0,,1.05,국공채,지역개발,,N,active,N,Y,,,6,1,N
,4.113,,,,고정금리,복리채,지역개발채,공모,3374385000,,,,,17.2456,,,KRW,,,9683.67,3.7437,9683.67,,,,0.0,99,100.0,2026-08-21,1,3374385000.0,2025-06-30,2030-06-30,4.113,17.2166,9684.72,3.7548,9684.72,SEJONG PROVINCIAL25-06,세종지역개발25-06,KR,SEJONG PROVINCIAL DEVELOPMENT25-06,장외,세종지역개발채권25-06,KR2101012F61,세종특별자치시,Y,16,매우낮은위험(6등급),2026-08-21,,1409.0,,2.5,국공채,지역개발,,N,active,N,Y,,,6,1,N
,5.612,,,,고정금리,이표채,일반은행채,공모,310000000000,,,,,64.7146,AA-,2022-10-17,KRW,,,10126.44,3.2803,10126.44,,,,0.0,99,100.0,2026-08-21,1,310000000000.0,2022-10-17,2027-10-17,5.612,128.1041,10127.62,3.9991,10127.62,SHINHAN BANK26-10COUP5@(Hyb-P),신한은행26-10-이-영구5갑(신),KR,SHINHAN BANK26-10COUP5@(Hyb-P),장외,신한은행26-10-이-영구5갑(신)(조건상각/콜/후),KR6000014CA7,(주)신한은행,N,11,매우높은위험(1등급),2026-08-21,,422.0,,5.7,회사채,은행채,,N,active,N,Y,AA-,4,1,1,N
,4.723,,,,고정금리,이표채,일반회사채,공모,38000000000,,,,,12.0981,A+,2025-03-07,KRW,,,9631.79,3.298,9631.79,,,,0.0,99,100.0,2026-08-21,1,38000000000.0,2025-03-07,2030-03-07,4.723,12.0841,9633.02,3.2993,9633.02,HITEJINRO134-2,하이트진로134-2,KR,HITEJINRO134-2,장외,하이트진로134-2,KR6000082F33,하이트진로(주),Y,14,보통위험(4등급),2026-08-21,,1294.0,,3.378,회사채,일반사채,,N,active,N,Y,A+,5,4,1,N
,4.613,,,,고정금리,이표채,일반회사채,공모,51000000000,,,,,2.2165,BBB+,2025-01-21,KRW,,,9970.16,1.3653,9970.16,,,,0.0,99,100.0,2026-08-21,1,51000000000.0,2025-01-21,2028-01-21,4.613,2.2085,9971.4,1.3647,9971.4,HANJIN TRNSPT122-2,한진122-2,KR,HANJIN TRANSPORTATION122-2,장외,한진122-2,KR6002322F13,(주)한진,Y,13,다소높은위험(3등급),2026-08-21,,518.0,,4.141,회사채,일반사채,,N,active,N,Y,BBB+,8,3,1,N
,4.38,,,,고정금리,이표채,일반회사채,공모,148000000000,,,,,0.2762,A-,2025-02-18,KRW,,,10017.14,0.4851,10017.14,0.0,,0.0,0.0,99,100.0,2026-08-21,1,148000000000.0,2025-02-18,2027-02-18,4.38,0.2739,10018.32,0.4832,10018.32,SK ecoplant182-3,SK에코플랜트182-3,KR,SK ecoplant182-3,장내,SK에코플랜트182-3,KR6003343F24,SK에코플랜트(주),Y,14,보통위험(4등급),2026-08-21,,181.0,,4.656,회사채,일반사채,,N,active,N,Y,A-,7,4,1,N
,3.811,,,,고정금리,이표채,할부금융채,공모,60000000000,,,,,0.5391,AA-,2026-02-12,KRW,,,9973.37,0.6275,9973.37,0.0,,0.0,0.0,99,100.0,2026-08-21,1,60000000000.0,2026-02-12,2027-04-12,3.811,0.5329,9974.4,0.6261,9974.4,NH Capital258-1,엔에이치농협캐피탈258-1,KR,NH Capital258-1,장내,엔에이치농협캐피탈258-1,KR6097241G28,엔에이치농협캐피탈(주),Y,15,낮은위험(5등급),2026-08-21,,234.0,,3.261,회사채,일반사채,,N,active,N,Y,AA-,4,5,1,N
,4.718,,,,고정금리,이표채,일반회사채,공모,50000000000,,,,,3.0459,A-,2025-05-16,KRW,,,9930.86,1.6169,9930.86,0.0,,0.0,0.0,99,100.0,2026-08-21,1,50000000000.0,2025-04-28,2028-04-28,4.718,3.0372,9932.12,1.6166,9932.12,HANJINKAL16-2,한진칼16-2,KR,HANJINKAL16-2,장내,한진칼16-2,KR6180642F44,(주)한진칼,Y,14,보통위험(4등급),2026-08-21,,616.0,,4.124,회사채,일반사채,,N,active,N,Y,A-,7,4,1,N
,3.729,,,,고정금리,이표채,일반회사채,공모,100000000000,,,,,0.6028,AAA,2017-04-25,KRW,,,9940.23,0.6666,9940.23,,,,0.0,99,100.0,2026-08-21,1,100000000000.0,2017-04-25,2027-04-25,3.729,0.5975,9941.23,0.6651,9941.23,SK TELECOM71-3,SK텔레콤71-3,KR,SK TELECOM71-3,장외,SK텔레콤 71-3,KR6017673742,SK텔레콤(주),Y,15,낮은위험(5등급),2026-08-21,,247.0,,2.552,회사채,일반사채,,N,active,N,Y,AAA,1,5,1,N
,4.217,,,,고정금리,이표채,할부금융채,공모,20000000000,,,,,2.9795,AA-,2021-04-14,KRW,,,9705.91,1.6042,9705.91,,,,0.0,99,100.0,2026-08-21,1,20000000000.0,2021-04-14,2028-04-14,4.217,2.9704,9707.02,1.6037,9707.02,IBK CAPITAL232-4(T),아이비케이캐피탈232-4(지),KR,IBK CAPITAL CORPORATION232-4(T),장외,아이비케이캐피탈232-4(지),KR6019454B45,(주)아이비케이캐피탈,Y,15,낮은위험(5등급),2026-08-21,,602.0,,2.216,회사채,일반사채,,N,active,N,Y,AA-,4,5,1,N
,4.213,,,,고정금리,이표채,금융지주회사채,공모,400000000000,,,,,227.8739,AA-,2023-02-16,KRW,,,10382.81,5.7472,10382.81,,,,0.0,99,100.0,2026-08-21,1,400000000000.0,2023-02-16,2028-02-16,4.213,227.8138,10383.83,9.37,10383.83,HNFG CoCo Bond(PWD)12,하나금융조건부(상)12,KR,HANA Financial Contingent Convertible Bond(PWD)12,장외,하나금융지주 조건부자본증권(상) 12(조건상각/콜/후),KR6086791D28,(주)하나금융지주,Y,11,매우높은위험(1등급),2026-08-21,,544.0,,4.45,회사채,일반사채,,N,active,N,Y,AA-,4,1,1,N
,4.413,,,,고정금리,이표채,,공모,30000000000,,,,,,,2026-08-21,KRW,,,,,10000.11659333,,,,0.0,99,100.0,2026-08-21,1,0.0,2026-08-21,2029-09-20,,,,,,NH Capital269-4,엔에이치농협캐피탈269-4,KR,NH Capital269-4,장외,엔에이치농협캐피탈269-4,KR6097245G81,,N,00,해당없음,2026-08-21,,1126.0,,4.413,회사채,일반사채,,N,active,N,Y,,,,1,N
,5.063,,,,고정금리,이표채,할부금융채,공모,120000000000,,,,,3.388,A0,2026-06-10,KRW,,,10105.14,1.7012,10105.14,,,,0.0,99,100.0,2026-08-21,1,120000000000.0,2026-06-10,2028-06-09,5.063,3.3793,10106.53,1.701,10106.53,KIC143-5,한국투자캐피탈143-5,KR,Korea Investment Capital143-5,장외,한국투자캐피탈143-5,KR6214346G64,한국투자캐피탈(주),Y,14,보통위험(4등급),2026-08-21,,658.0,,5.097,회사채,일반사채,,N,active,N,Y,A,6,4,1,N
2.7996,3.048,0.0,온오프 겸용,0,고정금리,이표채,국고채권,공모,13063000000000,0.0,3.033,2.7996,3.0304,0.2076,,,KRW,3.309,4.531,9982.69,0.2996,9982.69,,,,0.0,99,100.0,2026-08-21,2,12254000000000.0,2016-12-10,2026-12-10,3.048,0.196,9983.51,0.2981,9983.51,KTB01500-2612(16-8),국고01500-2612(16-8),KR,KOREA TREASURY BOND01500-2612(16-8),장외,국고채권 01500-2612(16-8),KR103502G6C4,대한민국,Y,16,매우낮은위험(6등급),2026-08-21,2.888,111.0,2026-08-21,1.5,국공채,국고채,9983.0,N,active,N,Y,,,6,1,N
4.8438,4.714,0.0,온오프 겸용,0,고정금리,이표채,국고채권,공모,41974000000000,0.0,4.674,4.8438,5.429,418.8496,,,KRW,5.725,7.025,6856.38,17.542,6856.38,,,,0.0,99,100.0,2026-08-21,2,38326000000000.0,2025-03-10,2055-03-10,4.714,418.7529,6857.26,17.5735,6857.26,KTB02625-5503(25-2),국고02625-5503(25-2),KR,KOREA TREASURY BOND02625-5503(25-2),장외,국고채권 02625-5503(25-2),KR103502GF39,대한민국,Y,16,매우낮은위험(6등급),2026-08-21,5.068,10428.0,2026-08-21,2.625,국공채,국고채,6904.0,N,active,N,Y,,,6,1,N
4.1708,4.275,0.0,온오프 겸용,0,고정금리,복리채,도시철도공채,공모,57403460000,0.0,4.237,4.1708,4.585,24.4855,,,KRW,4.93,6.442,9705.86,4.5476,9705.86,,,,0.0,99,100.0,2026-08-21,2,57284920000.0,2024-04-30,2031-04-30,4.275,24.4479,9706.97,4.5623,9706.97,SEOUL SUBWAY24-04,서울도시철도24-04,KR,SEOUL METROPOLITAN CITY SUBWAY BOND24-04,장외,서울도시철도공채증권 24-04,KR2001024E45,서울특별시,Y,16,매우낮은위험(6등급),2026-08-21,4.3295,1713.0,2026-08-21,2.5,국공채,도시철도,9722.0,N,active,N,Y,,,6,1,N
3.2313,3.39,0.0,온오프 겸용,0,고정금리,복리채,지역개발채,공모,16661720000,0.0,3.385,3.3921,3.3921,1.2125,,,KRW,3.819,5.673,10266.15,0.7569,10266.15,,,,0.0,99,100.0,2026-08-21,2,16569640000.0,2022-05-31,2027-05-31,3.39,1.1828,10267.08,0.7575,10267.08,KANGWON PROVINCIAL22-05,강원지역개발22-05,KR,KANGWON PROVINCIAL DEVELOPMENT22-05,장외,강원지역개발채권 22-05,KR2002012C56,강원도,Y,16,매우낮은위험(6등급),2026-08-21,3.295,283.0,2026-08-21,1.05,국공채,지역개발,10266.0,N,active,N,Y,,,6,1,N
4.1479,4.219,0.0,온오프 겸용,0,고정금리,복리채,도시철도공채,공모,4034075000,0.0,4.182,4.1479,4.498,22.2233,,,KRW,4.902,6.678,9184.78,4.3133,9184.78,,,,0.0,99,100.0,2026-08-21,2,4013605000.0,2026-01-31,2031-01-31,4.219,22.1816,9185.82,4.327,9185.82,BUSAN SUBWAY26-01,부산도시철도26-01,KR,BUSAN SUBWAY26-01,장외,부산도시철도공채증권 26-01,KR2006014G10,부산광역시,Y,16,매우낮은위험(6등급),2026-08-21,4.282,1624.0,2026-08-21,2.0,국공채,도시철도,9199.0,N,active,N,Y,,,6,1,N
4.2287,4.275,0.0,온오프 겸용,0,고정금리,복리채,도시철도공채,공모,3462795000,0.0,4.236,4.2287,4.5823,24.4856,,,KRW,4.998,6.822,9070.23,4.5476,9070.23,,,,0.0,99,100.0,2026-08-21,2,3458325000.0,2026-04-30,2031-04-30,4.275,24.4481,9071.26,4.5623,9071.26,BUSAN SUBWAY26-04,부산도시철도26-04,KR,BUSAN SUBWAY26-04,장외,부산도시철도공채증권 26-04,KR2006014G44,부산광역시,Y,16,매우낮은위험(6등급),2026-08-21,4.3642,1713.0,2026-08-21,2.0,국공채,도시철도,9086.0,N,active,N,Y,,,6,1,N
3.3292,3.501,0.0,온오프 겸용,0,고정금리,복리채,도시철도공채,공모,4984635000,0.0,3.489,3.3292,3.4929,1.9315,,,KRW,3.935,5.863,10169.88,1.0008,10169.88,,,,0.0,99,100.0,2026-08-21,2,4984635000.0,2022-08-31,2027-08-31,3.501,1.9227,10170.86,1.0018,10170.86,DAEGU SUBWAY22-08,대구도시철도22-08,KR,DAEGU SUBWAY22-08,장외,대구도시철도공채증권 22-08,KR2007024C85,대구광역시,Y,16,매우낮은위험(6등급),2026-08-21,3.3922,375.0,2026-08-21,1.05,국공채,도시철도,10171.0,N,active,N,Y,,,6,1,N
3.4396,3.805,0.0,온오프 겸용,0,고정금리,복리채,지역개발채,공모,12612490000,0.0,3.773,3.4396,3.8381,5.2808,,,KRW,4.065,5.063,10521.82,1.8888,10521.82,,,,0.0,99,100.0,2026-08-21,2,12523340000.0,2023-07-31,2028-07-31,3.805,5.264,10522.88,1.8929,10522.88,CHUNNAM PROVINCIAL23-07,전남지역개발23-07,KR,CHUNNAM PROVINCIAL DEVELOPMENT23-07,장외,전남지역개발채권 23-07,KR2066022D74,전남광주통합특별시,Y,16,매우낮은위험(6등급),2026-08-21,3.5923,710.0,2026-08-21,2.5,국공채,지역개발,10528.0,N,active,N,Y,,,6,1,N
4.1426,4.634,0.0,온오프 겸용,0,고정금리,이표채,일반회사채,공모,145000000000,0.0,4.606,4.1426,4.6501,4.9909,A+,2025-10-30,KRW,4.896,5.977,9724.61,2.0997,9724.61,,,,0.0,99,100.0,2026-08-21,2,145000000000.0,2025-10-30,2028-10-30,4.634,4.9804,9725.82,2.0997,9725.82,SK intellix15-2,SK인텔릭스15-2,KR,SK intellix15-2,장외,SK인텔릭스15-2,KR6185452FA9,에스케이인텔릭스(주),Y,14,보통위험(4등급),2026-08-21,4.337,801.0,2026-08-21,3.213,회사채,일반사채,9730.0,N,active,N,Y,A+,5,4,1,N
,4.764,,,,고정금리,이표채,할부금융채,공모,100000000000,,,,,3.0494,A+,2026-01-28,KRW,,,9899.16,1.6185,9899.16,0.0,,0.0,0.0,99,100.0,2026-08-21,1,100000000000.0,2026-01-28,2028-04-28,4.764,3.0407,9900.43,1.6181,9900.43,MERITZ CAPITAL291-2,메리츠캐피탈291-2,KR,MERITZ CAPITAL291-2,장내,메리츠캐피탈291-2,KR6169372G18,메리츠캐피탈(주),Y,14,보통위험(4등급),2026-08-21,,616.0,,3.978,회사채,일반사채,,N,active,N,Y,A+,5,4,1,N
,4.594,,,,고정금리,이표채,일반회사채,공모,110000000000,,,,,19.4767,AA0,2025-09-16,KRW,,,9022.98,4.238,9022.98,0.0,,0.0,0.0,99,100.0,2026-08-21,1,10000000000.0,2021-02-17,2031-02-17,4.594,19.4589,9024.09,4.24,9024.09,SK INNOVATION10-4,SK이노베이션10-4,KR,SK INNOVATION10-4,장내,SK이노베이션10-4,KR6056554B20,SK이노베이션(주),N,15,낮은위험(5등급),2026-08-21,,1641.0,,2.168,회사채,일반사채,,N,active,N,Y,AA,3,5,1,N
,4.587,,,,고정금리,이표채,할부금융채,공모,100000000000,,,,,0.424,A0,2025-03-14,KRW,,,10056.05,0.5435,10056.05,,,,0.0,99,100.0,2026-08-21,1,100000000000.0,2025-03-14,2027-03-12,4.587,0.4193,10057.3,0.542,10057.3,KIC125-2,한국투자캐피탈125-2,KR,Korea Investment Capital125-2,장외,한국투자캐피탈125-2,KR6214342F36,한국투자캐피탈(주),Y,14,보통위험(4등급),2026-08-21,,203.0,,4.198,회사채,일반사채,,N,active,N,Y,A,6,4,1,N
,4.323,,,,고정금리,이표채,금융지주회사채,공모,60000000000,,,,,12.0432,AAA,2020-02-06,KRW,,,9202.16,3.3257,9202.16,0.0,,0.0,0.0,99,100.0,2026-08-21,1,60000000000.0,2020-02-06,2030-02-06,4.323,12.0282,9203.23,3.3267,9203.23,SHFG131-3,신한금융지주131-3,KR,SHINHAN FINANCIAL GROUP131-3,장내,신한금융지주131-3,KR6055553A24,(주)신한금융지주회사,N,15,낮은위험(5등급),2026-08-21,,1265.0,,1.805,회사채,일반사채,,N,active,N,Y,AAA,1,5,1,N
,4.301,,,,고정금리,이표채,금융지주회사채,공모,120000000000,,,,,9.3677,AAA,2019-08-29,KRW,,,9231.81,2.9235,9231.81,0.0,,0.0,0.0,99,100.0,2026-08-21,1,120000000000.0,2019-08-29,2029-08-29,4.301,9.3551,9232.89,2.9241,9232.89,HANA FINANCIAL GROUP43-2,하나금융지주43-2,KR,HANA FINANCIAL GROUP43-2,장내,하나금융지주 43-2,KR6086792985,(주)하나금융지주,Y,15,낮은위험(5등급),2026-08-21,,1104.0,,1.459,회사채,일반사채,,N,active,N,Y,AAA,1,5,1,N
,3.526,,,,고정금리,이표채,국고채권,공모,14847000000000,,,,,1.5415,,,KRW,,,9969.06,1.0236,9969.06,,,,0.0,99,100.0,2026-08-21,1,13716000000000.0,2025-09-10,2027-09-10,3.526,1.5332,9970.01,1.0231,9970.01,KTB02250-2709(25-6),국고02250-2709(25-6),KR,KOREA TREASURY BOND02250-2709(25-6),장외,국고채권 02250-2709(25-6),KR103501GF97,대한민국,Y,16,매우낮은위험(6등급),2026-08-21,,385.0,,2.25,국공채,국고채,,N,active,N,Y,,,6,1,N
,4.078,,,,고정금리,복리채,지역개발채,공모,4737435000,,,,,14.0647,,,KRW,,,9856.02,3.3469,9856.02,,,,0.0,99,100.0,2026-08-21,1,4658535000.0,2025-01-31,2030-01-31,4.078,14.0228,9857.11,3.3569,9857.11,DAEJON PROVINCIAL25-01,대전지역개발25-01,KR,DAEJON PROVINCIAL DEVELOPMENT25-01,장외,대전지역개발채권25-01,KR2003012F10,대전광역시,N,16,매우낮은위험(6등급),2026-08-21,,1259.0,,2.5,국공채,지역개발,,N,active,N,Y,,,6,1,N
,4.147,,,,고정금리,복리채,지역개발채,공모,8190285000,,,,,19.3243,,,KRW,,,9341.39,3.9871,9341.39,,,,0.0,99,100.0,2026-08-21,1,8176700000.0,2025-09-30,2030-09-30,4.147,19.2972,9342.45,3.999,9342.45,DAEJON PROVINCIAL25-09,대전지역개발25-09,KR,DAEJON PROVINCIAL DEVELOPMENT25-09,장외,대전지역개발채권25-09,KR2003022F91,대전광역시,N,16,매우낮은위험(6등급),2026-08-21,,1501.0,,2.0,국공채,지역개발,,N,active,N,Y,,,6,1,N
,3.777,,,,고정금리,복리채,지역개발채,공모,14520340000,,,,,4.8797,,,KRW,,,10560.15,1.8072,10560.15,,,,0.0,99,100.0,2026-08-21,1,14416740000.0,2023-06-30,2028-06-30,3.777,4.8549,10561.21,1.8112,10561.21,INCHEON PROVINCIAL23-06,인천지역개발23-06,KR,INCHEON PROVINCIAL DEVELOPMENT23-06,장외,인천지역개발채권 23-06,KR2004022D67,인천광역시,N,16,매우낮은위험(6등급),2026-08-21,,679.0,,2.5,국공채,지역개발,,N,active,N,Y,,,6,1,N
,4.13,,,,고정금리,복리채,지역개발채,공모,6235870000,,,,,18.6593,,,KRW,,,9379.28,3.9071,9379.28,,,,0.0,99,100.0,2026-08-21,1,6166185000.0,2025-08-31,2030-08-31,4.13,18.6396,9380.34,3.9185,9380.34,KWANGJU PROVINCIAL25-08,광주지역개발25-08,KR,KWANGJU PROVINCIAL DEVELOPMENT25-08,장외,광주지역개발채권 25-08,KR2005022F88,전남광주통합특별시,N,16,매우낮은위험(6등급),2026-08-21,,1471.0,,2.0,국공채,지역개발,,N,active,N,Y,,,6,1,N
,4.12,,,,고정금리,복리채,지역개발채,공모,2455900000,,,,,17.9525,,,KRW,,,9648.54,3.8253,9648.54,,,,0.0,99,100.0,2026-08-21,1,2441410000.0,2025-07-31,2030-07-31,4.12,17.9298,9649.59,3.8365,9649.59,BUSAN PROVINCIAL25-07,부산지역개발25-07,KR,BUSAN PROVINCIAL DEVELOPMENT25-07,장외,부산지역개발채권 25-07,KR2006022F78,부산광역시,N,16,매우낮은위험(6등급),2026-08-21,,1440.0,,2.5,국공채,지역개발,,N,active,N,Y,,,6,1,N
,3.695,,,,고정금리,복리채,도시철도공채,공모,4433475000,,,,,3.8051,,,KRW,,,10671.0,1.5666,10671.0,,,,0.0,99,100.0,2026-08-21,1,4433475000.0,2023-03-31,2028-03-31,3.695,3.7658,10672.05,1.5701,10672.05,DAEGU SUBWAY23-03,대구도시철도23-03,KR,DAEGU SUBWAY23-03,장외,대구도시철도공채증권 23-03,KR2007024D35,대구광역시,Y,16,매우낮은위험(6등급),2026-08-21,,588.0,,2.5,국공채,도시철도,,N,active,N,Y,,,6,1,N
,4.025,,,,고정금리,복리채,도시철도공채,공모,2665260000,,,,,10.6978,,,KRW,,,10073.08,2.8569,10073.08,,,,0.0,99,100.0,2026-08-21,1,2665260000.0,2024-07-31,2029-07-31,4.025,10.6774,10074.14,2.8644,10074.14,DAEGU SUBWAY24-07,대구도시철도24-07,KR,DAEGU SUBWAY24-07,장외,대구도시철도공채증권 24-07,KR2007024E75,대구광역시,Y,16,매우낮은위험(6등급),2026-08-21,,1075.0,,2.5,국공채,도시철도,,N,active,N,Y,,,6,1,N
,4.201,,,,고정금리,복리채,지역개발채,공모,5389615000,,,,,21.467,,,KRW,,,9224.26,4.2313,9224.26,,,,0.0,99,100.0,2026-08-21,1,5389615000.0,2025-12-31,2030-12-31,4.201,21.4266,9225.31,4.2447,9225.31,DAEGU PROVINCIAL25-12,대구지역개발25-12,KR,DAEGU PROVINCIAL DEVELOPMENT25-12,장외,대구지역개발채권 25-12,KR2007032FC0,대구광역시,N,16,매우낮은위험(6등급),2026-08-21,,1593.0,,2.0,국공채,지역개발,,N,active,N,Y,,,6,1,N
,4.105,,,,고정금리,복리채,지역개발채,공모,8992310000,,,,,16.5777,,,KRW,,,9718.13,3.6646,9718.13,,,,0.0,99,100.0,2026-08-21,1,8985390000.0,2025-05-31,2030-05-31,4.105,16.5436,9719.19,3.6755,9719.19,ULSAN PROVINCIAL25-05,울산지역개발25-05,KR,ULSAN PROVINCIAL DEVELOPMENT25-05,장외,울산지역개발채권 25-05,KR2008012F50,울산광역시,Y,16,매우낮은위험(6등급),2026-08-21,,1379.0,,2.5,국공채,지역개발,,N,active,N,Y,,,6,1,N
,3.583,,,,고정금리,복리채,지역개발채,공모,17357260000,,,,,2.624,,,KRW,,,10071.63,1.2446,10071.63,,,,0.0,99,100.0,2026-08-21,1,17302655000.0,2022-11-30,2027-11-30,3.583,2.5901,10072.61,1.2468,10072.61,CHUNGNAM PROVINCIAL22-11,충남지역개발22-11,KR,CHUNGNAM PROVINCIAL DEVELOPMENT22-11,장외,충남지역개발채권 22-11,KR2022022CB1,충청남도,Y,16,매우낮은위험(6등급),2026-08-21,,466.0,,1.05,국공채,지역개발,,N,active,N,Y,,,6,1,N
,3.828,,,,고정금리,복리채,지역개발채,공모,12805570000,,,,,5.6803,,,KRW,,,10484.02,1.9708,10484.02,,,,0.0,99,100.0,2026-08-21,1,12750600000.0,2023-08-31,2028-08-31,3.828,5.6679,10485.12,1.9751,10485.12,CHUNGBUK PROVINCIAL23-08,충북지역개발23-08,KR,CHUNGBUK PROVINCIAL DEVELOPMENT23-08,장외,충북지역개발채권 23-08,KR2033022D82,충청북도,N,16,매우낮은위험(6등급),2026-08-21,,741.0,,2.5,국공채,지역개발,,N,active,N,Y,,,6,1,N
,3.557,,,,고정금리,복리채,지역개발채,공모,98594435000,,,,,2.3767,,,KRW,,,10104.19,1.1643,10104.19,,,,0.0,99,100.0,2026-08-21,1,98503665000.0,2022-10-31,2027-10-31,3.557,2.3489,10105.17,1.1662,10105.17,KYUNGKI PROVINCIAL22-10,경기지역개발22-10,KR,KYUNGKI PROVINCIAL DEVELOPMENT22-10,장외,경기지역개발채권 22-10,KR2044022CA7,경기도,Y,16,매우낮은위험(6등급),2026-08-21,,436.0,,1.05,국공채,지역개발,,N,active,N,Y,,,6,1,N
,3.39,,,,고정금리,복리채,지역개발채,공모,13752790000,,,,,1.2125,,,KRW,,,10266.15,0.7569,10266.15,,,,0.0,99,100.0,2026-08-21,1,13727835000.0,2022-05-31,2027-05-31,3.39,1.1828,10267.08,0.7575,10267.08,JUNBUK PROVINCIAL22-05,전북지역개발22-05,KR,JUNBUK PROVINCIAL DEVELOPMENT22-05,장외,전북지역개발채권22-05,KR2055012C54,전라북도,Y,16,매우낮은위험(6등급),2026-08-21,,283.0,,1.05,국공채,지역개발,,N,active,N,Y,,,6,1,N
,3.973,,,,고정금리,복리채,지역개발채,공모,9764355000,,,,,9.6294,,,KRW,,,10152.91,2.6967,10152.91,,,,0.0,99,100.0,2026-08-21,1,9703340000.0,2024-05-31,2029-05-31,3.973,9.5969,10153.98,2.7041,10153.98,JUNBUK PROVINCIAL24-05,전북지역개발24-05,KR,JUNBUK PROVINCIAL DEVELOPMENT24-05,장외,전북지역개발채권24-05,KR2055022E50,전라북도,Y,16,매우낮은위험(6등급),2026-08-21,,1014.0,,2.5,국공채,지역개발,,N,active,N,Y,,,6,1,N
,4.219,,,,고정금리,복리채,지역개발채,공모,6420645000,,,,,22.2233,,,KRW,,,9184.78,4.3133,9184.78,,,,0.0,99,100.0,2026-08-21,1,6332285000.0,2026-01-31,2031-01-31,4.219,22.1816,9185.82,4.327,9185.82,JUNBUK PROVINCIAL26-01,전북지역개발26-01,KR,JUNBUK PROVINCIAL DEVELOPMENT26-01,장외,전북지역개발채권26-01,KR2055022G17,전라북도,Y,16,매우낮은위험(6등급),2026-08-21,,1624.0,,2.0,국공채,지역개발,,N,active,N,Y,,,6,1,N
,3.39,,,,고정금리,복리채,지역개발채,공모,25622250000,,,,,1.2125,,,KRW,,,10266.15,0.7569,10266.15,,,,0.0,99,100.0,2026-08-21,1,25554335000.0,2022-05-31,2027-05-31,3.39,1.1828,10267.08,0.7575,10267.08,KYUNGBUK PROVINCIAL22-05,경북지역개발22-05,KR,KYUNGBUK PROVINCIAL DEVELOPMENT22-05,장외,경북지역개발채권 22-05,KR2077022C56,경상북도,Y,16,매우낮은위험(6등급),2026-08-21,,283.0,,1.05,국공채,지역개발,,N,active,N,Y,,,6,1,N
,4.113,,,,고정금리,복리채,지역개발채,공모,26461850000,,,,,17.2456,,,KRW,,,9683.67,3.7437,9683.67,,,,0.0,99,100.0,2026-08-21,1,26357375000.0,2025-06-30,2030-06-30,4.113,17.2166,9684.72,3.7548,9684.72,KYUNGBUK PROVINCIAL25-06,경북지역개발25-06,KR,KYUNGBUK PROVINCIAL DEVELOPMENT25-06,장외,경북지역개발채권 25-06,KR2077022F61,경상북도,Y,16,매우낮은위험(6등급),2026-08-21,,1409.0,,2.5,국공채,지역개발,,N,active,N,Y,,,6,1,N
,3.208,,,,고정금리,복리채,지역개발채,공모,5273060000,,,,,0.6375,,,KRW,,,10362.04,0.5122,10362.04,,,,0.0,99,100.0,2026-08-21,1,5227930000.0,2022-02-28,2027-02-28,3.208,0.597,10362.94,0.5122,10362.94,KYUNGNAM PROVINCIAL22-02,경남지역개발22-02,KR,KYUNGNAM PROVINCIAL DEVELOPMENT22-02,장외,경남지역개발채권 22-02,KR2088022C20,경상남도,N,16,매우낮은위험(6등급),2026-08-21,,191.0,,1.05,국공채,지역개발,,N,active,N,Y,,,6,1,N
,3.39,,,,고정금리,복리채,지역개발채,공모,7633235000,,,,,1.2125,,,KRW,,,10266.15,0.7569,10266.15,,,,0.0,99,100.0,2026-08-21,1,7617275000.0,2022-05-31,2027-05-31,3.39,1.1828,10267.08,0.7575,10267.08,KYUNGNAM PROVINCIAL22-05,경남지역개발22-05,KR,KYUNGNAM PROVINCIAL DEVELOPMENT22-05,장외,경남지역개발채권 22-05,KR2088022C53,경상남도,N,16,매우낮은위험(6등급),2026-08-21,,283.0,,1.05,국공채,지역개발,,N,active,N,Y,,,6,1,N
,3.576,,,,고정금리,이표채,특수은행채,공모,400000000000,,,,,262.9882,AA-,2025-06-24,KRW,,,9634.02,6.332,9634.02,,,,0.0,99,100.0,2026-08-21,1,400000000000.0,2025-07-03,2030-07-03,3.576,262.9193,9634.97,7.7658,9634.97,NongHyup Bank2025-07COUP-A(Hyb),농업금융채권(은행)2025-07이-A(신종),KR,NongHyup Bank2025-07COUP-A(Hyb),장외,농업금융채권(은행) 2025-07이-A(신종)(조건상각/콜/후),KR381001GF78,농협은행,N,11,매우높은위험(1등급),2026-08-21,,1412.0,,3.35,특수채,특수은행채,,N,active,N,Y,AA-,4,1,1,N
,4.717,,,,고정금리,이표채,일반회사채,공모,82000000000,,,,,2.4748,A0,2025-02-21,KRW,,,9883.21,1.4466,9838.28,,,,0.0,99,100.0,2026-08-21,1,82000000000.0,2025-02-21,2028-02-21,4.717,2.4793,9839.53,1.4525,9839.53,HYUNDAI ELEV40-2,현대엘리베이터40-2,KR,HYUNDAI ELEVATOR40-2,장외,현대엘리베이터40-2,KR6017802F28,현대엘리베이터(주),Y,14,보통위험(4등급),2026-08-21,,549.0,,3.594,회사채,일반사채,,N,active,N,Y,A,6,4,1,N
,3.689,,,,고정금리,이표채,일반회사채,공모,120000000000,,,,,0.2867,A+,2024-01-29,KRW,,,10051.3,0.4313,10051.3,,,,0.0,99,100.0,2026-08-21,1,120000000000.0,2024-01-29,2027-01-29,3.689,0.2825,10052.3,0.4296,10052.3,SK Siltron50-2,SK실트론50-2,KR,SK Siltron50-2,장외,에스케이실트론50-2,KR6029272E17,에스케이실트론(주),Y,14,보통위험(4등급),2026-08-21,,161.0,,4.264,회사채,일반사채,,N,active,N,Y,A+,5,4,1,N
,3.371,,,,고정금리,이표채,일반회사채,공모,80000000000,,,,,0.1314,A-,2025-11-28,KRW,,,10144.3,0.2611,10144.3,,,,0.0,99,100.0,2026-08-21,1,80000000000.0,2024-11-27,2026-11-27,3.371,0.1295,10145.23,0.2592,10145.23,HANWHA OCEAN8-2,한화오션8-2,KR,HANWHA OCEAN8-2,장외,한화오션8-2,KR6042662EB7,한화오션(주),N,14,보통위험(4등급),2026-08-21,,98.0,,4.689,회사채,일반사채,,N,active,N,Y,A-,7,4,1,N
,4.938,,,,고정금리,이표채,금융지주회사채,공모,400000000000,,,,,216.5604,AA-,2023-01-30,KRW,,,10325.49,5.2489,10325.49,,,,0.0,99,100.0,2026-08-21,1,400000000000.0,2023-01-30,2028-01-30,4.938,216.5018,10326.61,8.2607,10326.61,SHFG CoCo Bond(PWD)13(Hyb-Perp-5Call),신한금융조건부(상)13(신종-영구-5콜),KR,SHINHAN FINANCIAL Contingent Convertible Bond(PWD)13(Hyb-Perp-5Call),장외,신한금융지주 조건부자본증권(상)13(신종-영구-5콜)(조건상각/콜/후),KR6055551D15,(주)신한금융지주회사,N,11,매우높은위험(1등급),2026-08-21,,527.0,,5.14,회사채,일반사채,,N,active,N,Y,AA-,4,1,1,N
,4.903,,,,고정금리,이표채,금융지주회사채,공모,50000000000,,,,,216.1325,AA-,2023-02-03,KRW,,,10210.7,5.2991,10210.7,0.0,,0.0,0.0,99,100.0,2026-08-21,1,50000000000.0,2023-02-03,2030-02-03,4.903,216.0728,10211.8,6.6213,10211.8,KBFG CoCo Bond(PWD)11-2,KB금융조건부(상)11-2,KR,KBFinancialGroup Contingent Convertible Bond(PWD)11-2,장내,KB금융지주 조건부자본증권(상)11-2(조건상각/콜/후),KR6105561D24,(주)KB금융지주,N,11,매우높은위험(1등급),2026-08-21,,1262.0,,5.03,회사채,일반사채,,N,active,N,Y,AA-,4,1,1,N
,4.257,,,,고정금리,이표채,일반회사채,공모,50000000000,,,,,2.2722,A+,2026-01-30,KRW,,,9907.97,1.3856,9907.97,0.0,,0.0,0.0,99,100.0,2026-08-21,1,50000000000.0,2026-01-30,2028-01-25,4.257,2.264,9909.11,1.3848,9909.11,LX HAUSYS18-1,LX하우시스18-1,KR,LX HAUSYS18-1,장내,LX하우시스18-1,KR6108671G14,(주)LX하우시스,Y,14,보통위험(4등급),2026-08-21,,522.0,,3.442,회사채,일반사채,,N,active,N,Y,A+,5,4,1,N
,2.133,,,,고정금리,복리채,국민주택2종,공모,282120000,,,,,0.5039,,,KRW,,,9905.62,0.4401,9905.62,,,,0.0,99,100.0,2026-08-21,1,282120000.0,2017-01-31,2027-01-31,2.133,0.4623,9906.19,0.4393,9906.19,KNHB (Ⅱ)17-01,국민주택2종17-01,KR,KOREA NATIONAL HOUSING BOND (Ⅱ)17-01,장외,국민주택2종 2017-01,KR101701D716,대한민국,N,16,매우낮은위험(6등급),2026-08-21,,163.0,,0.0,국공채,국민주택,,N,active,N,Y,,,6,1,N
,4.052,,,,고정금리,복리채,도시철도공채,공모,56675405000,,,,,11.7656,,,KRW,,,9464.8,3.019,9464.8,,,,0.0,99,100.0,2026-08-21,1,56476190000.0,2022-09-30,2029-09-30,4.052,11.7403,9465.85,3.0272,9465.85,SEOUL SUBWAY22-09,서울도시철도22-09,KR,SEOUL METROPOLITAN CITY SUBWAY BOND22-09,장외,서울도시철도공채증권 22-09,KR2001024C96,서울특별시,Y,16,매우낮은위험(6등급),2026-08-21,,1136.0,,1.0,국공채,도시철도,,N,active,N,Y,,,6,1,N
,3.858,,,,고정금리,복리채,지역개발채,공모,6156955000,,,,,6.8382,,,KRW,,,10378.27,2.2144,10378.27,,,,0.0,99,100.0,2026-08-21,1,6054875000.0,2023-11-30,2028-11-30,3.858,6.8033,10379.36,2.2201,10379.36,DAEJON PROVINCIAL23-11,대전지역개발23-11,KR,DAEJON PROVINCIAL DEVELOPMENT23-11,장외,대전지역개발채권23-11,KR2003022DB2,대전광역시,Y,16,매우낮은위험(6등급),2026-08-21,,832.0,,2.5,국공채,지역개발,,N,active,N,Y,,,6,1,N
,4.219,,,,고정금리,복리채,지역개발채,공모,6448490000,,,,,22.2233,,,KRW,,,9184.78,4.3133,9184.78,,,,0.0,99,100.0,2026-08-21,1,6423390000.0,2026-01-31,2031-01-31,4.219,22.1816,9185.82,4.327,9185.82,INCHEON PROVINCIAL26-01,인천지역개발26-01,KR,INCHEON PROVINCIAL DEVELOPMENT26-01,장외,인천지역개발채권 26-01,KR2004022G15,인천광역시,N,16,매우낮은위험(6등급),2026-08-21,,1624.0,,2.0,국공채,지역개발,,N,active,N,Y,,,6,1,N
,2.897,,,,고정금리,복리채,도시철도공채,공모,7452385000,,,,,0.069,,,KRW,,,10502.69,0.1072,10502.69,,,,0.0,99,100.0,2026-08-21,1,7452385000.0,2021-09-30,2026-09-30,2.897,0.0523,10503.52,0.1057,10503.52,BUSAN SUBWAY21-09,부산도시철도21-09,KR,BUSAN SUBWAY21-09,장외,부산도시철도공채증권 21-09,KR2006014B98,부산광역시,Y,16,매우낮은위험(6등급),2026-08-21,,40.0,,1.05,국공채,도시철도,,N,active,N,Y,,,6,1,N
,4.165,,,,고정금리,복리채,도시철도공채,공모,3189410000,,,,,20.0291,,,KRW,,,9302.0,4.0696,9302.0,,,,0.0,99,100.0,2026-08-21,1,3189410000.0,2025-10-31,2030-10-31,4.165,19.9958,9303.05,4.082,9303.05,BUSAN SUBWAY25-10,부산도시철도25-10,KR,BUSAN SUBWAY25-10,장외,부산도시철도공채증권 25-10,KR2006014FA3,부산광역시,Y,16,매우낮은위험(6등급),2026-08-21,,1532.0,,2.0,국공채,도시철도,,N,active,N,Y,,,6,1,N
,3.143,,,,고정금리,복리채,지역개발채,공모,1979480000,,,,,0.4962,,,KRW,,,10390.19,0.4374,10390.19,,,,0.0,99,100.0,2026-08-21,1,1970145000.0,2022-01-31,2027-01-31,3.143,0.4561,10391.07,0.4372,10391.07,BUSAN PROVINCIAL22-01,부산지역개발22-01,KR,BUSAN PROVINCIAL DEVELOPMENT22-01,장외,부산지역개발채권 22-01,KR2006022C14,부산광역시,Y,16,매우낮은위험(6등급),2026-08-21,,163.0,,1.05,국공채,지역개발,,N,active,N,Y,,,6,1,N
,3.668,,,,고정금리,복리채,지역개발채,공모,2409215000,,,,,3.4748,,,KRW,,,10708.04,1.4843,10708.04,,,,0.0,99,100.0,2026-08-21,1,2400880000.0,2023-02-28,2028-02-29,3.668,3.4342,10709.1,1.4875,10709.1,BUSAN PROVINCIAL23-02,부산지역개발23-02,KR,BUSAN PROVINCIAL DEVELOPMENT23-02,장외,부산지역개발채권 23-02,KR2006022D21,부산광역시,N,16,매우낮은위험(6등급),2026-08-21,,557.0,,2.5,국공채,지역개발,,N,active,N,Y,,,6,1,N
,3.723,,,,고정금리,복리채,지역개발채,공모,2736070000,,,,,4.1421,,,KRW,,,10634.56,1.6461,10634.56,,,,0.0,99,100.0,2026-08-21,1,2714400000.0,2023-04-30,2028-04-30,3.723,4.1061,10635.62,1.6497,10635.62,BUSAN PROVINCIAL23-04,부산지역개발23-04,KR,BUSAN PROVINCIAL DEVELOPMENT23-04,장외,부산지역개발채권 23-04,KR2006022D47,부산광역시,N,16,매우낮은위험(6등급),2026-08-21,,618.0,,2.5,국공채,지역개발,,N,active,N,Y,,,6,1,N
,3.973,,,,고정금리,복리채,지역개발채,공모,2982400000,,,,,9.6294,,,KRW,,,10152.91,2.6967,10152.91,,,,0.0,99,100.0,2026-08-21,1,2909375000.0,2024-05-31,2029-05-31,3.973,9.5969,10153.98,2.7041,10153.98,BUSAN PROVINCIAL24-05,부산지역개발24-05,KR,BUSAN PROVINCIAL DEVELOPMENT24-05,장외,부산지역개발채권 24-05,KR2006022E53,부산광역시,N,16,매우낮은위험(6등급),2026-08-21,,1014.0,,2.5,국공채,지역개발,,N,active,N,Y,,,6,1,N
,4.025,,,,고정금리,복리채,지역개발채,공모,2408695000,,,,,10.6978,,,KRW,,,10073.08,2.8569,10073.08,,,,0.0,99,100.0,2026-08-21,1,2378340000.0,2024-07-31,2029-07-31,4.025,10.6774,10074.14,2.8644,10074.14,BUSAN PROVINCIAL24-07,부산지역개발24-07,KR,BUSAN PROVINCIAL DEVELOPMENT24-07,장외,부산지역개발채권 24-07,KR2006022E79,부산광역시,N,16,매우낮은위험(6등급),2026-08-21,,1075.0,,2.5,국공채,지역개발,,N,active,N,Y,,,6,1,N
,4.113,,,,고정금리,복리채,지역개발채,공모,4731705000,,,,,17.2456,,,KRW,,,9683.67,3.7437,9683.67,,,,0.0,99,100.0,2026-08-21,1,4690885000.0,2025-06-30,2030-06-30,4.113,17.2166,9684.72,3.7548,9684.72,BUSAN PROVINCIAL25-06,부산지역개발25-06,KR,BUSAN PROVINCIAL DEVELOPMENT25-06,장외,부산지역개발채권25-06,KR2006022F60,부산광역시,N,16,매우낮은위험(6등급),2026-08-21,,1409.0,,2.5,국공채,지역개발,,N,active,N,Y,,,6,1,N
,4.293,,,,고정금리,복리채,지역개발채,공모,2825650000,,,,,25.3051,,,KRW,,,9030.69,4.6289,9030.69,,,,0.0,99,100.0,2026-08-21,1,2808860000.0,2026-05-31,2031-05-31,4.293,25.2707,9031.71,4.6439,9031.71,BUSAN PROVINCIAL26-05,부산지역개발26-05,KR,BUSAN PROVINCIAL DEVELOPMENT26-05,장외,부산지역개발채권 26-05,KR2006022G51,부산광역시,Y,16,매우낮은위험(6등급),2026-08-21,,1744.0,,2.0,국공채,지역개발,,N,active,N,Y,,,6,1,N
,4.343,,,,고정금리,복리채,지역개발채,공모,1390610000,,,,,27.8186,,,KRW,,,8915.46,4.87,8915.46,,,,0.0,99,100.0,2026-08-21,1,1390155000.0,2026-08-31,2031-08-31,4.343,27.7951,8916.51,4.8854,8916.51,BUSAN PROVINCIAL26-08,부산지역개발26-08,KR,BUSAN PROVINCIAL DEVELOPMENT26-08,장외,부산지역개발채권 26-08,KR2006022G85,부산광역시,N,16,매우낮은위험(6등급),2026-08-21,,1836.0,,2.0,국공채,지역개발,,N,active,N,Y,,,6,1,N
,4.025,,,,고정금리,복리채,지역개발채,공모,8791305000,,,,,10.6978,,,KRW,,,10073.08,2.8569,10073.08,,,,0.0,99,100.0,2026-08-21,1,8621870000.0,2024-07-31,2029-07-31,4.025,10.6774,10074.14,2.8644,10074.14,ULSAN PROVINCIAL24-07,울산지역개발24-07,KR,ULSAN PROVINCIAL DEVELOPMENT24-07,장외,울산지역개발채권 24-07,KR2008012E77,울산광역시,Y,16,매우낮은위험(6등급),2026-08-21,,1075.0,,2.5,국공채,지역개발,,N,active,N,Y,,,6,1,N
,3.557,,,,고정금리,복리채,지역개발채,공모,14321370000,,,,,2.3767,,,KRW,,,10104.19,1.1643,10104.19,,,,0.0,99,100.0,2026-08-21,1,14290900000.0,2022-10-31,2027-10-31,3.557,2.3489,10105.17,1.1662,10105.17,CHUNGBUK PROVINCIAL22-10,충북지역개발22-10,KR,CHUNGBUK PROVINCIAL DEVELOPMENT22-10,장외,충북지역개발채권 22-10,KR2033022CA0,충청북도,Y,16,매우낮은위험(6등급),2026-08-21,,436.0,,1.05,국공채,지역개발,,N,active,N,Y,,,6,1,N
,4.165,,,,고정금리,복리채,지역개발채,공모,48618580000,,,,,20.0291,,,KRW,,,9302.0,4.0696,9302.0,,,,0.0,99,100.0,2026-08-21,1,48525445000.0,2025-10-31,2030-10-31,4.165,19.9958,9303.05,4.082,9303.05,KYUNGKI PROVINCIAL25-10,경기지역개발25-10,KR,KYUNGKI PROVINCIAL DEVELOPMENT25-10,장외,경기지역개발채권 25-10,KR2044022FA0,경기도,Y,16,매우낮은위험(6등급),2026-08-21,,1532.0,,2.0,국공채,지역개발,,N,active,N,Y,,,6,1,N
,4.165,,,,고정금리,복리채,지역개발채,공모,6832470000,,,,,20.0291,,,KRW,,,9302.0,4.0696,9302.0,,,,0.0,99,100.0,2026-08-21,1,6801845000.0,2025-10-31,2030-10-31,4.165,19.9958,9303.05,4.082,9303.05,JUNBUK PROVINCIAL25-10,전북지역개발25-10,KR,JUNBUK PROVINCIAL DEVELOPMENT25-10,장외,전북지역개발채권25-10,KR2055022FA6,전라북도,Y,16,매우낮은위험(6등급),2026-08-21,,1532.0,,2.0,국공채,지역개발,,N,active,N,Y,,,6,1,N
,3.528,,,,고정금리,복리채,지역개발채,공모,6052015000,,,,,2.1407,,,KRW,,,10137.76,1.0813,10137.76,,,,0.0,99,100.0,2026-08-21,1,6024640000.0,2022-09-30,2027-09-30,3.528,2.1214,10138.74,1.0827,10138.74,KYUNGNAM PROVINCIAL22-09,경남지역개발22-09,KR,KYUNGNAM PROVINCIAL DEVELOPMENT22-09,장외,경남지역개발채권 22-09,KR2088022C95,경상남도,Y,16,매우낮은위험(6등급),2026-08-21,,405.0,,1.05,국공채,지역개발,,N,active,N,Y,,,6,1,N
,3.583,,,,고정금리,복리채,지역개발채,공모,5252415000,,,,,2.624,,,KRW,,,10071.63,1.2446,10071.63,,,,0.0,99,100.0,2026-08-21,1,5241305000.0,2022-11-30,2027-11-30,3.583,2.5901,10072.61,1.2468,10072.61,CHANGWON PROVINCIAL22-11,창원지역개발22-11,KR,CHANGWON PROVINCIAL DEVELOPMENT22-11,장외,창원지역개발채권 22-11,KR2100012CB7,창원시청,N,16,매우낮은위험(6등급),2026-08-21,,466.0,,1.05,국공채,지역개발,,N,active,N,Y,,,6,1,N
,4.359,,,,고정금리,이표채,일반회사채,공모,287000000000,,,,,2.3135,A0,2025-05-15,KRW,,,9899.38,1.3986,9899.38,0.0,,0.0,0.0,99,100.0,2026-08-21,1,287000000000.0,2025-01-31,2028-01-31,4.359,2.3057,9900.54,1.3979,9900.54,KAL110-1,대한항공110-1,KR,KOREAN AIR LINES110-1,장내,대한항공110-1,KR6003491F16,(주)대한항공,Y,14,보통위험(4등급),2026-08-21,,528.0,,3.494,회사채,일반사채,,N,active,N,Y,A,6,4,1,N
,3.827,,,,고정금리,이표채,일반회사채,공모,210000000000,,,,,0.3771,A0,2025-05-15,KRW,,,10137.95,0.5031,10137.95,0.0,,0.0,0.0,99,100.0,2026-08-21,1,210000000000.0,2024-02-28,2027-02-26,3.827,0.374,10139.0,0.5015,10139.0,KAL106-2,대한항공106-2,KR,KOREAN AIR LINES106-2,장내,대한항공106-2,KR6003492E24,(주)대한항공,Y,14,보통위험(4등급),2026-08-21,,189.0,,4.499,회사채,일반사채,,N,active,N,Y,A,6,4,1,N
,3.996,,,,고정금리,복리채,국민주택1종,공모,1396332480000,,,,,17.2839,,,KRW,,,9034.74,3.7468,9034.74,,,,0.0,99,100.0,2026-08-21,1,1392000860000.0,2025-06-30,2030-06-30,3.996,17.2547,9035.69,3.7575,9035.69,KNHB (Ⅰ)25-06,국민주택1종25-06,KR,KOREA NATIONAL HOUSING BOND (Ⅰ)25-06,장외,국민주택1종채권 25-06,KR101501DF60,대한민국,Y,16,매우낮은위험(6등급),2026-08-21,,1409.0,,1.0,국공채,국민주택,,N,active,N,Y,,,6,1,N
,3.64,,,,고정금리,복리채,도시철도공채,공모,65589075000,,,,,3.193,,,KRW,,,10168.54,1.4099,10168.54,,,,0.0,99,100.0,2026-08-21,1,65527665000.0,2021-01-31,2028-01-31,3.64,3.1526,10169.53,1.4128,10169.53,SEOUL SUBWAY21-01,서울도시철도21-01,KR,SEOUL METROPOLITAN CITY SUBWAY BOND21-01,장외,서울도시철도공채증권 21-01,KR2001274B11,서울특별시,Y,16,매우낮은위험(6등급),2026-08-21,,528.0,,1.0,국공채,도시철도,,N,active,N,Y,,,6,1,N
,3.336,,,,고정금리,복리채,지역개발채,공모,15543920000,,,,,1.0,,,KRW,,,10298.82,0.6746,10298.82,,,,0.0,99,100.0,2026-08-21,1,15489040000.0,2022-04-30,2027-04-30,3.336,0.9648,10299.74,0.675,10299.74,INCHEON PROVINCIAL22-04,인천지역개발22-04,KR,INCHEON PROVINCIAL DEVELOPMENT22-04,장외,인천지역개발채권 22-04,KR2004022C43,인천광역시,Y,16,매우낮은위험(6등급),2026-08-21,,252.0,,1.05,국공채,지역개발,,N,active,N,Y,,,6,1,N
,3.668,,,,고정금리,복리채,지역개발채,공모,13183215000,,,,,3.4748,,,KRW,,,10708.04,1.4843,10708.04,,,,0.0,99,100.0,2026-08-21,1,13096030000.0,2023-02-28,2028-02-29,3.668,3.4342,10709.1,1.4875,10709.1,INCHEON PROVINCIAL23-02,인천지역개발23-02,KR,INCHEON PROVINCIAL DEVELOPMENT23-02,장외,인천지역개발채권 23-02,KR2004022D26,인천광역시,N,16,매우낮은위험(6등급),2026-08-21,,557.0,,2.5,국공채,지역개발,,N,active,N,Y,,,6,1,N
,3.751,,,,고정금리,복리채,지역개발채,공모,2556235000,,,,,4.5082,,,KRW,,,10596.64,1.728,10596.64,,,,0.0,99,100.0,2026-08-21,1,2536280000.0,2023-05-31,2028-05-31,3.751,4.4772,10597.7,1.7319,10597.7,BUSAN PROVINCIAL23-05,부산지역개발23-05,KR,BUSAN PROVINCIAL DEVELOPMENT23-05,장외,부산지역개발채권 23-05,KR2006012D56,부산광역시,Y,16,매우낮은위험(6등급),2026-08-21,,649.0,,2.5,국공채,지역개발,,N,active,N,Y,,,6,1,N
,2.974,,,,고정금리,복리채,지역개발채,공모,12286000000,,,,,0.241,,,KRW,,,10450.03,0.2714,10450.03,,,,0.0,99,100.0,2026-08-21,1,12281780000.0,2021-11-30,2026-11-30,2.974,0.208,10450.87,0.2705,10450.87,BUSAN PROVINCIAL21-11,부산지역개발21-11,KR,BUSAN PROVINCIAL DEVELOPMENT21-11,장외,부산지역개발채권 21-11,KR2006022BB3,부산광역시,N,16,매우낮은위험(6등급),2026-08-21,,101.0,,1.05,국공채,지역개발,,N,active,N,Y,,,6,1,N
,4.256,,,,고정금리,복리채,지역개발채,공모,2651240000,,,,,23.7082,,,KRW,,,9108.95,4.4688,9108.95,,,,0.0,99,100.0,2026-08-21,1,2637425000.0,2026-03-31,2031-03-31,4.256,23.6679,9109.99,4.4832,9109.99,BUSAN PROVINCIAL26-03,부산지역개발26-03,KR,BUSAN PROVINCIAL DEVELOPMENT26-03,장외,부산지역개발채권 26-03,KR2006022G36,부산광역시,Y,16,매우낮은위험(6등급),2026-08-21,,1683.0,,2.0,국공채,지역개발,,N,active,N,Y,,,6,1,N
,2.926,,,,고정금리,복리채,지역개발채,공모,96696035000,,,,,0.1464,,,KRW,,,10476.4,0.1907,10476.4,,,,0.0,99,100.0,2026-08-21,1,96601880000.0,2021-10-31,2026-10-31,2.926,0.1203,10477.23,0.1895,10477.23,KYUNGKI PROVINCIAL21-10,경기지역개발21-10,KR,KYUNGKI PROVINCIAL DEVELOPMENT21-10,장외,경기지역개발채권 21-10,KR2044022BA9,경기도,N,16,매우낮은위험(6등급),2026-08-21,,71.0,,1.05,국공채,지역개발,,N,active,N,Y,,,6,1,N
,3.612,,,,고정금리,복리채,지역개발채,공모,35754150000,,,,,2.8988,,,KRW,,,10037.51,1.3273,10037.51,,,,0.0,99,100.0,2026-08-21,1,35522380000.0,2022-12-31,2027-12-31,3.612,2.8607,10038.5,1.3299,10038.5,CHUNNAM PROVINCIAL22-12,전남지역개발22-12,KR,CHUNNAM PROVINCIAL DEVELOPMENT22-12,장외,전남지역개발채권 22-12,KR2066022CC6,전남광주통합특별시,Y,16,매우낮은위험(6등급),2026-08-21,,497.0,,1.05,국공채,지역개발,,N,active,N,Y,,,6,1,N
,4.046,,,,고정금리,복리채,지역개발채,공모,11552910000,,,,,11.2494,,,KRW,,,10033.66,2.9386,10033.66,,,,0.0,99,100.0,2026-08-21,1,11414070000.0,2024-08-31,2029-08-31,4.046,11.2327,10034.77,2.9464,10034.77,CHUNNAM PROVINCIAL24-08,전남지역개발24-08,KR,CHUNNAM PROVINCIAL DEVELOPMENT24-08,장외,전남지역개발채권 24-08,KR2066022E81,전남광주통합특별시,Y,16,매우낮은위험(6등급),2026-08-21,,1106.0,,2.5,국공채,지역개발,,N,active,N,Y,,,6,1,N
,3.501,,,,고정금리,복리채,지역개발채,공모,20726400000,,,,,1.9315,,,KRW,,,10169.88,1.0008,10169.88,,,,0.0,99,100.0,2026-08-21,1,20655495000.0,2022-08-31,2027-08-31,3.501,1.9227,10170.86,1.0018,10170.86,KYUNGBUK PROVINCIAL22-08,경북지역개발22-08,KR,KYUNGBUK PROVINCIAL DEVELOPMENT22-08,장외,경북지역개발채권 22-08,KR2077022C80,경상북도,Y,16,매우낮은위험(6등급),2026-08-21,,375.0,,1.05,국공채,지역개발,,N,active,N,Y,,,6,1,N
,4.219,,,,고정금리,복리채,지역개발채,공모,12915890000,,,,,22.2233,,,KRW,,,9184.78,4.3133,9184.78,,,,0.0,99,100.0,2026-08-21,1,12859935000.0,2026-01-31,2031-01-31,4.219,22.1816,9185.82,4.327,9185.82,KYUNGBUK PROVINCIAL26-01,경북지역개발26-01,KR,KYUNGBUK PROVINCIAL DEVELOPMENT26-01,장외,경북지역개발채권 26-01,KR2077022G11,경상북도,Y,16,매우낮은위험(6등급),2026-08-21,,1624.0,,2.0,국공채,지역개발,,N,active,N,Y,,,6,1,N
,4.165,,,,고정금리,복리채,지역개발채,공모,2275760000,,,,,20.0291,,,KRW,,,9302.0,4.0696,9302.0,,,,0.0,99,100.0,2026-08-21,1,2275760000.0,2025-10-31,2030-10-31,4.165,19.9958,9303.05,4.082,9303.05,SEJONG PROVINCIAL25-10,세종지역개발25-10,KR,SEJONG PROVINCIAL DEVELOPMENT25-10,장외,세종지역개발채권25-10,KR2101012FA1,세종특별자치시,Y,16,매우낮은위험(6등급),2026-08-21,,1532.0,,2.0,국공채,지역개발,,N,active,N,Y,,,6,1,N
,4.988,,,,고정금리,이표채,특수은행채,공모,700000000000,,,,,42.0812,AA+,2023-11-27,KRW,,,10028.05,6.0593,10028.05,,,,0.0,99,100.0,2026-08-21,1,700000000000.0,2023-11-28,2033-11-28,4.988,42.1346,10029.4,6.041,10029.4,KDB CoCoBond(PWD)23(D)COUP1000-1128-1,산금 조건부(상)23후이1000-1128-1,KR,THE KOREA DEVELOPMENT BANK CoCoBond(PWD)23(D)COUP1000-1128-1,장외,산업금융채권 조건부자본증권(상)23후이1000-1128-1(조건상각/후),KR310220GDB6,한국산업은행,Y,13,다소높은위험(3등급),2026-08-21,,2656.0,,4.85,특수채,특수은행채,,N,active,N,Y,AA+,2,3,1,N
,4.402,,,,고정금리,이표채,일반특수법인채,공모,120000000000,,,,,25.7368,AAA,2012-03-08,KRW,,,9981.23,4.8509,9981.23,,,,0.0,99,100.0,2026-08-21,1,120000000000.0,2012-02-07,2032-02-07,4.402,25.7169,9982.41,4.8504,9982.41,KOREA L&H103,토지주택채권103,KR,KOREA LAND & HOUSNG CORPORATION103,장외,토지주택채권103,KR3561027227,한국토지주택공사,N,16,매우낮은위험(6등급),2026-08-21,,1996.0,,4.33,특수채,공사채,,N,active,N,Y,AAA,1,6,1,N
,3.65,,,,고정금리,이표채,일반회사채,공모,70000000000,,,,,0.4293,AA+,2026-03-26,KRW,,,9915.39,0.547,9915.39,,,,0.0,99,100.0,2026-08-21,1,70000000000.0,2020-03-10,2027-03-10,3.65,0.4251,9916.37,0.5455,9916.37,SOIL56-2,S-Oil56-2,KR,SOIL CORPORATION56-2,장외,S-Oil56-2,KR6010952A34,S-OIL(주),N,15,낮은위험(5등급),2026-08-21,,201.0,,1.549,회사채,일반사채,,N,active,N,Y,AA+,2,5,1,N
,4.064,,,,고정금리,복리채,지역개발채,공모,613655000,,,,,12.8697,,,KRW,,,9927.77,3.1819,9927.77,,,,0.0,99,100.0,2026-08-21,1,601530000.0,2024-11-30,2029-11-30,4.064,12.8327,9928.86,3.1911,9928.86,CHANGWON PROVINCIAL24-11,창원지역개발24-11,KR,CHANGWON PROVINCIAL DEVELOPMENT24-11,장외,창원지역개발채권 24-11,KR2100012EB3,창원시청,N,16,매우낮은위험(6등급),2026-08-21,,1197.0,,2.5,국공채,지역개발,,N,active,N,Y,,,6,1,N
,4.034,,,,고정금리,이표채,일반특수법인채,공모,100000000000,,,,,9.7751,,,KRW,,,9236.68,2.8922,9236.68,,,,0.0,99,100.0,2026-08-21,1,100000000000.0,2019-08-16,2029-08-16,4.034,9.7613,9237.67,2.8951,9237.67,KOSAF19-7(S),한국장학재단19-7(사),KR,KOSAF19-7(S),장외,한국장학재단 19-7(사),KR356001G989,한국장학재단,Y,16,매우낮은위험(6등급),2026-08-21,,1091.0,,1.29,특수채,공사채,,N,active,N,Y,,,6,1,N
,4.815,,,,고정금리,이표채,일반회사채,공모,82000000000,,,,,3.5003,A-,2026-06-24,KRW,,,9947.32,1.7364,9947.32,,,,0.0,99,100.0,2026-08-21,1,82000000000.0,2025-06-17,2028-06-16,4.815,3.4908,9948.62,1.736,9948.62,DOOSAN ENERBILITY80-2,두산에너빌리티80-2,KR,DOOSAN ENERBILITY80-2,장외,두산에너빌리티80-2,KR6034022F68,두산에너빌리티(주),Y,14,보통위험(4등급),2026-08-21,,665.0,,4.096,회사채,일반사채,,N,active,N,Y,A-,7,4,1,N
,4.771,,,,고정금리,이표채,일반은행채,공모,400000000000,,,,,63.6193,AA0,2025-05-26,KRW,,,9004.79,7.5152,9004.79,,,,0.0,99,100.0,2026-08-21,1,400000000000.0,2025-06-23,2035-06-23,4.771,63.76,9005.89,7.506,9005.89,WRBANK CoCoBond(PWD)2906COUP(D)10@-23(T),우리은행조건부(상)2906이(후)10갑23(지),KR,WOORI BANK CoCoBond(PWD)2906COUP(D)10@-23(T),장외,우리은행조건부자본증권(상)2906이(후)10갑23(지)(조건상각/후),KR6000034F65,(주)우리은행,N,12,높은위험(2등급),2026-08-21,,3228.0,,3.31,회사채,은행채,,N,active,N,Y,AA,3,2,1,N
,4.117,,,,고정금리,이표채,일반회사채,공모,140000000000,,,,,2.2974,AA0,2021-01-25,KRW,,,9707.51,1.3973,9707.51,,,,0.0,99,100.0,2026-08-21,1,140000000000.0,2021-01-25,2028-01-25,4.117,2.2894,9708.59,1.3966,9708.59,HYUNDAI STEEL132-3(G),현대제철132-3(녹),KR,HYUNDAI STEEL132-3(G),장외,현대제철132-3(녹),KR6004023B15,현대제철(주),N,15,낮은위험(5등급),2026-08-21,,522.0,,1.896,회사채,일반사채,,N,active,N,Y,AA,3,5,1,N
,4.242,,,,고정금리,이표채,할부금융채,공모,40000000000,,,,,0.2143,A0,2025-04-04,KRW,,,10049.48,0.3636,10049.48,,,,0.0,99,100.0,2026-08-21,1,40000000000.0,2025-04-04,2027-01-04,4.242,0.2099,10050.63,0.3619,10050.63,KIC126-1,한국투자캐피탈126-1,KR,Korea Investment Capital126-1,장외,한국투자캐피탈126-1,KR6214341F45,한국투자캐피탈(주),Y,14,보통위험(4등급),2026-08-21,,136.0,,4.13,회사채,일반사채,,N,active,N,Y,A,6,4,1,N
,3.643,,,,고정금리,이표채,금융지주회사채,공모,400000000000,,,,,254.8236,AA-,2025-05-13,KRW,,,9662.09,7.258,9662.09,,,,0.0,99,100.0,2026-08-21,1,400000000000.0,2025-05-13,2030-05-13,3.643,254.7595,9662.99,10.6252,9662.99,WRFG CoCo Bond(PWD)19(HY),우리금융조건부(상)19(신종),KR,WRFG CoCo Bond(PWD)19(HY),장외,우리금융조건부(상)19(신종)(조건상각/콜/후),KR6316141F57,(주)우리금융지주,N,11,매우높은위험(1등급),2026-08-21,,1361.0,,3.45,회사채,일반사채,,N,active,N,Y,AA-,4,1,1,N
4.0937,4.046,0.0,온오프 겸용,0,고정금리,복리채,국민주택1종,공모,1349263680000,0.0,4.012,4.0937,4.2705,19.3616,,,KRW,4.838,7.331,8928.52,3.9899,8928.52,,,,0.0,99,100.0,2026-08-21,2,1345744840000.0,2025-09-30,2030-09-30,4.046,19.3355,8929.5,4.0016,8929.5,KNHB (Ⅰ)25-09,국민주택1종25-09,KR,KOREA NATIONAL HOUSING BOND (Ⅰ)25-09,장외,국민주택1종채권 25-09,KR101501DF94,대한민국,Y,16,매우낮은위험(6등급),2026-08-21,4.1614,1501.0,2026-08-21,1.0,국공채,국민주택,8940.0,N,active,N,Y,,,6,1,N
4.9607,4.539,0.0,온오프 겸용,0,고정금리,이표채,국고채권,공모,11577000000000,0.0,4.484,4.9607,5.2914,163.3341,,,KRW,5.863,8.373,6934.1,12.0406,6934.1,,,,0.0,99,100.0,2026-08-21,2,10838000000000.0,2020-09-10,2040-09-10,4.539,163.2828,6934.96,12.0612,6934.96,KTB01500-4009(20-7),국고01500-4009(20-7),KR,KOREA TREASURY BOND01500-4009(20-7),장외,국고채권01500-4009(20-7),KR103502GA91,대한민국,Y,16,매우낮은위험(6등급),2026-08-21,5.0874,5134.0,2026-08-21,1.5,국공채,국고채,6980.0,N,active,N,Y,,,6,1,N
4.0599,4.332,0.0,온오프 겸용,0,고정금리,이표채,국고채권,공모,11322000000000,0.0,4.285,4.0599,4.5167,66.773,,,KRW,4.798,6.036,8811.9,7.6722,8811.9,,,,0.0,99,100.0,2026-08-21,2,13497000000000.0,2025-06-10,2035-06-10,4.332,66.7393,8812.93,7.6842,8812.93,KTB02625-3506(25-5),국고02625-3506(25-5),KR,KOREA TREASURY BOND02625-3506(25-5),장외,국고채권 02625-3506(25-5),KR103502GF62,대한민국,Y,16,매우낮은위험(6등급),2026-08-21,4.2349,3215.0,2026-08-21,2.625,국공채,국고채,8844.0,N,active,N,Y,,,6,1,N
4.6517,4.665,0.0,온오프 겸용,0,고정금리,이표채,국고채권,공모,6081000000000,0.0,4.602,5.0782,5.0782,235.6183,,,KRW,5.498,7.522,7722.11,13.758,7722.11,,,,0.0,99,100.0,2026-08-21,2,6081000000000.0,2025-09-10,2045-09-10,4.665,235.5639,7723.09,13.7827,7723.09,KTB02750-4509(25-9),국고02750-4509(25-9),KR,KOREA TREASURY BOND02750-4509(25-9),장외,국고채권 02750-4509(25-9),KR103504GF94,대한민국,Y,16,매우낮은위험(6등급),2026-08-21,5.0782,6960.0,2026-08-21,2.75,국공채,국고채,7789.0,N,active,N,Y,,,6,1,N
3.9383,4.12,0.0,온오프 겸용,0,고정금리,복리채,도시철도공채,공모,52548865000,0.0,4.086,3.9383,4.3368,17.9524,,,KRW,4.655,6.051,10074.84,3.8253,10074.84,,,,0.0,99,100.0,2026-08-21,2,52479130000.0,2023-07-31,2030-07-31,4.12,17.9297,10075.93,3.8365,10075.93,SEOUL SUBWAY23-07,서울도시철도23-07,KR,SEOUL METROPOLITAN CITY SUBWAY BOND23-07,장외,서울도시철도공채증권 23-07,KR2001024D79,서울특별시,Y,16,매우낮은위험(6등급),2026-08-21,4.0909,1440.0,2026-08-21,2.5,국공채,도시철도,10088.0,N,active,N,Y,,,6,1,N
4.3027,4.356,0.0,온오프 겸용,0,고정금리,복리채,도시철도공채,공모,46317135000,0.0,4.316,4.3027,4.727,29.5015,,,KRW,5.085,6.659,9465.19,5.0327,9465.19,,,,0.0,99,100.0,2026-08-21,2,46261835000.0,2024-10-31,2031-10-31,4.356,29.4668,9466.31,5.0492,9466.31,SEOUL SUBWAY24-10,서울도시철도24-10,KR,SEOUL METROPOLITAN CITY SUBWAY BOND24-10,장외,서울도시철도공채증권 24-10,KR2001024EA0,서울특별시,Y,16,매우낮은위험(6등급),2026-08-21,4.4653,1897.0,2026-08-21,2.5,국공채,도시철도,9484.0,N,active,N,Y,,,6,1,N
4.1205,4.201,0.0,온오프 겸용,0,고정금리,복리채,지역개발채,공모,11986465000,0.0,4.164,4.1205,4.4694,21.467,,,KRW,4.87,6.629,9224.26,4.2313,9224.26,,,,0.0,99,100.0,2026-08-21,2,11961680000.0,2025-12-31,2030-12-31,4.201,21.4266,9225.31,4.2447,9225.31,BUSAN PROVINCIAL25-12,부산지역개발25-12,KR,BUSAN PROVINCIAL DEVELOPMENT25-12,장외,부산지역개발채권 25-12,KR2006022FC2,부산광역시,Y,16,매우낮은위험(6등급),2026-08-21,4.2542,1593.0,2026-08-21,2.0,국공채,지역개발,9238.0,N,active,N,Y,,,6,1,N
3.2956,3.668,0.0,온오프 겸용,0,고정금리,복리채,도시철도공채,공모,9605755000,0.0,3.65,3.2956,3.6891,3.4748,,,KRW,3.895,4.8,10708.04,1.4843,10708.04,,,,0.0,99,100.0,2026-08-21,2,9604020000.0,2023-02-28,2028-02-29,3.668,3.4342,10709.1,1.4875,10709.1,BUSAN SUBWAY23-02,부산도시철도23-02,KR,BUSAN SUBWAY23-02,장외,부산도시철도공채증권 23-02,KR2006024D29,부산광역시,Y,16,매우낮은위험(6등급),2026-08-21,3.4464,557.0,2026-08-21,2.5,국공채,도시철도,10711.0,N,active,N,Y,,,6,1,N
3.6718,3.973,0.0,온오프 겸용,0,고정금리,복리채,도시철도공채,공모,9395395000,0.0,3.939,3.6718,4.0806,9.6294,,,KRW,4.34,5.478,10152.91,2.6967,10152.91,,,,0.0,99,100.0,2026-08-21,2,9389785000.0,2024-05-31,2029-05-31,3.973,9.5969,10153.98,2.7041,10153.98,BUSAN SUBWAY24-05,부산도시철도24-05,KR,BUSAN SUBWAY24-05,장외,부산도시철도공채증권 24-05,KR2006034E59,부산광역시,Y,16,매우낮은위험(6등급),2026-08-21,3.8285,1014.0,2026-08-21,2.5,국공채,도시철도,10162.0,N,active,N,Y,,,6,1,N
3.4331,3.583,0.0,온오프 겸용,0,고정금리,복리채,지역개발채,공모,2496810000,0.0,3.568,3.4331,3.6002,2.624,,,KRW,4.058,6.065,10071.63,1.2446,10071.63,,,,0.0,99,100.0,2026-08-21,2,2496810000.0,2022-11-30,2027-11-30,3.583,2.5901,10072.61,1.2468,10072.61,DAEGU PROVINCIAL22-11,대구지역개발22-11,KR,DAEGU PROVINCIAL DEVELOPMENT22-11,장외,대구지역개발채권 22-11,KR2007012CB1,대구광역시,N,16,매우낮은위험(6등급),2026-08-21,3.4972,466.0,2026-08-21,1.05,국공채,지역개발,10073.0,N,active,N,Y,,,6,1,N
3.2956,3.668,0.0,온오프 겸용,0,고정금리,복리채,지역개발채,공모,14469010000,0.0,3.65,3.2956,3.6891,3.4748,,,KRW,3.895,4.8,10708.04,1.4843,10708.04,,,,0.0,99,100.0,2026-08-21,2,14396365000.0,2023-02-28,2028-02-29,3.668,3.4342,10709.1,1.4875,10709.1,CHUNGNAM PROVINCIAL23-02,충남지역개발23-02,KR,CHUNGNAM PROVINCIAL DEVELOPMENT23-02,장외,충남지역개발채권 23-02,KR2022022D28,충청남도,Y,16,매우낮은위험(6등급),2026-08-21,3.4464,557.0,2026-08-21,2.5,국공채,지역개발,10711.0,N,active,N,Y,,,6,1,N
3.4986,3.847,0.0,온오프 겸용,0,고정금리,복리채,지역개발채,공모,12014180000,0.0,3.811,3.4986,3.9,6.4381,,,KRW,4.135,5.168,10413.31,2.1343,10413.31,,,,0.0,99,100.0,2026-08-21,2,11952150000.0,2023-10-31,2028-10-31,3.847,6.4085,10414.39,2.1395,10414.39,CHUNGBUK PROVINCIAL23-10,충북지역개발23-10,KR,CHUNGBUK PROVINCIAL DEVELOPMENT23-10,장외,충북지역개발채권 23-10,KR2033022DA8,충청북도,Y,16,매우낮은위험(6등급),2026-08-21,3.6524,802.0,2026-08-21,2.5,국공채,지역개발,10421.0,N,active,N,Y,,,6,1,N
,4.579,,,,고정금리,이표채,일반회사채,공모,60000000000,,,,,0.9277,A-,2026-07-20,KRW,,,10019.31,0.9172,10019.31,0.0,,0.0,0.0,99,100.0,2026-08-21,1,60000000000.0,2026-07-30,2027-07-30,4.579,0.9236,10020.55,0.9155,10020.55,SK ecoplant186-1,SK에코플랜트186-1,KR,SK ecoplant186-1,장내,SK에코플랜트186-1,KR6003341G74,SK에코플랜트(주),Y,14,보통위험(4등급),2026-08-21,,343.0,,4.5,회사채,일반사채,,N,active,N,Y,A-,7,4,1,N
,4.517,,,,고정금리,이표채,일반회사채,공모,205000000000,,,,,3.4197,A0,2026-05-27,KRW,,,10091.7,1.712,10091.7,0.0,,0.0,0.0,99,100.0,2026-08-21,1,205000000000.0,2026-06-11,2028-06-09,4.517,3.4109,10092.94,1.7116,10092.94,KAL118-1,대한항공118-1,KR,KOREAN AIR LINES118-1,장내,대한항공118-1,KR6003491G64,(주)대한항공,Y,14,보통위험(4등급),2026-08-21,,658.0,,4.542,회사채,일반사채,,N,active,N,Y,A,6,4,1,N
3.7378,4.025,0.0,온오프 겸용,0,고정금리,복리채,지역개발채,공모,71775985000,0.0,3.993,3.7378,4.149,10.6978,,,KRW,4.418,5.598,10073.08,2.8569,10073.08,,,,0.0,99,100.0,2026-08-21,2,71639730000.0,2024-07-31,2029-07-31,4.025,10.6774,10074.14,2.8644,10074.14,KYUNGKI PROVINCIAL24-07,경기지역개발24-07,KR,KYUNGKI PROVINCIAL DEVELOPMENT24-07,장외,경기지역개발채권 24-07,KR2044022E70,경기도,Y,16,매우낮은위험(6등급),2026-08-21,3.8954,1075.0,2026-08-21,2.5,국공채,지역개발,10082.0,N,active,N,Y,,,6,1,N
3.4986,3.847,0.0,온오프 겸용,0,고정금리,복리채,지역개발채,공모,6852705000,0.0,3.811,3.4986,3.9,6.4381,,,KRW,4.135,5.168,10413.31,2.1343,10413.31,,,,0.0,99,100.0,2026-08-21,2,6839295000.0,2023-10-31,2028-10-31,3.847,6.4085,10414.39,2.1395,10414.39,JUNBUK PROVINCIAL23-10,전북지역개발23-10,KR,JUNBUK PROVINCIAL DEVELOPMENT23-10,장외,전북지역개발채권23-10,KR2055022DA1,전라북도,Y,16,매우낮은위험(6등급),2026-08-21,3.6524,802.0,2026-08-21,2.5,국공채,지역개발,10421.0,N,active,N,Y,,,6,1,N
4.0978,4.275,0.0,온오프 겸용,0,고정금리,이표채,일반특수법인채,공모,200000000000,0.0,4.24,4.0978,4.3784,12.0738,AAA,2020-01-06,KRW,4.843,6.883,9214.17,3.232,9214.17,,,,0.0,99,100.0,2026-08-21,2,200000000000.0,2020-01-06,2030-01-06,4.275,12.0546,9215.22,3.2359,9215.22,KEPCO1015,한국전력1015,KR,KOREA ELECTRIC POWER CORPCORPORATION1015,장외,한국전력공사채권1015,KR350102GA19,한국전력공사(주),Y,16,매우낮은위험(6등급),2026-08-21,4.2053,1234.0,2026-08-21,1.684,특수채,공사채,9224.0,N,active,N,Y,AAA,1,6,1,N
3.6741,3.909,0.0,온오프 겸용,0,고정금리,이표채,신용카드채,공모,50000000000,0.0,3.891,3.6741,3.9329,1.1586,AA+,2020-08-12,KRW,4.342,6.14,9788.21,0.9616,9788.21,,,,0.0,99,100.0,2026-08-21,2,50000000000.0,2020-08-12,2027-08-12,3.909,1.1532,9789.24,0.9604,9789.24,SHINHAN CARD2086-4,신한카드2086-4,KR,SHINHAN CARD2086-4,장외,신한카드 2086-4,KR6032717A83,신한카드(주),Y,15,낮은위험(5등급),2026-08-21,3.7732,356.0,2026-08-21,1.645,회사채,일반사채,9789.0,N,active,N,Y,AA+,2,5,1,N
,3.934,,,,고정금리,이표채,신용카드채,공모,100000000000,,,,,1.2853,AA+,2024-09-06,KRW,,,10017.68,1.0143,10017.68,,,,0.0,99,100.0,2026-08-21,1,100000000000.0,2024-09-06,2027-09-06,3.934,1.2795,10018.75,1.0131,10018.75,KB CARD414-2(S),케이비국민카드414-2(사),KR,KB KOOKMIN CARD414-2(S),장외,케이비국민카드414-2(사),KR6140172E96,(주)KB국민카드,N,15,낮은위험(5등급),2026-08-21,,381.0,,3.416,회사채,일반사채,,N,active,N,Y,AA+,2,5,1,N
3.7794,4.051,0.0,온오프 겸용,0,고정금리,복리채,도시철도공채,공모,7455495000,0.0,4.019,3.7794,4.1929,11.7657,,,KRW,4.467,5.671,9998.72,3.019,9998.72,,,,0.0,99,100.0,2026-08-21,2,7412005000.0,2024-09-30,2029-09-30,4.051,11.7405,9999.82,3.0272,9999.82,BUSAN SUBWAY24-09,부산도시철도24-09,KR,BUSAN SUBWAY24-09,장외,부산도시철도공채증권 24-09,KR2006024E93,부산광역시,Y,16,매우낮은위험(6등급),2026-08-21,3.9378,1136.0,2026-08-21,2.5,국공채,도시철도,10008.0,N,active,N,Y,,,6,1,N
3.8619,4.091,0.0,온오프 겸용,0,고정금리,복리채,도시철도공채,공모,3171315000,0.0,4.057,3.8619,4.2816,15.2679,,,KRW,4.564,5.806,9788.12,3.5034,9788.12,,,,0.0,99,100.0,2026-08-21,2,3028355000.0,2025-03-31,2030-03-31,4.091,15.2271,9789.19,3.5139,9789.19,DAEGU SUBWAY25-03,대구도시철도25-03,KR,DAEGU SUBWAY25-03,장외,대구도시철도공채증권 25-03,KR2007024F33,대구광역시,Y,16,매우낮은위험(6등급),2026-08-21,4.0227,1318.0,2026-08-21,2.5,국공채,도시철도,9799.0,N,active,N,Y,,,6,1,N
4.2287,4.275,0.0,온오프 겸용,0,고정금리,복리채,지역개발채,공모,13751370000,0.0,4.236,4.2287,4.5823,24.4856,,,KRW,4.998,6.822,9070.23,4.5476,9070.23,,,,0.0,99,100.0,2026-08-21,2,13702910000.0,2026-04-30,2031-04-30,4.275,24.4481,9071.26,4.5623,9071.26,CHUNGNAM PROVINCIAL26-04,충남지역개발26-04,KR,CHUNGNAM PROVINCIAL DEVELOPMENT26-04,장외,충남지역개발채권 26-04,KR2022022G41,충청남도,Y,16,매우낮은위험(6등급),2026-08-21,4.3642,1713.0,2026-08-21,2.0,국공채,지역개발,9086.0,N,active,N,Y,,,6,1,N
3.5498,3.878,0.0,온오프 겸용,0,고정금리,복리채,지역개발채,공모,76426530000,0.0,3.841,3.5498,3.9541,7.7215,,,KRW,4.195,5.256,10306.47,2.3796,10306.47,,,,0.0,99,100.0,2026-08-21,2,76257715000.0,2024-01-31,2029-01-31,3.878,7.6808,10307.55,2.386,10307.55,KYUNGKI PROVINCIAL24-01,경기지역개발24-01,KR,KYUNGKI PROVINCIAL DEVELOPMENT24-01,장외,경기지역개발채권 24-01,KR2044022E13,경기도,Y,16,매우낮은위험(6등급),2026-08-21,3.7047,894.0,2026-08-21,2.5,국공채,지역개발,10315.0,N,active,N,Y,,,6,1,N
4.1747,4.237,0.0,온오프 겸용,0,고정금리,복리채,지역개발채,공모,43160970000,0.0,4.199,4.1747,4.5259,22.9206,,,KRW,4.934,6.726,9148.82,4.3871,9148.82,,,,0.0,99,100.0,2026-08-21,2,42947495000.0,2026-02-28,2031-02-28,4.237,22.8791,9149.86,4.4013,9149.86,KYUNGKI PROVINCIAL26-02,경기지역개발26-02,KR,KYUNGKI PROVINCIAL DEVELOPMENT26-02,장외,경기지역개발채권 26-02,KR2044022G29,경기도,Y,16,매우낮은위험(6등급),2026-08-21,4.3093,1652.0,2026-08-21,2.0,국공채,지역개발,9163.0,N,active,N,Y,,,6,1,N
4.1205,4.201,0.0,온오프 겸용,0,고정금리,복리채,지역개발채,공모,27742190000,0.0,4.164,4.1205,4.4694,21.467,,,KRW,4.87,6.629,9224.26,4.2313,9224.26,,,,0.0,99,100.0,2026-08-21,2,27587685000.0,2025-12-31,2030-12-31,4.201,21.4266,9225.31,4.2447,9225.31,CHUNNAM PROVINCIAL25-12,전남지역개발25-12,KR,CHUNNAM PROVINCIAL DEVELOPMENT25-12,장외,전남지역개발채권 25-12,KR2066022FC9,전남광주통합특별시,Y,16,매우낮은위험(6등급),2026-08-21,4.2542,1593.0,2026-08-21,2.0,국공채,지역개발,9238.0,N,active,N,Y,,,6,1,N
3.6692,3.807,0.0,온오프 겸용,0,고정금리,복리채,국민주택1종,공모,988065510000,0.0,3.77,3.6692,3.8838,8.1568,,,KRW,4.337,6.324,9705.53,2.4554,9705.53,,,,0.0,99,100.0,2026-08-21,2,985062840000.0,2024-02-29,2029-02-28,3.807,8.1157,9706.52,2.4619,9706.52,KNHB (Ⅰ)24-02,국민주택1종24-02,KR,KOREA NATIONAL HOUSING BOND (Ⅰ)24-02,장외,국민주택1종채권 24-02,KR101501DE20,대한민국,Y,16,매우낮은위험(6등급),2026-08-21,3.7514,922.0,2026-08-21,1.3,국공채,국민주택,9714.0,N,active,N,Y,,,6,1,N
3.926,3.972,0.0,온오프 겸용,0,고정금리,복리채,국민주택1종,공모,1207712470000,0.0,3.939,3.926,4.1494,15.3018,,,KRW,4.64,6.794,9266.63,3.5063,9266.63,,,,0.0,99,100.0,2026-08-21,2,1204384110000.0,2025-03-31,2030-03-31,3.972,15.2612,9267.62,3.5165,9267.62,KNHB (Ⅰ)25-03,국민주택1종25-03,KR,KOREA NATIONAL HOUSING BOND (Ⅰ)25-03,장외,국민주택1종채권 25-03,KR101501DF37,대한민국,Y,16,매우낮은위험(6등급),2026-08-21,4.0116,1318.0,2026-08-21,1.3,국공채,국민주택,9277.0,N,active,N,Y,,,6,1,N
4.1327,4.072,0.0,온오프 겸용,0,고정금리,복리채,국민주택1종,공모,1132616090000,0.0,4.038,4.1327,4.3099,20.0642,,,KRW,4.884,7.406,8888.47,4.0722,8888.47,,,,0.0,99,100.0,2026-08-21,2,1129157570000.0,2025-10-31,2030-10-31,4.072,20.0322,8889.46,4.0844,8889.46,KNHB (Ⅰ)25-10,국민주택1종25-10,KR,KOREA NATIONAL HOUSING BOND (Ⅰ)25-10,장외,국민주택1종채권 25-10,KR101501DFA6,대한민국,Y,16,매우낮은위험(6등급),2026-08-21,4.2006,1532.0,2026-08-21,1.0,국공채,국민주택,8900.0,N,active,N,Y,,,6,1,N
3.5682,3.892,0.0,온오프 겸용,0,고정금리,복리채,도시철도공채,공모,5423540000,0.0,3.855,3.5682,3.9734,8.144,,,KRW,4.217,5.288,10272.91,2.454,10272.91,,,,0.0,99,100.0,2026-08-21,2,5423540000.0,2024-02-29,2029-02-28,3.892,8.1032,10273.98,2.4607,10273.98,BUSAN SUBWAY24-02,부산도시철도24-02,KR,BUSAN SUBWAY24-02,장외,부산도시철도공채증권 24-02,KR2006014E20,부산광역시,Y,16,매우낮은위험(6등급),2026-08-21,3.7234,922.0,2026-08-21,2.5,국공채,도시철도,10282.0,N,active,N,Y,,,6,1,N
4.093,4.183,0.0,온오프 겸용,0,고정금리,복리채,도시철도공채,공모,4440040000,0.0,4.147,4.093,4.4408,20.7278,,,KRW,4.838,6.58,9263.75,4.1492,9263.75,,,,0.0,99,100.0,2026-08-21,2,4439525000.0,2025-11-30,2030-11-30,4.183,20.6904,9264.8,4.1621,9264.8,BUSAN SUBWAY25-11,부산도시철도25-11,KR,BUSAN SUBWAY25-11,장외,부산도시철도공채증권25-11,KR2006014FB1,부산광역시,Y,16,매우낮은위험(6등급),2026-08-21,4.2262,1562.0,2026-08-21,2.0,국공채,도시철도,9277.0,N,active,N,Y,,,6,1,N
3.4986,3.847,0.0,온오프 겸용,0,고정금리,복리채,지역개발채,공모,2006295000,0.0,3.811,3.4986,3.9,6.4381,,,KRW,4.135,5.168,10413.31,2.1343,10413.31,,,,0.0,99,100.0,2026-08-21,2,2003405000.0,2023-10-31,2028-10-31,3.847,6.4085,10414.39,2.1395,10414.39,BUSAN PROVINCIAL23-10,부산지역개발23-10,KR,BUSAN PROVINCIAL DEVELOPMENT23-10,장외,부산지역개발채권 23-10,KR2006022DA1,부산광역시,Y,16,매우낮은위험(6등급),2026-08-21,3.6524,802.0,2026-08-21,2.5,국공채,지역개발,10421.0,N,active,N,Y,,,6,1,N
4.093,4.183,0.0,온오프 겸용,0,고정금리,복리채,지역개발채,공모,16913330000,0.0,4.147,4.093,4.4408,20.7278,,,KRW,4.838,6.58,9263.75,4.1492,9263.75,,,,0.0,99,100.0,2026-08-21,2,16746470000.0,2025-11-30,2030-11-30,4.183,20.6904,9264.8,4.1621,9264.8,KYUNGBUK PROVINCIAL25-11,경북지역개발25-11,KR,KYUNGBUK PROVINCIAL DEVELOPMENT25-11,장외,경북지역개발채권 25-11,KR2077022FB8,경상북도,Y,16,매우낮은위험(6등급),2026-08-21,4.2262,1562.0,2026-08-21,2.0,국공채,지역개발,9277.0,N,active,N,Y,,,6,1,N
4.0931,4.183,0.0,온오프 겸용,0,고정금리,복리채,지역개발채,공모,2439205000,0.0,4.147,4.0931,4.4408,20.7278,,,KRW,4.838,6.58,9263.75,4.1492,9263.75,,,,0.0,99,100.0,2026-08-21,2,2409290000.0,2025-11-30,2030-11-30,4.183,20.6904,9264.8,4.1621,9264.8,KYUNGNAM PROVINCIAL25-11,경남지역개발25-11,KR,KYUNGNAM PROVINCIAL DEVELOPMENT25-11,장외,경남지역개발채권 25-11,KR2088022FB5,경상남도,N,16,매우낮은위험(6등급),2026-08-21,4.2263,1562.0,2026-08-21,2.0,국공채,지역개발,9277.0,N,active,N,Y,,,6,1,N
2.7056,2.992,0.0,온오프 겸용,0,고정금리,이표채,일반특수법인채,공모,140000000000,0.0,2.985,2.7056,2.9998,0.0207,AAA,2021-09-13,KRW,3.198,4.067,10078.19,0.0613,10078.19,,,,0.0,99,100.0,2026-08-21,2,140000000000.0,2021-09-13,2026-09-13,2.992,0.0155,10079.01,0.0594,10079.01,KORAIL203,한국철도공사203,KR,KOREA RAILROAD CORPORATION203,장외,한국철도공사 203,KR354601GB99,한국철도공사,Y,16,매우낮은위험(6등급),2026-08-21,2.8183,23.0,2026-08-21,1.941,특수채,공사채,10078.0,N,active,N,Y,AAA,1,6,1,N
3.1526,3.412,0.0,온오프 겸용,0,고정금리,이표채,일반특수법인채,공모,200000000000,0.0,3.401,3.1526,3.3991,0.3594,AAA,2020-02-19,KRW,3.726,5.161,9912.32,0.4897,9912.32,,,,0.0,99,100.0,2026-08-21,2,200000000000.0,2020-02-19,2027-02-19,3.412,0.3565,9913.24,0.4881,9913.24,NACF2020-2COUP7Y-D,농금채(중앙회)2020-2이7Y-D,KR,NATIONAL AGRICULTURAL COOPERATIVE FEDERATION2020-2COUP7Y-D,장외,농업금융채권(중앙회) 2020-2이7Y-D,KR381104GA20,농업협동조합중앙회,Y,16,매우낮은위험(6등급),2026-08-21,3.2471,182.0,2026-08-21,1.6,특수채,공사채,9912.0,N,active,N,Y,AAA,1,6,1,N
4.0602,4.718,0.0,온오프 겸용,0,고정금리,이표채,일반회사채,공모,50000000000,0.0,4.697,4.0602,4.6984,3.0459,A-,2025-05-16,KRW,4.799,5.241,9930.86,1.6169,9930.86,,,,0.0,99,100.0,2026-08-21,2,50000000000.0,2025-04-28,2028-04-28,4.718,3.0372,9932.12,1.6166,9932.12,HANJINKAL16-2,한진칼16-2,KR,HANJINKAL16-2,장외,한진칼16-2,KR6180642F44,(주)한진칼,Y,14,보통위험(4등급),2026-08-21,4.3047,616.0,2026-08-21,4.124,회사채,일반사채,9934.0,N,active,N,Y,A-,7,4,1,N
,3.336,,,,고정금리,복리채,도시철도공채,공모,77480405000,,,,,1.0,,,KRW,,,10468.9,0.6746,10468.9,,,,0.0,99,100.0,2026-08-21,1,77354135000.0,2020-04-30,2027-04-30,3.336,0.9648,10469.83,0.675,10469.83,SEOUL SUBWAY20-04,서울도시철도20-04,KR,SEOUL METROPOLITAN CITY SUBWAY BOND20-04,장외,서울도시철도공채증권 20-04,KR2001264A48,서울특별시,N,16,매우낮은위험(6등급),2026-08-21,,252.0,,1.0,국공채,도시철도,,N,active,N,Y,,,6,1,N
,3.427,,,,고정금리,복리채,도시철도공채,공모,95406080000,,,,,1.4363,,,KRW,,,10404.21,0.8365,10404.21,,,,0.0,99,100.0,2026-08-21,1,95179540000.0,2020-06-30,2027-06-30,3.427,1.4135,10405.16,0.8372,10405.16,SEOUL SUBWAY20-06,서울도시철도20-06,KR,SEOUL METROPOLITAN CITY SUBWAY BOND20-06,장외,서울도시철도공채증권 20-06,KR2001274A61,서울특별시,Y,16,매우낮은위험(6등급),2026-08-21,,313.0,,1.0,국공채,도시철도,,N,active,N,Y,,,6,1,N
,3.612,,,,고정금리,복리채,도시철도공채,공모,91962615000,,,,,2.8988,,,KRW,,,10203.27,1.3273,10203.27,,,,0.0,99,100.0,2026-08-21,1,91840745000.0,2020-12-31,2027-12-31,3.612,2.8607,10204.27,1.3299,10204.27,SEOUL SUBWAY20-12,서울도시철도20-12,KR,SEOUL METROPOLITAN CITY SUBWAY BOND20-12,장외,서울도시철도공채증권 20-12,KR2001274AC5,서울특별시,Y,16,매우낮은위험(6등급),2026-08-21,,497.0,,1.0,국공채,도시철도,,N,active,N,Y,,,6,1,N
,4.091,,,,고정금리,복리채,지역개발채,공모,6665575000,,,,,15.2679,,,KRW,,,9788.12,3.5034,9788.12,,,,0.0,99,100.0,2026-08-21,1,6580410000.0,2025-03-31,2030-03-31,4.091,15.2271,9789.19,3.5139,9789.19,DAEJON PROVINCIAL25-03,대전지역개발25-03,KR,DAEJON PROVINCIAL DEVELOPMENT25-03,장외,대전지역개발채권25-03,KR2003022F34,대전광역시,N,16,매우낮은위험(6등급),2026-08-21,,1318.0,,2.5,국공채,지역개발,,N,active,N,Y,,,6,1,N
,3.918,,,,고정금리,복리채,국민주택1종,공모,1266234490000,,,,,11.2769,,,KRW,,,9495.05,2.9413,9495.05,,,,0.0,99,100.0,2026-08-21,1,1254347980000.0,2024-08-31,2029-08-31,3.918,11.2607,9496.07,2.9489,9496.07,KNHB (Ⅰ)24-08,국민주택1종24-08,KR,KOREA NATIONAL HOUSING BOND (Ⅰ)24-08,장외,국민주택1종채권 24-08,KR101501DE87,대한민국,Y,16,매우낮은위험(6등급),2026-08-21,,1106.0,,1.3,국공채,국민주택,,N,active,N,Y,,,6,1,N
,3.941,,,,고정금리,복리채,국민주택1종,공모,1149224530000,,,,,12.8994,,,KRW,,,9396.53,3.1847,9396.53,,,,0.0,99,100.0,2026-08-21,1,1145856620000.0,2024-11-30,2029-11-30,3.941,12.8629,9397.53,3.1936,9397.53,KNHB (Ⅰ)24-11,국민주택1종24-11,KR,KOREA NATIONAL HOUSING BOND (Ⅰ)24-11,장외,국민주택1종채권 24-11,KR101501DEB7,대한민국,Y,16,매우낮은위험(6등급),2026-08-21,,1197.0,,1.3,국공채,국민주택,,N,active,N,Y,,,6,1,N
,3.98,,,,고정금리,복리채,국민주택1종,공모,1322229980000,,,,,15.939,,,KRW,,,9098.63,3.5858,9098.63,,,,0.0,99,100.0,2026-08-21,1,1317579110000.0,2025-04-30,2030-04-30,3.98,15.9009,9099.6,3.5962,9099.6,KNHB (Ⅰ)25-04,국민주택1종25-04,KR,KOREA NATIONAL HOUSING BOND (Ⅰ)25-04,장외,국민주택1종채권 25-04,KR101501DF45,대한민국,Y,16,매우낮은위험(6등급),2026-08-21,,1348.0,,1.0,국공채,국민주택,,N,active,N,Y,,,6,1,N
,4.292,,,,고정금리,복리채,국민주택1종,공모,1347837050000,,,,,26.1225,,,KRW,,,8568.13,4.7081,8568.13,,,,0.0,99,100.0,2026-08-21,1,1343485340000.0,2026-06-30,2031-06-30,4.292,26.0907,8569.1,4.7231,8569.1,KNHB (Ⅰ)26-06,국민주택1종26-06,KR,KOREA NATIONAL HOUSING BOND (Ⅰ)26-06,장외,국민주택1종채권 26-06,KR101501DG69,대한민국,Y,16,매우낮은위험(6등급),2026-08-21,,1774.0,,1.0,국공채,국민주택,,N,active,N,Y,,,6,1,N
,3.413,,,,고정금리,이표채,국고채권,공모,15358000000000,,,,,0.9714,,,KRW,,,10050.39,0.785,10050.39,,,,0.0,99,100.0,2026-08-21,1,13198000000000.0,2024-06-10,2027-06-10,3.413,0.9583,10051.31,0.7843,10051.31,KTB03250-2706(24-4),국고03250-2706(24-4),KR,KOREA TREASURY BOND03250-2706(24-4),장외,국고채권 03250-2706(24-4),KR103501GE64,대한민국,Y,16,매우낮은위험(6등급),2026-08-21,,293.0,,3.25,국공채,국고채,,N,active,N,Y,,,6,1,N
,4.12,,,,고정금리,복리채,지역개발채,공모,5370010000,,,,,17.9525,,,KRW,,,9648.54,3.8253,9648.54,,,,0.0,99,100.0,2026-08-21,1,5370010000.0,2025-07-31,2030-07-31,4.12,17.9298,9649.59,3.8365,9649.59,DAEJON PROVINCIAL25-07,대전지역개발25-07,KR,DAEJON PROVINCIAL DEVELOPMENT25-07,장외,대전지역개발채권25-07,KR2003022F75,대전광역시,N,16,매우낮은위험(6등급),2026-08-21,,1440.0,,2.5,국공채,지역개발,,N,active,N,Y,,,6,1,N
,4.237,,,,고정금리,복리채,지역개발채,공모,4577185000,,,,,22.9206,,,KRW,,,9148.82,4.3871,9148.82,,,,0.0,99,100.0,2026-08-21,1,4545820000.0,2026-02-28,2031-02-28,4.237,22.8791,9149.86,4.4013,9149.86,DAEJON PROVINCIAL26-02,대전지역개발26-02,KR,DAEJON PROVINCIAL DEVELOPMENT26-02,장외,대전지역개발채권26-02,KR2003022G25,대전광역시,N,16,매우낮은위험(6등급),2026-08-21,,1652.0,,2.0,국공채,지역개발,,N,active,N,Y,,,6,1,N
,3.143,,,,고정금리,복리채,지역개발채,공모,13820765000,,,,,0.4962,,,KRW,,,10390.19,0.4374,10390.19,,,,0.0,99,100.0,2026-08-21,1,13820765000.0,2022-01-31,2027-01-31,3.143,0.4561,10391.07,0.4372,10391.07,INCHEON PROVINCIAL22-01,인천지역개발22-01,KR,INCHEON PROVINCIAL DEVELOPMENT22-01,장외,인천지역개발채권 22-01,KR2004012C11,인천광역시,N,16,매우낮은위험(6등급),2026-08-21,,163.0,,1.05,국공채,지역개발,,N,active,N,Y,,,6,1,N
,3.612,,,,고정금리,복리채,지역개발채,공모,17442585000,,,,,2.8988,,,KRW,,,10037.51,1.3273,10037.51,,,,0.0,99,100.0,2026-08-21,1,17428540000.0,2022-12-31,2027-12-31,3.612,2.8607,10038.5,1.3299,10038.5,INCHEON PROVINCIAL22-12,인천지역개발22-12,KR,INCHEON PROVINCIAL DEVELOPMENT22-12,장외,인천지역개발채권 22-12,KR2004022CC1,인천광역시,Y,16,매우낮은위험(6등급),2026-08-21,,497.0,,1.05,국공채,지역개발,,N,active,N,Y,,,6,1,N
,3.612,,,,고정금리,복리채,지역개발채,공모,12132115000,,,,,2.8988,,,KRW,,,10037.51,1.3273,10037.51,,,,0.0,99,100.0,2026-08-21,1,12125185000.0,2022-12-31,2027-12-31,3.612,2.8607,10038.5,1.3299,10038.5,KWANGJU PROVINCIAL22-12,광주지역개발22-12,KR,KWANGJU PROVINCIAL DEVELOPMENT22-12,장외,광주지역개발채권 22-12,KR2005022CC0,전남광주통합특별시,Y,16,매우낮은위험(6등급),2026-08-21,,497.0,,1.05,국공채,지역개발,,N,active,N,Y,,,6,1,N
,3.64,,,,고정금리,복리채,지역개발채,공모,9122750000,,,,,3.193,,,KRW,,,10741.99,1.4099,10741.99,,,,0.0,99,100.0,2026-08-21,1,8995235000.0,2023-01-31,2028-01-31,3.64,3.1526,10743.05,1.4128,10743.05,KWANGJU PROVINCIAL23-01,광주지역개발23-01,KR,KWANGJU PROVINCIAL DEVELOPMENT23-01,장외,광주지역개발채권 23-01,KR2005022D15,전남광주통합특별시,N,16,매우낮은위험(6등급),2026-08-21,,528.0,,2.5,국공채,지역개발,,N,active,N,Y,,,6,1,N
,4.12,,,,고정금리,복리채,지역개발채,공모,7269695000,,,,,17.9525,,,KRW,,,9648.54,3.8253,9648.54,,,,0.0,99,100.0,2026-08-21,1,7257100000.0,2025-07-31,2030-07-31,4.12,17.9298,9649.59,3.8365,9649.59,KWANGJU PROVINCIAL25-07,광주지역개발25-07,KR,KWANGJU PROVINCIAL DEVELOPMENT25-07,장외,광주지역개발채권 25-07,KR2005022F70,전남광주통합특별시,N,16,매우낮은위험(6등급),2026-08-21,,1440.0,,2.5,국공채,지역개발,,N,active,N,Y,,,6,1,N
,4.078,,,,고정금리,복리채,지역개발채,공모,1913595000,,,,,14.0647,,,KRW,,,9856.02,3.3469,9856.02,,,,0.0,99,100.0,2026-08-21,1,1830850000.0,2025-01-31,2030-01-31,4.078,14.0228,9857.11,3.3569,9857.11,BUSAN PROVINCIAL25-01,부산지역개발25-01,KR,BUSAN PROVINCIAL DEVELOPMENT25-01,장외,부산지역개발채권 25-01,KR2006012F13,부산광역시,N,16,매우낮은위험(6등급),2026-08-21,,1259.0,,2.5,국공채,지역개발,,N,active,N,Y,,,6,1,N
,3.059,,,,고정금리,복리채,지역개발채,공모,20962200000,,,,,0.3586,,,KRW,,,10420.73,0.3545,10420.73,,,,0.0,99,100.0,2026-08-21,1,20927135000.0,2021-12-31,2026-12-31,3.059,0.3209,10421.59,0.354,10421.59,BUSAN PROVINCIAL21-12,부산지역개발21-12,KR,BUSAN PROVINCIAL DEVELOPMENT21-12,장외,부산지역개발채권 21-12,KR2006022BC1,부산광역시,Y,16,매우낮은위험(6등급),2026-08-21,,132.0,,1.05,국공채,지역개발,,N,active,N,Y,,,6,1,N
,3.878,,,,고정금리,복리채,도시철도공채,공모,6246900000,,,,,7.7215,,,KRW,,,10306.47,2.3796,10306.47,,,,0.0,99,100.0,2026-08-21,1,6246900000.0,2024-01-31,2029-01-31,3.878,7.6808,10307.55,2.386,10307.55,BUSAN SUBWAY24-01,부산도시철도24-01,KR,BUSAN SUBWAY24-01,장외,부산도시철도공채증권 24-01,KR2006024E10,부산광역시,Y,16,매우낮은위험(6등급),2026-08-21,,894.0,,2.5,국공채,도시철도,,N,active,N,Y,,,6,1,N
,5.292,,,,고정금리,이표채,일반은행채,공모,300000000000,,,,,109.14,AA-,2023-10-16,KRW,,,10177.65,4.532,10177.65,0.0,,0.0,0.0,99,100.0,2026-08-21,1,300000000000.0,2023-10-16,2028-10-16,5.292,189.0593,10178.8,5.7009,10178.8,WRBANK CoCoBond(PWD)2710COUP(HY)perp5@16,우리은행조건부(상)2710이(신)영구5갑16,KR,WOORI BANK CoCoBond(PWD)2710COUP(HY)perp5@16,장내,우리은행조건부자본증권(상)2710이(신)영구5갑16(조건상각/콜/후),KR6000036DA8,(주)우리은행,N,11,매우높은위험(1등급),2026-08-21,,787.0,,5.38,회사채,은행채,,N,active,N,Y,AA-,4,1,1,N
,2.974,,,,고정금리,복리채,지역개발채,공모,2313835000,,,,,0.241,,,KRW,,,10450.03,0.2714,10450.03,,,,0.0,99,100.0,2026-08-21,1,2313835000.0,2021-11-30,2026-11-30,2.974,0.208,10450.87,0.2705,10450.87,DAEGU PROVINCIAL21-11,대구지역개발21-11,KR,DAEGU PROVINCIAL DEVELOPMENT21-11,장외,대구지역개발채권21-11,KR2007022BB2,대구광역시,N,16,매우낮은위험(6등급),2026-08-21,,101.0,,1.05,국공채,지역개발,,N,active,N,Y,,,6,1,N
,3.946,,,,고정금리,복리채,도시철도공채,공모,2327235000,,,,,9.1116,,,KRW,,,10193.4,2.6151,10193.4,,,,0.0,99,100.0,2026-08-21,1,2327235000.0,2024-04-30,2029-04-30,3.946,9.075,10194.47,2.6223,10194.47,DAEGU SUBWAY24-04,대구도시철도24-04,KR,DAEGU SUBWAY24-04,장외,대구도시철도공채증권 24-04,KR2007024E42,대구광역시,Y,16,매우낮은위험(6등급),2026-08-21,,983.0,,2.5,국공채,도시철도,,N,active,N,Y,,,6,1,N
,4.293,,,,고정금리,복리채,지역개발채,공모,12375475000,,,,,25.3051,,,KRW,,,9030.69,4.6289,9030.69,,,,0.0,99,100.0,2026-08-21,1,12299560000.0,2026-05-31,2031-05-31,4.293,25.2707,9031.71,4.6439,9031.71,CHUNGNAM PROVINCIAL26-05,충남지역개발26-05,KR,CHUNGNAM PROVINCIAL DEVELOPMENT26-05,장외,충남지역개발채권 26-05,KR2022022G58,충청남도,Y,16,매우낮은위험(6등급),2026-08-21,,1744.0,,2.0,국공채,지역개발,,N,active,N,Y,,,6,1,N
,4.328,,,,고정금리,복리채,지역개발채,공모,12802560000,,,,,26.9639,,,KRW,,,8953.54,4.7885,8953.54,,,,0.0,99,100.0,2026-08-21,1,12692400000.0,2026-07-31,2031-07-31,4.328,26.938,8954.56,4.8037,8954.56,CHUNGNAM PROVINCIAL26-07,충남지역개발26-07,KR,CHUNGNAM PROVINCIAL DEVELOPMENT26-07,장외,충남지역개발채권 26-07,KR2022022G74,충청남도,Y,16,매우낮은위험(6등급),2026-08-21,,1805.0,,2.0,국공채,지역개발,,N,active,N,Y,,,6,1,N
,3.464,,,,고정금리,복리채,지역개발채,공모,104006205000,,,,,1.6857,,,KRW,,,10202.86,0.9185,10202.86,,,,0.0,99,100.0,2026-08-21,1,103907745000.0,2022-07-31,2027-07-31,3.464,1.6718,10203.8,0.9193,10203.8,KYUNGKI PROVINCIAL22-07,경기지역개발22-07,KR,KYUNGKI PROVINCIAL DEVELOPMENT22-07,장외,경기지역개발채권 22-07,KR2044022C72,경기도,Y,16,매우낮은위험(6등급),2026-08-21,,344.0,,1.05,국공채,지역개발,,N,active,N,Y,,,6,1,N
,3.828,,,,고정금리,복리채,지역개발채,공모,70580310000,,,,,5.6803,,,KRW,,,10484.02,1.9708,10484.02,,,,0.0,99,100.0,2026-08-21,1,70408480000.0,2023-08-31,2028-08-31,3.828,5.6679,10485.12,1.9751,10485.12,KYUNGKI PROVINCIAL23-08,경기지역개발23-08,KR,KYUNGKI PROVINCIAL DEVELOPMENT23-08,장외,경기지역개발채권 23-08,KR2044022D89,경기도,Y,16,매우낮은위험(6등급),2026-08-21,,741.0,,2.5,국공채,지역개발,,N,active,N,Y,,,6,1,N
,4.046,,,,고정금리,복리채,지역개발채,공모,58987755000,,,,,11.2494,,,KRW,,,10033.66,2.9386,10033.66,,,,0.0,99,100.0,2026-08-21,1,58796895000.0,2024-08-31,2029-08-31,4.046,11.2327,10034.77,2.9464,10034.77,KYUNGKI PROVINCIAL24-08,경기지역개발24-08,KR,KYUNGKI PROVINCIAL DEVELOPMENT24-08,장외,경기지역개발채권 24-08,KR2044032E86,경기도,Y,16,매우낮은위험(6등급),2026-08-21,,1106.0,,2.5,국공채,지역개발,,N,active,N,Y,,,6,1,N
,3.557,,,,고정금리,복리채,지역개발채,공모,11671695000,,,,,2.3767,,,KRW,,,10104.19,1.1643,10104.19,,,,0.0,99,100.0,2026-08-21,1,11657460000.0,2022-10-31,2027-10-31,3.557,2.3489,10105.17,1.1662,10105.17,JUNBUK PROVINCIAL22-10,전북지역개발22-10,KR,JUNBUK PROVINCIAL DEVELOPMENT22-10,장외,전북지역개발채권22-10,KR2055012CA4,전라북도,Y,16,매우낮은위험(6등급),2026-08-21,,436.0,,1.05,국공채,지역개발,,N,active,N,Y,,,6,1,N
,4.057,,,,고정금리,복리채,지역개발채,공모,3886100000,,,,,12.3178,,,KRW,,,9962.74,3.1019,9962.74,,,,0.0,99,100.0,2026-08-21,1,3867700000.0,2024-10-31,2029-10-31,4.057,12.2857,9963.84,3.1106,9963.84,KYUNGNAM PROVINCIAL24-10,경남지역개발24-10,KR,KYUNGNAM PROVINCIAL DEVELOPMENT24-10,장외,경남지역개발채권 24-10,KR2088022EA0,경상남도,Y,16,매우낮은위험(6등급),2026-08-21,,1167.0,,2.5,국공채,지역개발,,N,active,N,Y,,,6,1,N
,4.328,,,,고정금리,복리채,지역개발채,공모,1081125000,,,,,26.9639,,,KRW,,,8953.54,4.7885,8953.54,,,,0.0,99,100.0,2026-08-21,1,1075135000.0,2026-07-31,2031-07-31,4.328,26.938,8954.56,4.8037,8954.56,CHEJU PROVINCIAL26-07,제주지역개발26-07,KR,CHEJU PROVINCIAL DEVELOPMENT26-07,장외,제주지역개발채권 26-07,KR2099032G70,제주도,Y,16,매우낮은위험(6등급),2026-08-21,,1805.0,,2.0,국공채,지역개발,,N,active,N,Y,,,6,1,N
,5.154,,,,고정금리,이표채,일반은행채,공모,320000000000,,,,,84.3787,AA-,2022-09-21,KRW,,,10150.39,3.1407,10150.39,,,,0.0,99,100.0,2026-08-21,1,320000000000.0,2022-09-21,2027-09-21,5.154,84.3575,10151.52,3.9799,10151.52,WRBANK CoCoBond(PWD)2609COUP(HY)perp5@21,우리은행조건부(상)2609이(신)영구5갑21,KR,WOORI BANK CoCoBond(PWD)2609COUP(HY)perp5@21,장외,우리은행조건부자본증권(상)2609이(신)영구5갑21(조건상각/콜/후),KR6000034C92,(주)우리은행,Y,11,매우높은위험(1등급),2026-08-21,,396.0,,5.2,회사채,은행채,,N,active,N,Y,AA-,4,1,1,N
,4.919,,,,고정금리,이표채,일반회사채,공모,110000000000,,,,,3.2787,BBB+,2025-05-28,KRW,,,9946.31,1.6753,9946.31,,,,0.0,99,100.0,2026-08-21,1,110000000000.0,2025-05-28,2028-05-26,4.919,3.2707,9947.64,1.675,9947.64,HANJIN TRNSPT123-2,한진123-2,KR,HANJIN TRANSPORTATION123-2,장외,한진123-2,KR6002322F54,(주)한진,Y,13,다소높은위험(3등급),2026-08-21,,644.0,,4.043,회사채,일반사채,,N,active,N,Y,BBB+,8,3,1,N
,4.618,,,,고정금리,이표채,일반회사채,공모,185000000000,,,,,4.646,A0,2025-09-30,KRW,,,9729.75,2.0217,9729.75,,,,0.0,99,100.0,2026-08-21,1,185000000000.0,2025-09-30,2028-09-29,4.618,4.6354,9730.96,2.0216,9730.96,KAL112-1,대한항공112-1,KR,KOREAN AIR LINES112-1,장외,대한항공112-1,KR6003491F99,(주)대한항공,Y,14,보통위험(4등급),2026-08-21,,770.0,,3.051,회사채,일반사채,,N,active,N,Y,A,6,4,1,N
,4.925,,,,고정금리,이표채,일반은행채,공모,300000000000,,,,,116.0151,AA-,2022-06-23,KRW,,,10025.44,5.3349,10025.44,,,,0.0,99,100.0,2026-08-21,1,300000000000.0,2022-06-23,2027-06-23,4.925,184.7591,10026.55,8.1814,10026.55,KOOKMINCoCoBond(PWD)4206C(03)(Hy-P)23,국민은행조건부(상)4206이(03)영신23,KR,KOOKMIN BANK CoCoBond(PWD)4206C(03)(Hy-P)23,장외,국민은행조건부(상)4206이(03)영신23(조건상각/콜/후),KR6060005C67,(주)국민은행,Y,11,매우높은위험(1등급),2026-08-21,,306.0,,4.89,회사채,은행채,,N,active,N,Y,AA-,4,1,1,N
3.3849,3.565,0.0,온오프 겸용,0,고정금리,복리채,국민주택1종,공모,975178480000,0.0,3.548,3.3849,3.5928,3.1973,,,KRW,4.001,5.791,10138.4,1.4106,10138.4,,,,0.0,99,100.0,2026-08-21,2,967496920000.0,2023-01-31,2028-01-31,3.565,3.1568,10139.37,1.4135,10139.37,KNHB (Ⅰ)23-01,국민주택1종23-01,KR,KOREA NATIONAL HOUSING BOND (Ⅰ)23-01,장외,국민주택1종채권 23-01,KR101501DD13,대한민국,Y,16,매우낮은위험(6등급),2026-08-21,3.4646,528.0,2026-08-21,1.3,국공채,국민주택,10140.0,N,active,N,Y,,,6,1,N
3.904,3.959,0.0,온오프 겸용,0,고정금리,복리채,국민주택1종,공모,1369998380000,0.0,3.925,3.904,4.1268,14.6619,,,KRW,4.614,6.753,9301.44,3.4243,9301.44,,,,0.0,99,100.0,2026-08-21,2,1366466520000.0,2025-02-28,2030-02-28,3.959,14.6205,9302.43,3.4343,9302.43,KNHB (Ⅰ)25-02,국민주택1종25-02,KR,KOREA NATIONAL HOUSING BOND (Ⅰ)25-02,장외,국민주택1종채권 25-02,KR101501DF29,대한민국,Y,16,매우낮은위험(6등급),2026-08-21,3.9893,1287.0,2026-08-21,1.3,국공채,국민주택,9312.0,N,active,N,Y,,,6,1,N
5.0445,4.473,0.0,온오프 겸용,0,고정금리,이표채,국고채권,공모,11264000000000,0.0,4.421,5.0445,5.2989,148.9757,,,KRW,5.962,8.873,6765.94,11.638,6765.94,,,,0.0,99,100.0,2026-08-21,2,11264000000000.0,2019-09-10,2039-09-10,4.473,148.9322,6766.76,11.6578,6766.76,KTB01125-3909(19-6),국고01125-3909(19-6),KR,KOREA TREASURY BOND01125-3909(19-6),장외,국고채권 01125-3909(19-6),KR103502G990,대한민국,Y,16,매우낮은위험(6등급),2026-08-21,5.142,4768.0,2026-08-21,1.125,국공채,국고채,6807.0,N,active,N,Y,,,6,1,N
5.4032,4.739,0.0,온오프 겸용,0,고정금리,이표채,국고채권,공모,50049000000000,0.0,4.688,5.4032,5.8838,380.1064,,,KRW,6.386,8.592,5953.03,17.3949,5953.03,,,,0.0,99,100.0,2026-08-21,2,46499000000000.0,2021-03-10,2051-03-10,4.739,380.045,5953.8,17.4273,5953.8,KTB01875-5103(21-2),국고01875-5103(21-2),KR,KOREA TREASURY BOND01875-5103(21-2),장외,국고채권 01875-5103(21-2),KR103502GB33,대한민국,Y,16,매우낮은위험(6등급),2026-08-21,5.5873,8967.0,2026-08-21,1.875,국공채,국고채,6006.0,N,active,N,Y,,,6,1,N
4.0613,4.201,0.0,온오프 겸용,0,고정금리,복리채,도시철도공채,공모,61254590000,0.0,4.164,4.0613,4.4685,21.467,,,KRW,4.8,6.256,9870.8,4.2313,9870.8,,,,0.0,99,100.0,2026-08-21,2,61186965000.0,2023-12-31,2030-12-31,4.201,21.4266,9871.92,4.2447,9871.92,SEOUL SUBWAY23-12,서울도시철도23-12,KR,SEOUL METROPOLITAN CITY SUBWAY BOND23-12,장외,서울도시철도공채증권 23-12,KR2001024DC8,서울특별시,Y,16,매우낮은위험(6등급),2026-08-21,4.2173,1593.0,2026-08-21,2.5,국공채,도시철도,9886.0,N,active,N,Y,,,6,1,N
4.0888,4.22,0.0,온오프 겸용,0,고정금리,복리채,도시철도공채,공모,44659950000,0.0,4.182,4.0888,4.4978,22.2232,,,KRW,4.833,6.303,9828.44,4.3133,9828.44,,,,0.0,99,100.0,2026-08-21,2,44573705000.0,2024-01-31,2031-01-31,4.22,22.1815,9829.56,4.327,9829.56,SEOUL SUBWAY24-01,서울도시철도24-01,KR,SEOUL METROPOLITAN CITY SUBWAY BOND24-01,장외,서울도시철도공채증권 24-01,KR2001024E11,서울특별시,Y,16,매우낮은위험(6등급),2026-08-21,4.2455,1624.0,2026-08-21,2.5,국공채,도시철도,9844.0,N,active,N,Y,,,6,1,N
4.2223,4.31,0.0,온오프 겸용,0,고정금리,복리채,도시철도공채,공모,50098710000,0.0,4.271,4.2223,4.64,26.1136,,,KRW,4.99,6.529,9623.13,4.7075,9623.13,,,,0.0,99,100.0,2026-08-21,2,49313870000.0,2024-06-30,2031-06-30,4.31,26.0828,9624.23,4.7226,9624.23,SEOUL SUBWAY24-06,서울도시철도24-06,KR,SEOUL METROPOLITAN CITY SUBWAY BOND24-06,장외,서울도시철도공채증권 24-06,KR2001024E60,서울특별시,Y,16,매우낮은위험(6등급),2026-08-21,4.3824,1774.0,2026-08-21,2.5,국공채,도시철도,9640.0,N,active,N,Y,,,6,1,N
4.3991,4.402,0.0,온오프 겸용,0,고정금리,복리채,도시철도공채,공모,49360640000,0.0,4.361,4.3991,4.8326,34.8755,,,KRW,5.199,6.81,9243.43,5.5119,9243.43,,,,0.0,99,100.0,2026-08-21,2,49309595000.0,2025-04-30,2032-04-30,4.402,34.8387,9244.51,5.5307,9244.51,SEOUL SUBWAY25-04,서울도시철도25-04,KR,SEOUL METROPOLITAN CITY SUBWAY BOND25-04,장외,서울도시철도공채증권 25-04,KR2001024F44,서울특별시,Y,16,매우낮은위험(6등급),2026-08-21,4.5652,2079.0,2026-08-21,2.5,국공채,도시철도,9264.0,N,active,N,Y,,,6,1,N
4.2287,4.275,0.0,온오프 겸용,0,고정금리,복리채,지역개발채,공모,11785090000,0.0,4.236,4.2287,4.5823,24.4856,,,KRW,4.998,6.822,9070.23,4.5476,9070.23,,,,0.0,99,100.0,2026-08-21,2,11739020000.0,2026-04-30,2031-04-30,4.275,24.4481,9071.26,4.5623,9071.26,KANGWON PROVINCIAL26-04,강원지역개발26-04,KR,KANGWON PROVINCIAL DEVELOPMENT26-04,장외,강원지역개발채권 26-04,KR2002022G43,강원도,N,16,매우낮은위험(6등급),2026-08-21,4.3642,1713.0,2026-08-21,2.0,국공채,지역개발,9086.0,N,active,N,Y,,,6,1,N
3.3653,3.528,0.0,온오프 겸용,0,고정금리,복리채,지역개발채,공모,13108900000,0.0,3.514,3.5289,3.5289,2.1407,,,KRW,3.977,5.931,10137.76,1.0813,10137.76,,,,0.0,99,100.0,2026-08-21,2,13100960000.0,2022-09-30,2027-09-30,3.528,2.1214,10138.74,1.0827,10138.74,INCHEON PROVINCIAL22-09,인천지역개발22-09,KR,INCHEON PROVINCIAL DEVELOPMENT22-09,장외,인천지역개발채권 22-09,KR2004012C94,인천광역시,Y,16,매우낮은위험(6등급),2026-08-21,3.4275,405.0,2026-08-21,1.05,국공채,지역개발,10139.0,N,active,N,Y,,,6,1,N
4.2556,4.293,0.0,온오프 겸용,0,고정금리,복리채,도시철도공채,공모,3388200000,0.0,4.254,4.2556,4.6105,25.3051,,,KRW,5.03,6.87,9030.69,4.6289,9030.69,,,,0.0,99,100.0,2026-08-21,2,3384290000.0,2026-05-31,2031-05-31,4.293,25.2707,9031.71,4.6439,9031.71,BUSAN SUBWAY26-05,부산도시철도26-05,KR,BUSAN SUBWAY26-05,장외,부산도시철도공채증권 26-05,KR2006014G51,부산광역시,Y,16,매우낮은위험(6등급),2026-08-21,4.3916,1744.0,2026-08-21,2.0,국공채,도시철도,9047.0,N,active,N,Y,,,6,1,N
4.2287,4.275,0.0,온오프 겸용,0,고정금리,복리채,지역개발채,공모,3198035000,0.0,4.236,4.2287,4.5823,24.4856,,,KRW,4.998,6.822,9070.23,4.5476,9070.23,,,,0.0,99,100.0,2026-08-21,2,3194020000.0,2026-04-30,2031-04-30,4.275,24.4481,9071.26,4.5623,9071.26,BUSAN PROVINCIAL26-04,부산지역개발26-04,KR,BUSAN PROVINCIAL DEVELOPMENT26-04,장외,부산지역개발채권 26-04,KR2006022G44,부산광역시,N,16,매우낮은위험(6등급),2026-08-21,4.3642,1713.0,2026-08-21,2.0,국공채,지역개발,9086.0,N,active,N,Y,,,6,1,N
3.2288,3.39,0.0,온오프 겸용,0,고정금리,복리채,지역개발채,공모,10489185000,0.0,3.385,3.3921,3.3921,1.2125,,,KRW,3.816,5.676,10266.15,0.7569,10266.15,,,,0.0,99,100.0,2026-08-21,2,10487215000.0,2022-05-31,2027-05-31,3.39,1.1828,10267.08,0.7575,10267.08,ULSAN PROVINCIAL22-05,울산지역개발22-05,KR,ULSAN PROVINCIAL DEVELOPMENT22-05,장외,울산지역개발채권 22-05,KR2008012C53,울산광역시,Y,16,매우낮은위험(6등급),2026-08-21,3.2937,283.0,2026-08-21,1.05,국공채,지역개발,10266.0,N,active,N,Y,,,6,1,N
3.404,3.557,0.0,온오프 겸용,0,고정금리,복리채,지역개발채,공모,10258385000,0.0,3.542,3.404,3.5707,2.3767,,,KRW,4.023,6.009,10104.19,1.1643,10104.19,,,,0.0,99,100.0,2026-08-21,2,10205310000.0,2022-10-31,2027-10-31,3.557,2.3489,10105.17,1.1662,10105.17,ULSAN PROVINCIAL22-10,울산지역개발22-10,KR,ULSAN PROVINCIAL DEVELOPMENT22-10,장외,울산지역개발채권 22-10,KR2008012CA2,울산광역시,Y,16,매우낮은위험(6등급),2026-08-21,3.4678,436.0,2026-08-21,1.05,국공채,지역개발,10105.0,N,active,N,Y,,,6,1,N
3.4986,3.847,0.0,온오프 겸용,0,고정금리,복리채,지역개발채,공모,11678420000,0.0,3.811,3.4986,3.9,6.4381,,,KRW,4.135,5.168,10413.31,2.1343,10413.31,,,,0.0,99,100.0,2026-08-21,2,11601410000.0,2023-10-31,2028-10-31,3.847,6.4085,10414.39,2.1395,10414.39,CHUNGNAM PROVINCIAL23-10,충남지역개발23-10,KR,CHUNGNAM PROVINCIAL DEVELOPMENT23-10,장외,충남지역개발채권 23-10,KR2022022DA1,충청남도,Y,16,매우낮은위험(6등급),2026-08-21,3.6524,802.0,2026-08-21,2.5,국공채,지역개발,10421.0,N,active,N,Y,,,6,1,N
4.0744,4.542,0.0,온오프 겸용,0,고정금리,이표채,일반회사채,공모,95000000000,0.0,4.515,4.0744,4.5458,4.5183,A0,2025-09-18,KRW,4.816,6.0,9745.79,1.9916,9745.79,,,,0.0,99,100.0,2026-08-21,2,95000000000.0,2025-09-18,2028-09-18,4.542,4.5082,9746.99,1.9915,9746.99,TAIHAN ELEC WIRE154-2,대한전선154-2,KR,TAIHAN ELECTRIC WIRE154-2,장외,대한전선154-2,KR6001443F92,대한전선(주),Y,14,보통위험(4등급),2026-08-21,4.255,759.0,2026-08-21,2.99,회사채,일반사채,9751.0,N,active,N,Y,A,6,4,1,N
3.2807,3.883,0.0,온오프 겸용,0,고정금리,이표채,신용카드채,공모,110000000000,0.0,3.866,3.2807,3.8528,0.7946,AA+,2024-06-07,KRW,3.877,3.988,10063.97,0.7761,10063.97,,,,0.0,99,100.0,2026-08-21,2,110000000000.0,2024-06-07,2027-06-07,3.883,0.7897,10065.03,0.7747,10065.03,SAMSUNG CARD2670,삼성카드2670,KR,SAMSUNG CARD2670,장외,삼성카드 2670,KR6029782E69,삼성카드(주),Y,15,낮은위험(5등급),2026-08-21,3.4999,290.0,2026-08-21,3.731,회사채,일반사채,10065.0,N,active,N,Y,AA+,2,5,1,N
,4.855,,,,고정금리,이표채,할부금융채,공모,160000000000,,,,,0.8369,A0,2025-06-17,KRW,,,9997.46,0.8009,9997.46,,,,0.0,99,100.0,2026-08-21,1,160000000000.0,2025-06-17,2027-06-17,4.855,0.8313,9998.77,0.7997,9998.77,KIC127-2,한국투자캐피탈127-2,KR,Korea Investment Capital127-2,장외,한국투자캐피탈127-2,KR6214342F69,한국투자캐피탈(주),Y,14,보통위험(4등급),2026-08-21,,300.0,,3.956,회사채,일반사채,,N,active,N,Y,A,6,4,1,N
,3.828,,,,고정금리,복리채,지역개발채,공모,11863570000,,,,,5.6803,,,KRW,,,10484.02,1.9708,10484.02,,,,0.0,99,100.0,2026-08-21,1,11774675000.0,2023-08-31,2028-08-31,3.828,5.6679,10485.12,1.9751,10485.12,KANGWON PROVINCIAL23-08,강원지역개발23-08,KR,KANGWON PROVINCIAL DEVELOPMENT23-08,장외,강원지역개발채권 23-08,KR2002012D89,강원도,N,16,매우낮은위험(6등급),2026-08-21,,741.0,,2.5,국공채,지역개발,,N,active,N,Y,,,6,1,N
,4.256,,,,고정금리,복리채,지역개발채,공모,13192615000,,,,,23.7082,,,KRW,,,9108.95,4.4688,9108.95,,,,0.0,99,100.0,2026-08-21,1,13074890000.0,2026-03-31,2031-03-31,4.256,23.6679,9109.99,4.4832,9109.99,KANGWON PROVINCIAL26-03,강원지역개발26-03,KR,KANGWON PROVINCIAL DEVELOPMENT26-03,장외,강원지역개발채권 26-03,KR2002022G35,강원도,N,16,매우낮은위험(6등급),2026-08-21,,1683.0,,2.0,국공채,지역개발,,N,active,N,Y,,,6,1,N
,3.723,,,,고정금리,복리채,지역개발채,공모,5863620000,,,,,4.1421,,,KRW,,,10634.56,1.6461,10634.56,,,,0.0,99,100.0,2026-08-21,1,5850355000.0,2023-04-30,2028-04-30,3.723,4.1061,10635.62,1.6497,10635.62,DAEJON PROVINCIAL23-04,대전지역개발23-04,KR,DAEJON PROVINCIAL DEVELOPMENT23-04,장외,대전지역개발채권23-04,KR2003022D44,대전광역시,Y,16,매우낮은위험(6등급),2026-08-21,,618.0,,2.5,국공채,지역개발,,N,active,N,Y,,,6,1,N
,3.92,,,,고정금리,복리채,지역개발채,공모,12754145000,,,,,8.6272,,,KRW,,,10232.58,2.5359,10232.58,,,,0.0,99,100.0,2026-08-21,1,12729170000.0,2024-03-31,2029-03-31,3.92,8.5877,10233.65,2.5429,10233.65,INCHEON PROVINCIAL24-03,인천지역개발24-03,KR,INCHEON PROVINCIAL DEVELOPMENT24-03,장외,인천지역개발채권 24-03,KR2004022E33,인천광역시,Y,16,매우낮은위험(6등급),2026-08-21,,953.0,,2.5,국공채,지역개발,,N,active,N,Y,,,6,1,N
,4.12,,,,고정금리,복리채,지역개발채,공모,7728165000,,,,,17.9525,,,KRW,,,9648.54,3.8253,9648.54,,,,0.0,99,100.0,2026-08-21,1,7612595000.0,2025-07-31,2030-07-31,4.12,17.9298,9649.59,3.8365,9649.59,INCHEON PROVINCIAL25-07,인천지역개발25-07,KR,INCHEON PROVINCIAL DEVELOPMENT25-07,장외,인천지역개발채권 25-07,KR2004022F73,인천광역시,N,16,매우낮은위험(6등급),2026-08-21,,1440.0,,2.5,국공채,지역개발,,N,active,N,Y,,,6,1,N
,3.805,,,,고정금리,복리채,지역개발채,공모,1675775000,,,,,5.2808,,,KRW,,,10521.82,1.8888,10521.82,,,,0.0,99,100.0,2026-08-21,1,1667590000.0,2023-07-31,2028-07-31,3.805,5.264,10522.88,1.8929,10522.88,BUSAN PROVINCIAL23-07,부산지역개발23-07,KR,BUSAN PROVINCIAL DEVELOPMENT23-07,장외,부산지역개발채권 23-07,KR2006012D72,부산광역시,N,16,매우낮은위험(6등급),2026-08-21,,710.0,,2.5,국공채,지역개발,,N,active,N,Y,,,6,1,N
,3.272,,,,고정금리,복리채,도시철도공채,공모,13151875000,,,,,0.8125,,,KRW,,,10330.39,0.5949,10330.39,,,,0.0,99,100.0,2026-08-21,1,13151875000.0,2022-03-31,2027-03-31,3.272,0.7737,10331.3,0.595,10331.3,BUSAN SUBWAY22-03,부산도시철도22-03,KR,BUSAN SUBWAY22-03,장외,부산도시철도공채증권 22-03,KR2006014C30,부산광역시,Y,16,매우낮은위험(6등급),2026-08-21,,222.0,,1.05,국공채,도시철도,,N,active,N,Y,,,6,1,N
,3.464,,,,고정금리,복리채,지역개발채,공모,2145100000,,,,,1.6857,,,KRW,,,10202.86,0.9185,10202.86,,,,0.0,99,100.0,2026-08-21,1,2135260000.0,2022-07-31,2027-07-31,3.464,1.6718,10203.8,0.9193,10203.8,BUSAN PROVINCIAL22-07,부산지역개발22-07,KR,BUSAN PROVINCIAL DEVELOPMENT22-07,장외,부산지역개발채권 22-07,KR2006022C71,부산광역시,N,16,매우낮은위험(6등급),2026-08-21,,344.0,,1.05,국공채,지역개발,,N,active,N,Y,,,6,1,N
,3.39,,,,고정금리,복리채,지역개발채,공모,2519965000,,,,,1.2125,,,KRW,,,10266.15,0.7569,10266.15,,,,0.0,99,100.0,2026-08-21,1,2519965000.0,2022-05-31,2027-05-31,3.39,1.1828,10267.08,0.7575,10267.08,DAEGU PROVINCIAL22-05,대구지역개발22-05,KR,DAEGU PROVINCIAL DEVELOPMENT22-05,장외,대구지역개발채권 22-05,KR2007012C55,대구광역시,N,16,매우낮은위험(6등급),2026-08-21,,283.0,,1.05,국공채,지역개발,,N,active,N,Y,,,6,1,N
3.7223,3.844,0.0,온오프 겸용,0,고정금리,복리채,국민주택1종,공모,1175457590000,0.0,3.809,3.7223,3.9387,9.1288,,,KRW,4.399,6.421,9635.96,2.6169,9635.96,,,,0.0,99,100.0,2026-08-21,2,1172567840000.0,2024-04-30,2029-04-30,3.844,9.0917,9636.95,2.6238,9636.95,KNHB (Ⅰ)24-04,국민주택1종24-04,KR,KOREA NATIONAL HOUSING BOND (Ⅰ)24-04,장외,국민주택1종채권 24-04,KR101501DE46,대한민국,Y,16,매우낮은위험(6등급),2026-08-21,3.8052,983.0,2026-08-21,1.3,국공채,국민주택,9644.0,N,active,N,Y,,,6,1,N
4.8439,4.71,0.0,온오프 겸용,0,고정금리,이표채,국고채권,공모,22134000000000,0.0,4.672,4.8439,5.4311,428.1511,,,KRW,5.725,7.017,6833.91,17.6931,6833.91,,,,0.0,99,100.0,2026-08-21,2,24931000000000.0,2025-09-10,2055-09-10,4.71,428.0758,6834.79,17.7255,6834.79,KTB02625-5509(25-7),국고02625-5509(25-7),KR,KOREA TREASURY BOND02625-5509(25-7),장외,국고채권 02625-5509(25-7),KR103502GF96,대한민국,Y,16,매우낮은위험(6등급),2026-08-21,5.0689,10612.0,2026-08-21,2.625,국공채,국고채,6880.0,N,active,N,Y,,,6,1,N
3.4135,3.777,0.0,온오프 겸용,0,고정금리,복리채,도시철도공채,공모,9738795000,0.0,3.747,3.4135,3.811,4.8797,,,KRW,4.034,5.016,10560.15,1.8072,10560.15,,,,0.0,99,100.0,2026-08-21,2,9738795000.0,2023-06-30,2028-06-30,3.777,4.8549,10561.21,1.8112,10561.21,BUSAN SUBWAY23-06,부산도시철도23-06,KR,BUSAN SUBWAY23-06,장외,부산도시철도공채증권 23-06,KR2006024D60,부산광역시,Y,16,매우낮은위험(6등급),2026-08-21,3.5658,679.0,2026-08-21,2.5,국공채,도시철도,10565.0,N,active,N,Y,,,6,1,N
3.7378,4.025,0.0,온오프 겸용,0,고정금리,복리채,도시철도공채,공모,8389220000,0.0,3.993,3.7378,4.149,10.6978,,,KRW,4.418,5.598,10073.08,2.8569,10073.08,,,,0.0,99,100.0,2026-08-21,2,8389220000.0,2024-07-31,2029-07-31,4.025,10.6774,10074.14,2.8644,10074.14,BUSAN SUBWAY24-07,부산도시철도24-07,KR,BUSAN SUBWAY24-07,장외,부산도시철도공채증권 24-07,KR2006024E77,부산광역시,Y,16,매우낮은위험(6등급),2026-08-21,3.8954,1075.0,2026-08-21,2.5,국공채,도시철도,10082.0,N,active,N,Y,,,6,1,N
3.5175,3.858,0.0,온오프 겸용,0,고정금리,복리채,지역개발채,공모,14702560000,0.0,3.822,3.5175,3.9198,6.8382,,,KRW,4.157,5.201,10378.27,2.2144,10378.27,,,,0.0,99,100.0,2026-08-21,2,14637700000.0,2023-11-30,2028-11-30,3.858,6.8033,10379.36,2.2201,10379.36,CHUNGNAM PROVINCIAL23-11,충남지역개발23-11,KR,CHUNGNAM PROVINCIAL DEVELOPMENT23-11,장외,충남지역개발채권 23-11,KR2022022DB9,충청남도,Y,16,매우낮은위험(6등급),2026-08-21,3.6717,832.0,2026-08-21,2.5,국공채,지역개발,10386.0,N,active,N,Y,,,6,1,N
3.4396,3.805,0.0,온오프 겸용,0,고정금리,복리채,지역개발채,공모,74915945000,0.0,3.773,3.4396,3.8381,5.2808,,,KRW,4.065,5.063,10521.82,1.8888,10521.82,,,,0.0,99,100.0,2026-08-21,2,74855010000.0,2023-07-31,2028-07-31,3.805,5.264,10522.88,1.8929,10522.88,KYUNGKI PROVINCIAL23-07,경기지역개발23-07,KR,KYUNGKI PROVINCIAL DEVELOPMENT23-07,장외,경기지역개발채권 23-07,KR2044022D71,경기도,Y,16,매우낮은위험(6등급),2026-08-21,3.5923,710.0,2026-08-21,2.5,국공채,지역개발,10528.0,N,active,N,Y,,,6,1,N
4.1205,4.201,0.0,온오프 겸용,0,고정금리,복리채,지역개발채,공모,34616865000,0.0,4.164,4.1205,4.4694,21.467,,,KRW,4.87,6.629,9224.26,4.2313,9224.26,,,,0.0,99,100.0,2026-08-21,2,34438910000.0,2025-12-31,2030-12-31,4.201,21.4266,9225.31,4.2447,9225.31,KYUNGBUK PROVINCIAL25-12,경북지역개발25-12,KR,KYUNGBUK PROVINCIAL DEVELOPMENT25-12,장외,경북지역개발채권 25-12,KR2077022FC6,경상북도,Y,16,매우낮은위험(6등급),2026-08-21,4.2542,1593.0,2026-08-21,2.0,국공채,지역개발,9238.0,N,active,N,Y,,,6,1,N
4.0883,4.198,0.0,온오프 겸용,0,고정금리,이표채,일반특수법인채,공모,50000000000,0.0,4.163,4.0883,4.3345,12.6198,AAA,2020-03-03,KRW,4.832,7.016,9136.65,3.4076,9136.65,,,,0.0,99,100.0,2026-08-21,2,50000000000.0,2020-03-03,2030-03-03,4.198,12.6048,9137.69,3.4086,9137.69,KDHC45-2,한국지역난방공사45-2,KR,KOREA DISTRICT HEATING CORPORATION45-2,장외,한국지역난방공사 45-2,KR354202GA36,한국지역난방공사(주),N,16,매우낮은위험(6등급),2026-08-21,4.1826,1290.0,2026-08-21,1.462,특수채,공사채,9147.0,N,active,N,Y,AAA,1,6,1,N
4.1646,4.348,0.0,온오프 겸용,0,고정금리,이표채,일반회사채,공모,200000000000,0.0,4.314,4.1646,4.4584,10.0976,AA+,2019-10-16,KRW,4.922,6.958,9261.78,3.0379,9261.78,,,,0.0,99,100.0,2026-08-21,2,200000000000.0,2019-10-16,2029-10-16,4.348,10.0829,9262.86,3.0386,9262.86,POSCO310-3,POSCO310-3,KR,POSCO310-3,장외,POSCO 310-3,KR60054939A8,(주)포스코,Y,15,낮은위험(5등급),2026-08-21,4.2772,1152.0,2026-08-21,1.771,회사채,일반사채,9271.0,N,active,N,Y,AA+,2,5,1,N
4.2624,4.393,0.0,온오프 겸용,0,고정금리,이표채,일반회사채,공모,170000000000,0.0,4.359,4.2624,4.54,12.6797,AA+,2026-03-26,KRW,5.038,7.222,9133.19,3.4129,9133.19,,,,0.0,99,100.0,2026-08-21,2,170000000000.0,2020-03-10,2030-03-10,4.393,12.6647,9134.28,3.4141,9134.28,SOIL56-3,S-Oil56-3,KR,SOIL CORPORATION56-3,장외,S-Oil56-3,KR6010953A33,S-OIL(주),Y,15,낮은위험(5등급),2026-08-21,4.3687,1297.0,2026-08-21,1.648,회사채,일반사채,9143.0,N,active,N,Y,AA+,2,5,1,N
4.0066,4.827,0.0,온오프 겸용,0,고정금리,이표채,할부금융채,공모,120000000000,0.0,4.806,4.0066,4.7612,3.3977,A+,2026-06-11,KRW,4.735,4.624,10117.7,1.7044,10117.7,,,,0.0,99,100.0,2026-08-21,2,120000000000.0,2026-06-11,2028-06-09,4.827,3.3889,10119.02,1.7042,10119.02,MERITZ CAPITAL300-2,메리츠캐피탈300-2,KR,MERITZ CAPITAL300-2,장외,메리츠캐피탈300-2,KR6169372G67,메리츠캐피탈(주),Y,14,보통위험(4등급),2026-08-21,4.2957,658.0,2026-08-21,4.957,회사채,일반사채,10121.0,N,active,N,Y,A+,5,4,1,N
,4.283,,,,고정금리,이표채,금융지주회사채,공모,400000000000,,,,,248.6846,AA-,2024-02-28,KRW,,,10271.16,6.4726,10271.16,0.0,,0.0,0.0,99,100.0,2026-08-21,1,400000000000.0,2024-02-28,2029-02-28,4.283,248.6204,10272.18,10.0905,10272.18,KBFG CoCo Bond(PWD)12,KB금융조건부(상)12,KR,KBFinancialGroup Contingent Convertible Bond(PWD)12,장내,KB금융지주 조건부자본증권(상)12(조건상각/콜/후),KR6105561E23,(주)KB금융지주,N,11,매우높은위험(1등급),2026-08-21,,922.0,,4.39,회사채,일반사채,,N,active,N,Y,AA-,4,1,1,N
,3.722,,,,고정금리,복리채,도시철도공채,공모,76960630000,,,,,4.1421,,,KRW,,,10066.92,1.6461,10066.92,,,,0.0,99,100.0,2026-08-21,1,76852415000.0,2021-04-30,2028-04-30,3.722,4.1061,10067.92,1.6497,10067.92,SEOUL SUBWAY21-04,서울도시철도21-04,KR,SEOUL METROPOLITAN CITY SUBWAY BOND21-04,장외,서울도시철도공채증권 21-04,KR2001044B44,서울특별시,Y,16,매우낮은위험(6등급),2026-08-21,,618.0,,1.0,국공채,도시철도,,N,active,N,Y,,,6,1,N
,3.804,,,,고정금리,복리채,도시철도공채,공모,71278930000,,,,,5.2809,,,KRW,,,9960.3,1.8888,9960.3,,,,0.0,99,100.0,2026-08-21,1,71238855000.0,2021-07-31,2028-07-31,3.804,5.2642,9961.3,1.8929,9961.3,SEOUL SUBWAY21-07,서울도시철도21-07,KR,SEOUL METROPOLITAN CITY SUBWAY BOND21-07,장외,서울도시철도공채증권 21-07,KR2001054B74,서울특별시,Y,16,매우낮은위험(6등급),2026-08-21,,710.0,,1.0,국공채,도시철도,,N,active,N,Y,,,6,1,N
,3.501,,,,고정금리,복리채,도시철도공채,공모,60281295000,,,,,1.9315,,,KRW,,,10337.78,1.0008,10337.78,,,,0.0,99,100.0,2026-08-21,1,60239810000.0,2020-08-31,2027-08-31,3.501,1.9226,10338.77,1.0018,10338.77,SEOUL SUBWAY20-08,서울도시철도20-08,KR,SEOUL METROPOLITAN CITY SUBWAY BOND20-08,장외,서울도시철도공채증권 20-08,KR2001284A85,서울특별시,Y,16,매우낮은위험(6등급),2026-08-21,,375.0,,1.0,국공채,도시철도,,N,active,N,Y,,,6,1,N
,3.059,,,,고정금리,복리채,지역개발채,공모,27243855000,,,,,0.3586,,,KRW,,,10420.73,0.3545,10420.73,,,,0.0,99,100.0,2026-08-21,1,27056845000.0,2021-12-31,2026-12-31,3.059,0.3209,10421.59,0.354,10421.59,KANGWON PROVINCIAL21-12,강원지역개발21-12,KR,KANGWON PROVINCIAL DEVELOPMENT21-12,장외,강원지역개발채권 21-12,KR2002022BC5,강원도,Y,16,매우낮은위험(6등급),2026-08-21,,132.0,,1.05,국공채,지역개발,,N,active,N,Y,,,6,1,N
,3.336,,,,고정금리,복리채,지역개발채,공모,15154600000,,,,,1.0,,,KRW,,,10298.82,0.6746,10298.82,,,,0.0,99,100.0,2026-08-21,1,15079205000.0,2022-04-30,2027-04-30,3.336,0.9648,10299.74,0.675,10299.74,KANGWON PROVINCIAL22-04,강원지역개발22-04,KR,KANGWON PROVINCIAL DEVELOPMENT22-04,장외,강원지역개발채권 22-04,KR2002022C47,강원도,Y,16,매우낮은위험(6등급),2026-08-21,,252.0,,1.05,국공채,지역개발,,N,active,N,Y,,,6,1,N
,4.091,,,,고정금리,복리채,지역개발채,공모,16080525000,,,,,15.2679,,,KRW,,,9788.12,3.5034,9788.12,,,,0.0,99,100.0,2026-08-21,1,15965415000.0,2025-03-31,2030-03-31,4.091,15.2271,9789.19,3.5139,9789.19,KANGWON PROVINCIAL25-03,강원지역개발25-03,KR,KANGWON PROVINCIAL DEVELOPMENT25-03,장외,강원지역개발채권 25-03,KR2002022F36,강원도,N,16,매우낮은위험(6등급),2026-08-21,,1318.0,,2.5,국공채,지역개발,,N,active,N,Y,,,6,1,N
,4.183,,,,고정금리,복리채,지역개발채,공모,13358660000,,,,,20.7278,,,KRW,,,9263.75,4.1492,9263.75,,,,0.0,99,100.0,2026-08-21,1,13260340000.0,2025-11-30,2030-11-30,4.183,20.6904,9264.8,4.1621,9264.8,KANGWON PROVINCIAL25-11,강원지역개발25-11,KR,KANGWON PROVINCIAL DEVELOPMENT25-11,장외,강원지역개발채권 25-11,KR2002022FB8,강원도,Y,16,매우낮은위험(6등급),2026-08-21,,1562.0,,2.0,국공채,지역개발,,N,active,N,Y,,,6,1,N
,4.201,,,,고정금리,복리채,지역개발채,공모,23804600000,,,,,21.467,,,KRW,,,9224.26,4.2313,9224.26,,,,0.0,99,100.0,2026-08-21,1,23319930000.0,2025-12-31,2030-12-31,4.201,21.4266,9225.31,4.2447,9225.31,KANGWON PROVINCIAL25-12,강원지역개발25-12,KR,KANGWON PROVINCIAL DEVELOPMENT25-12,장외,강원지역개발채권 25-12,KR2002022FC6,강원도,N,16,매우낮은위험(6등급),2026-08-21,,1593.0,,2.0,국공채,지역개발,,N,active,N,Y,,,6,1,N
,4.113,,,,고정금리,복리채,지역개발채,공모,7305075000,,,,,17.2456,,,KRW,,,9683.67,3.7437,9683.67,,,,0.0,99,100.0,2026-08-21,1,7158825000.0,2025-06-30,2030-06-30,4.113,17.2166,9684.72,3.7548,9684.72,DAEJON PROVINCIAL25-06,대전지역개발25-06,KR,DAEJON PROVINCIAL DEVELOPMENT25-06,장외,대전지역개발채권25-06,KR2003022F67,대전광역시,N,16,매우낮은위험(6등급),2026-08-21,,1409.0,,2.5,국공채,지역개발,,N,active,N,Y,,,6,1,N
,4.183,,,,고정금리,복리채,지역개발채,공모,5078050000,,,,,20.7278,,,KRW,,,9263.75,4.1492,9263.75,,,,0.0,99,100.0,2026-08-21,1,5067215000.0,2025-11-30,2030-11-30,4.183,20.6904,9264.8,4.1621,9264.8,DAEJON PROVINCIAL25-11,대전지역개발25-11,KR,DAEJON PROVINCIAL DEVELOPMENT25-11,장외,대전지역개발채권25-11,KR2003022FB7,대전광역시,N,16,매우낮은위험(6등급),2026-08-21,,1562.0,,2.0,국공채,지역개발,,N,active,N,Y,,,6,1,N
,3.583,,,,고정금리,복리채,지역개발채,공모,15159790000,,,,,2.624,,,KRW,,,10071.63,1.2446,10071.63,,,,0.0,99,100.0,2026-08-21,1,15138925000.0,2022-11-30,2027-11-30,3.583,2.5901,10072.61,1.2468,10072.61,INCHEON PROVINCIAL22-11,인천지역개발22-11,KR,INCHEON PROVINCIAL DEVELOPMENT22-11,장외,인천지역개발채권 22-11,KR2004022CB3,인천광역시,N,16,매우낮은위험(6등급),2026-08-21,,466.0,,1.05,국공채,지역개발,,N,active,N,Y,,,6,1,N
,3.427,,,,고정금리,복리채,지역개발채,공모,4813125000,,,,,1.4363,,,KRW,,,10235.21,0.8365,10235.21,,,,0.0,99,100.0,2026-08-21,1,4784015000.0,2022-06-30,2027-06-30,3.427,1.4135,10236.15,0.8372,10236.15,BUSAN PROVINCIAL22-06,부산지역개발22-06,KR,BUSAN PROVINCIAL DEVELOPMENT22-06,장외,부산지역개발채권 22-06,KR2006022C63,부산광역시,Y,16,매우낮은위험(6등급),2026-08-21,,313.0,,1.05,국공채,지역개발,,N,active,N,Y,,,6,1,N
,3.64,,,,고정금리,복리채,지역개발채,공모,1689315000,,,,,3.193,,,KRW,,,10741.99,1.4099,10741.99,,,,0.0,99,100.0,2026-08-21,1,1601405000.0,2023-01-31,2028-01-31,3.64,3.1526,10743.05,1.4128,10743.05,BUSAN PROVINCIAL23-01,부산지역개발23-01,KR,BUSAN PROVINCIAL DEVELOPMENT23-01,장외,부산지역개발채권 23-01,KR2006022D13,부산광역시,N,16,매우낮은위험(6등급),2026-08-21,,528.0,,2.5,국공채,지역개발,,N,active,N,Y,,,6,1,N
,4.051,,,,고정금리,복리채,지역개발채,공모,2477660000,,,,,11.7657,,,KRW,,,9998.72,3.019,9998.72,,,,0.0,99,100.0,2026-08-21,1,2476390000.0,2024-09-30,2029-09-30,4.051,11.7405,9999.82,3.0272,9999.82,BUSAN PROVINCIAL24-09,부산지역개발24-09,KR,BUSAN PROVINCIAL DEVELOPMENT24-09,장외,부산지역개발채권 24-09,KR2006022E95,부산광역시,N,16,매우낮은위험(6등급),2026-08-21,,1136.0,,2.5,국공채,지역개발,,N,active,N,Y,,,6,1,N
,4.084,,,,고정금리,복리채,지역개발채,공모,2186445000,,,,,14.6277,,,KRW,,,9823.67,3.4213,9823.67,,,,0.0,99,100.0,2026-08-21,1,2169090000.0,2025-02-28,2030-02-28,4.084,14.5857,9824.75,3.4315,9824.75,BUSAN PROVINCIAL25-02,부산지역개발25-02,KR,BUSAN PROVINCIAL DEVELOPMENT25-02,장외,부산지역개발채권 25-02,KR2006022F29,부산광역시,N,16,매우낮은위험(6등급),2026-08-21,,1287.0,,2.5,국공채,지역개발,,N,active,N,Y,,,6,1,N
,3.336,,,,고정금리,복리채,지역개발채,공모,22767765000,,,,,1.0,,,KRW,,,10298.82,0.6746,10298.82,,,,0.0,99,100.0,2026-08-21,1,22731290000.0,2022-04-30,2027-04-30,3.336,0.9648,10299.74,0.675,10299.74,KYUNGBUK PROVINCIAL22-04,경북지역개발22-04,KR,KYUNGBUK PROVINCIAL DEVELOPMENT22-04,장외,경북지역개발채권 22-04,KR2077012C41,경상북도,Y,16,매우낮은위험(6등급),2026-08-21,,252.0,,1.05,국공채,지역개발,,N,active,N,Y,,,6,1,N
,3.427,,,,고정금리,복리채,지역개발채,공모,9879175000,,,,,1.4363,,,KRW,,,10235.21,0.8365,10235.21,,,,0.0,99,100.0,2026-08-21,1,9860195000.0,2022-06-30,2027-06-30,3.427,1.4135,10236.15,0.8372,10236.15,KYUNGNAM PROVINCIAL22-06,경남지역개발22-06,KR,KYUNGNAM PROVINCIAL DEVELOPMENT22-06,장외,경남지역개발채권 22-06,KR2088022C61,경상남도,Y,16,매우낮은위험(6등급),2026-08-21,,313.0,,1.05,국공채,지역개발,,N,active,N,Y,,,6,1,N
,4.016,,,,고정금리,이표채,특수은행채,공모,700000000000,,,,,268.3369,AA0,2026-01-16,KRW,,,9766.35,6.6013,9766.35,,,,0.0,99,100.0,2026-08-21,1,700000000000.0,2026-02-02,2031-02-02,4.016,268.2671,9767.3,8.0517,9767.3,IBK CoCoBond(PWD)2602C(HY)perpA-02(S),기업은행 조건부(상)2602이(신)영A-02(사),KR,Industrial BANK of Korea CoCoBond(PWD)2602C(HY)perpA-02(S),장외,중소기업은행 조건부자본증권(상)2602이(신)영A-02(사)(조건상각/콜/후),KR310501GG22,(주)중소기업은행,N,12,높은위험(2등급),2026-08-21,,1626.0,,3.87,특수채,특수은행채,,N,active,N,Y,AA,3,2,1,N
,4.496,,,,고정금리,이표채,일반특수법인채,공모,130000000000,,,,,73.2476,AAA,2017-02-09,KRW,,,7922.87,8.1251,7922.87,,,,0.0,99,100.0,2026-08-21,1,130000000000.0,2016-08-24,2035-08-24,4.496,73.2238,7923.85,8.1389,7923.85,KOREA WATER RESOURC216,한국수자원공사216,KR,KOREA WATER RESOURCES216,장외,한국수자원공사채권 216,KR350902G687,한국수자원공사,N,16,매우낮은위험(6등급),2026-08-21,,3290.0,,1.562,특수채,공사채,,N,active,N,Y,AAA,1,6,1,N
,3.891,,,,고정금리,이표채,일반특수법인채,공모,160000000000,,,,,2.1996,AAA,2021-01-12,KRW,,,9708.7,1.3656,9708.7,,,,0.0,99,100.0,2026-08-21,1,160000000000.0,2021-01-12,2028-01-12,3.891,2.1914,9709.72,1.3647,9709.72,INCHEON INTER AIR153,인천국제공항공사153,KR,INCHEON INTERNATIONAL AIRPORT153,장외,인천국제공항공사 153,KR352201GB14,인천국제공항공사,Y,16,매우낮은위험(6등급),2026-08-21,,509.0,,1.602,특수채,공사채,,N,active,N,Y,AAA,1,6,1,N
,2.997,,,,고정금리,이표채,일반지방공사채,공모,90000000000,,,,,0.0043,AA+,2021-08-31,KRW,,,10041.11,0.0263,10041.11,,,,0.0,99,100.0,2026-08-21,1,90000000000.0,2021-08-31,2026-08-31,2.997,0.0029,10041.93,0.0243,10041.93,IH205,인천도시공사205,KR,Incheon Housing and City Development Corporation205,장외,인천도시공사205,KR354301GB84,인천도시공사,Y,16,매우낮은위험(6등급),2026-08-21,,10.0,,1.972,특수채,일반사채,,N,active,N,Y,AA+,2,6,1,N
,4.257,,,,고정금리,이표채,일반은행채,공모,358000000000,,,,,241.5831,AA-,2024-05-29,KRW,,,10031.31,5.4242,10031.31,,,,0.0,99,100.0,2026-08-21,1,358000000000.0,2024-05-29,2029-05-29,4.257,241.5177,10032.35,6.8815,10032.35,KOOKMINCoCoBond(PWD)4405C(03)(Hy-P)29,국민은행조건부(상)4405이(03)영신-29,KR,KOOKMIN BANK CoCoBond(PWD)4405C(03)(Hy-P)29,장외,국민은행조건부(상)4405이(03)영신-29(조건상각/콜/후),KR6060004E58,(주)국민은행,Y,11,매우높은위험(1등급),2026-08-21,,1012.0,,4.22,회사채,은행채,,N,active,N,Y,AA-,4,1,1,N
,4.294,,,,고정금리,이표채,할부금융채,공모,50000000000,,,,,3.6541,AA-,2025-06-26,KRW,,,9792.26,1.7829,9792.26,,,,0.0,99,100.0,2026-08-21,1,50000000000.0,2025-06-26,2028-06-26,4.294,3.6445,9793.4,1.7825,9793.4,HYUNDAI COMMERCIAL555-2,현대커머셜555-2,KR,HYUNDAI COMMERCIAL555-2,장외,현대커머셜555-2,KR6095923F69,현대커머셜(주),Y,15,낮은위험(5등급),2026-08-21,,675.0,,2.873,회사채,일반사채,,N,active,N,Y,AA-,4,5,1,N
3.838,3.925,0.0,온오프 겸용,0,고정금리,복리채,국민주택1종,공모,1228603560000,0.0,3.893,3.838,4.0574,11.7939,,,KRW,4.536,6.637,9462.54,3.0217,9462.54,,,,0.0,99,100.0,2026-08-21,2,1224123030000.0,2024-09-30,2029-09-30,3.925,11.7692,9463.56,3.0298,9463.56,KNHB (Ⅰ)24-09,국민주택1종24-09,KR,KOREA NATIONAL HOUSING BOND (Ⅰ)24-09,장외,국민주택1종채권 24-09,KR101501DE95,대한민국,Y,16,매우낮은위험(6등급),2026-08-21,3.9221,1136.0,2026-08-21,1.3,국공채,국민주택,9471.0,N,active,N,Y,,,6,1,N
4.464,4.721,0.0,온오프 겸용,0,고정금리,이표채,국고채권,공모,30235050000000,0.0,4.679,4.464,5.0937,371.9484,,,KRW,5.276,6.078,7889.63,16.4069,7889.63,,,,0.0,99,100.0,2026-08-21,2,28290050000000.0,2024-03-10,2054-03-10,4.721,371.8703,7890.64,16.4366,7890.64,KTB03250-5403(24-2),국고03250-5403(24-2),KR,KOREA TREASURY BOND03250-5403(24-2),장외,국고채권 03250-5403(24-2),KR103502GE30,대한민국,Y,16,매우낮은위험(6등급),2026-08-21,4.7053,10063.0,2026-08-21,3.25,국공채,국고채,7944.0,N,active,N,Y,,,6,1,N
3.5355,4.107,0.0,온오프 겸용,0,고정금리,이표채,국고채권,공모,18253000000000,0.0,4.07,3.5355,4.0625,19.8501,,,KRW,4.179,4.689,9848.79,4.1259,9848.79,,,,0.0,99,100.0,2026-08-21,2,19132000000000.0,2026-03-10,2031-03-10,4.107,19.8305,9849.88,4.131,9849.88,KTB03375-3103(26-3),국고03375-3103(26-3),KR,KOREA TREASURY BOND03375-3103(26-3),장외,국고채권 03375-3103(26-3),KR103503GG37,대한민국,Y,16,매우낮은위험(6등급),2026-08-21,3.7374,1662.0,2026-08-21,3.375,국공채,국고채,9863.0,N,active,N,Y,,,6,1,N
3.863,4.078,0.0,온오프 겸용,0,고정금리,복리채,도시철도공채,공모,64808875000,0.0,4.044,3.863,4.2518,14.0645,,,KRW,4.566,5.945,10291.42,3.3469,10291.42,,,,0.0,99,100.0,2026-08-21,2,64747375000.0,2023-01-31,2030-01-31,4.078,14.0226,10292.55,3.3569,10292.55,SEOUL SUBWAY23-01,서울도시철도23-01,KR,SEOUL METROPOLITAN CITY SUBWAY BOND23-01,장외,서울도시철도공채증권 23-01,KR2001024D12,서울특별시,Y,16,매우낮은위험(6등급),2026-08-21,4.012,1259.0,2026-08-21,2.5,국공채,도시철도,10303.0,N,active,N,Y,,,6,1,N
4.6624,4.462,0.0,온오프 겸용,0,고정금리,복리채,도시철도공채,공모,53802610000,0.0,4.42,4.6624,5.0352,49.3495,,,KRW,5.511,7.597,8479.19,6.6384,8479.19,,,,0.0,99,100.0,2026-08-21,2,53651465000.0,2026-06-30,2033-06-30,4.462,49.3121,8480.19,6.661,8480.19,SEOUL SUBWAY26-06,서울도시철도26-06,KR,SEOUL METROPOLITAN CITY SUBWAY BOND26-06,장외,서울도시철도공채증권 26-06,KR2001024G68,서울특별시,Y,16,매우낮은위험(6등급),2026-08-21,4.8052,2505.0,2026-08-21,2.0,국공채,도시철도,8502.0,N,active,N,Y,,,6,1,N
3.3923,3.501,0.0,온오프 겸용,0,고정금리,복리채,지역개발채,공모,7786155000,0.0,3.489,3.4986,3.4986,1.9315,,,KRW,4.009,6.085,10169.88,1.0008,10169.88,,,,0.0,99,100.0,2026-08-21,2,7782885000.0,2022-08-31,2027-08-31,3.501,1.9227,10170.86,1.0018,10170.86,KWANGJU PROVINCIAL22-08,광주지역개발22-08,KR,KWANGJU PROVINCIAL DEVELOPMENT22-08,장외,광주지역개발채권 22-08,KR2005022C81,전남광주통합특별시,Y,16,매우낮은위험(6등급),2026-08-21,3.4986,375.0,2026-08-21,1.05,국공채,지역개발,10171.0,N,active,N,Y,,,6,1,N
4.2018,4.256,0.0,온오프 겸용,0,고정금리,복리채,도시철도공채,공모,3329125000,0.0,4.218,4.2018,4.5543,23.7082,,,KRW,4.966,6.774,9108.95,4.4688,9108.95,,,,0.0,99,100.0,2026-08-21,2,3329125000.0,2026-03-31,2031-03-31,4.256,23.6679,9109.99,4.4832,9109.99,DAEGU SUBWAY26-03,대구도시철도26-03,KR,DAEGU SUBWAY26-03,장외,대구도시철도공채증권 26-03,KR2007024G32,대구광역시,Y,16,매우낮은위험(6등급),2026-08-21,4.3368,1683.0,2026-08-21,2.0,국공채,도시철도,9124.0,N,active,N,Y,,,6,1,N
3.404,3.557,0.0,온오프 겸용,0,고정금리,복리채,지역개발채,공모,20945295000,0.0,3.542,3.404,3.5707,2.3767,,,KRW,4.023,6.009,10104.19,1.1643,10104.19,,,,0.0,99,100.0,2026-08-21,2,20877055000.0,2022-10-31,2027-10-31,3.557,2.3489,10105.17,1.1662,10105.17,KYUNGBUK PROVINCIAL22-10,경북지역개발22-10,KR,KYUNGBUK PROVINCIAL DEVELOPMENT22-10,장외,경북지역개발채권 22-10,KR2077012CA8,경상북도,Y,16,매우낮은위험(6등급),2026-08-21,3.4678,436.0,2026-08-21,1.05,국공채,지역개발,10105.0,N,active,N,Y,,,6,1,N
,3.457,,,,고정금리,복리채,국민주택1종,공모,1074782730000,,,,,2.1436,,,KRW,,,10120.38,1.0819,10120.38,,,,0.0,99,100.0,2026-08-21,1,1063969360000.0,2022-09-30,2027-09-30,3.457,2.1244,10121.33,1.0833,10121.33,KNHB (Ⅰ)22-09,국민주택1종22-09,KR,KOREA NATIONAL HOUSING BOND (Ⅰ)22-09,장외,국민주택1종채권 22-09,KR101501DC97,대한민국,Y,16,매우낮은위험(6등급),2026-08-21,,405.0,,1.0,국공채,국민주택,,N,active,N,Y,,,6,1,N
,2.897,,,,고정금리,복리채,도시철도공채,공모,59603590000,,,,,0.069,,,KRW,,,10855.73,0.1072,10855.73,,,,0.0,99,100.0,2026-08-21,1,59482835000.0,2019-09-30,2026-09-30,2.897,0.0523,10856.59,0.1057,10856.59,SEOUL SUBWAY19-09,서울도시철도19-09,KR,SEOUL METROPOLITAN CITY SUBWAY BOND19-09,장외,서울철도 2019-09,KR2001024992,서울특별시,Y,16,매우낮은위험(6등급),2026-08-21,,40.0,,1.25,국공채,도시철도,,N,active,N,Y,,,6,1,N
,3.751,,,,고정금리,복리채,도시철도공채,공모,81390515000,,,,,4.5083,,,KRW,,,10031.03,1.728,10031.03,,,,0.0,99,100.0,2026-08-21,1,81282215000.0,2021-05-31,2028-05-31,3.751,4.4773,10032.03,1.7319,10032.03,SEOUL SUBWAY21-05,서울도시철도21-05,KR,SEOUL METROPOLITAN CITY SUBWAY BOND21-05,장외,서울도시철도공채증권 21-05,KR2001024B55,서울특별시,Y,16,매우낮은위험(6등급),2026-08-21,,649.0,,1.0,국공채,도시철도,,N,active,N,Y,,,6,1,N
,3.867,,,,고정금리,복리채,도시철도공채,공모,88392625000,,,,,7.2705,,,KRW,,,9790.3,2.2971,9790.3,,,,0.0,99,100.0,2026-08-21,1,88310930000.0,2021-12-31,2028-12-31,3.867,7.2318,9791.33,2.3032,9791.33,SEOUL SUBWAY21-12,서울도시철도21-12,KR,SEOUL METROPOLITAN CITY SUBWAY BOND21-12,장외,서울도시철도공채증권 21-12,KR2001034BC1,서울특별시,Y,16,매우낮은위험(6등급),2026-08-21,,863.0,,1.0,국공채,도시철도,,N,active,N,Y,,,6,1,N
,4.874,,,,고정금리,이표채,일반회사채,공모,77000000000,,,,,2.0776,A-,2026-07-20,KRW,,,10019.37,1.3861,10019.37,0.0,,0.0,0.0,99,100.0,2026-08-21,1,77000000000.0,2026-07-30,2028-01-30,4.874,2.0717,10020.68,1.3846,10020.68,SK ecoplant186-2,SK에코플랜트186-2,KR,SK ecoplant186-2,장내,SK에코플랜트186-2,KR6003342G73,SK에코플랜트(주),Y,14,보통위험(4등급),2026-08-21,,527.0,,4.809,회사채,일반사채,,N,active,N,Y,A-,7,4,1,N
,3.96,,,,고정금리,이표채,신용카드채,공모,10000000000,,,,,1.2171,AA+,2024-09-30,KRW,,,9900.4,1.0585,9900.4,0.0,,0.0,0.0,99,100.0,2026-08-21,1,10000000000.0,2017-09-19,2027-09-19,3.96,1.2125,9901.45,1.0568,9901.45,HYUNDAI CARD704-2,현대카드704-2,KR,HYUNDAI CARD704-2,장내,현대카드 704-2(풋),KR606590A792,현대카드(주),N,15,낮은위험(5등급),2026-08-21,,394.0,,3.0,회사채,일반사채,,N,active,N,Y,AA+,2,5,1,N
,4.752,,,,고정금리,이표채,일반회사채,공모,195000000000,,,,,7.6644,A0,2026-05-27,KRW,,,10079.45,2.5985,10079.45,0.0,,0.0,0.0,99,100.0,2026-08-21,1,195000000000.0,2026-06-11,2029-06-11,4.752,7.6522,10080.74,2.5991,10080.74,KAL118-2,대한항공118-2,KR,KOREAN AIR LINES118-2,장내,대한항공118-2,KR6003492G63,(주)대한항공,Y,14,보통위험(4등급),2026-08-21,,1025.0,,4.71,회사채,일반사채,,N,active,N,Y,A,6,4,1,N
,4.175,,,,고정금리,복리채,국민주택1종,공모,1120320930000,,,,,22.9471,,,KRW,,,8732.98,4.389,8732.98,,,,0.0,99,100.0,2026-08-21,1,1116798730000.0,2026-02-28,2031-02-28,4.175,22.9066,8733.96,4.4031,8733.96,KNHB (Ⅰ)26-02,국민주택1종26-02,KR,KOREA NATIONAL HOUSING BOND (Ⅰ)26-02,장외,국민주택1종채권 26-02,KR101501DG28,대한민국,Y,16,매우낮은위험(6등급),2026-08-21,,1652.0,,1.0,국공채,국민주택,,N,active,N,Y,,,6,1,N
,4.737,,,,고정금리,이표채,국고채권,공모,28400010100000,,,,,367.8441,,,KRW,,,6815.61,16.73,6815.61,,,,0.0,99,100.0,2026-08-21,1,26060010100000.0,2022-03-10,2052-03-10,4.737,367.7558,6816.48,16.7601,6816.48,KTB02500-5203(22-2),국고02500-5203(22-2),KR,KOREA TREASURY BOND02500-5203(22-2),장외,국고채권 02500-5203(22-2),KR103502GC32,대한민국,Y,16,매우낮은위험(6등급),2026-08-21,,9333.0,,2.5,국공채,국고채,,N,active,N,Y,,,6,1,N
,3.846,,,,고정금리,복리채,도시철도공채,공모,53769825000,,,,,6.4382,,,KRW,,,9857.55,2.1343,9857.55,,,,0.0,99,100.0,2026-08-21,1,53731180000.0,2021-10-31,2028-10-31,3.846,6.4086,9858.58,2.1395,9858.58,SEOUL SUBWAY21-10,서울도시철도21-10,KR,SEOUL METROPOLITAN CITY SUBWAY BOND21-10,장외,서울도시철도공채증권 21-10,KR2001024BA6,서울특별시,Y,16,매우낮은위험(6등급),2026-08-21,,802.0,,1.0,국공채,도시철도,,N,active,N,Y,,,6,1,N
,4.046,,,,고정금리,복리채,도시철도공채,공모,62510450000,,,,,11.2493,,,KRW,,,9497.88,2.9386,9497.88,,,,0.0,99,100.0,2026-08-21,1,62305695000.0,2022-08-31,2029-08-31,4.046,11.2325,9498.93,2.9464,9498.93,SEOUL SUBWAY22-08,서울도시철도22-08,KR,SEOUL METROPOLITAN CITY SUBWAY BOND22-08,장외,서울도시철도공채증권 22-08,KR2001024C88,서울특별시,Y,16,매우낮은위험(6등급),2026-08-21,,1106.0,,1.0,국공채,도시철도,,N,active,N,Y,,,6,1,N
,4.444,,,,고정금리,복리채,도시철도공채,공모,50578400000,,,,,43.9526,,,KRW,,,8641.54,6.2427,8641.54,,,,0.0,99,100.0,2026-08-21,1,50526920000.0,2026-01-31,2033-01-31,4.444,43.9105,8642.57,6.2643,8642.57,SEOUL SUBWAY26-01,서울도시철도26-01,KR,SEOUL METROPOLITAN CITY SUBWAY BOND26-01,장외,서울도시철도공채증권 26-01,KR2001024G19,서울특별시,Y,16,매우낮은위험(6등급),2026-08-21,,2355.0,,2.0,국공채,도시철도,,N,active,N,Y,,,6,1,N
,4.025,,,,고정금리,복리채,지역개발채,공모,11952430000,,,,,10.6978,,,KRW,,,10073.08,2.8569,10073.08,,,,0.0,99,100.0,2026-08-21,1,11916655000.0,2024-07-31,2029-07-31,4.025,10.6774,10074.14,2.8644,10074.14,KANGWON PROVINCIAL24-07,강원지역개발24-07,KR,KANGWON PROVINCIAL DEVELOPMENT24-07,장외,강원지역개발채권 24-07,KR2002022E78,강원도,Y,16,매우낮은위험(6등급),2026-08-21,,1075.0,,2.5,국공채,지역개발,,N,active,N,Y,,,6,1,N
,3.612,,,,고정금리,복리채,지역개발채,공모,10069595000,,,,,2.8988,,,KRW,,,10037.51,1.3273,10037.51,,,,0.0,99,100.0,2026-08-21,1,9981890000.0,2022-12-31,2027-12-31,3.612,2.8607,10038.5,1.3299,10038.5,DAEJON PROVINCIAL22-12,대전지역개발22-12,KR,DAEJON PROVINCIAL DEVELOPMENT22-12,장외,대전지역개발채권22-12,KR2003022CC2,대전광역시,Y,16,매우낮은위험(6등급),2026-08-21,,497.0,,1.05,국공채,지역개발,,N,active,N,Y,,,6,1,N
,3.751,,,,고정금리,복리채,지역개발채,공모,5873635000,,,,,4.5082,,,KRW,,,10596.64,1.728,10596.64,,,,0.0,99,100.0,2026-08-21,1,5863125000.0,2023-05-31,2028-05-31,3.751,4.4772,10597.7,1.7319,10597.7,DAEJON PROVINCIAL23-05,대전지역개발23-05,KR,DAEJON PROVINCIAL DEVELOPMENT23-05,장외,대전지역개발채권23-05,KR2003022D51,대전광역시,Y,16,매우낮은위험(6등급),2026-08-21,,649.0,,2.5,국공채,지역개발,,N,active,N,Y,,,6,1,N
,3.557,,,,고정금리,복리채,지역개발채,공모,11855975000,,,,,2.3767,,,KRW,,,10104.19,1.1643,10104.19,,,,0.0,99,100.0,2026-08-21,1,11852935000.0,2022-10-31,2027-10-31,3.557,2.3489,10105.17,1.1662,10105.17,INCHEON PROVINCIAL22-10,인천지역개발22-10,KR,INCHEON PROVINCIAL DEVELOPMENT22-10,장외,인천지역개발채권 22-10,KR2004022CA5,인천광역시,N,16,매우낮은위험(6등급),2026-08-21,,436.0,,1.05,국공채,지역개발,,N,active,N,Y,,,6,1,N
,4.046,,,,고정금리,복리채,지역개발채,공모,8117380000,,,,,11.2494,,,KRW,,,10033.66,2.9386,10033.66,,,,0.0,99,100.0,2026-08-21,1,8078335000.0,2024-08-31,2029-08-31,4.046,11.2327,10034.77,2.9464,10034.77,INCHEON PROVINCIAL24-08,인천지역개발24-08,KR,INCHEON PROVINCIAL DEVELOPMENT24-08,장외,인천지역개발채권 24-08,KR2004022E82,인천광역시,N,16,매우낮은위험(6등급),2026-08-21,,1106.0,,2.5,국공채,지역개발,,N,active,N,Y,,,6,1,N
,3.059,,,,고정금리,복리채,지역개발채,공모,11385235000,,,,,0.3586,,,KRW,,,10420.73,0.3545,10420.73,,,,0.0,99,100.0,2026-08-21,1,11369490000.0,2021-12-31,2026-12-31,3.059,0.3209,10421.59,0.354,10421.59,KWANGJU PROVINCIAL21-12,광주지역개발21-12,KR,KWANGJU PROVINCIAL DEVELOPMENT21-12,장외,광주지역개발채권 21-12,KR2005022BC2,전남광주통합특별시,N,16,매우낮은위험(6등급),2026-08-21,,132.0,,1.05,국공채,지역개발,,N,active,N,Y,,,6,1,N
,4.201,,,,고정금리,복리채,도시철도공채,공모,1074470000,,,,,21.467,,,KRW,,,9224.26,4.2313,9224.26,,,,0.0,99,100.0,2026-08-21,1,1071185000.0,2025-12-31,2030-12-31,4.201,21.4266,9225.31,4.2447,9225.31,BUSAN SUBWAY25-12,부산도시철도25-12,KR,BUSAN SUBWAY25-12,장외,부산도시철도공채증권25-12,KR2006014FC9,부산광역시,N,16,매우낮은위험(6등급),2026-08-21,,1593.0,,2.0,국공채,도시철도,,N,active,N,Y,,,6,1,N
,3.336,,,,고정금리,복리채,지역개발채,공모,2927820000,,,,,1.0,,,KRW,,,10298.82,0.6746,10298.82,,,,0.0,99,100.0,2026-08-21,1,2925560000.0,2022-04-30,2027-04-30,3.336,0.9648,10299.74,0.675,10299.74,BUSAN PROVINCIAL22-04,부산지역개발22-04,KR,BUSAN PROVINCIAL DEVELOPMENT22-04,장외,부산지역개발채권 22-04,KR2006022C48,부산광역시,Y,16,매우낮은위험(6등급),2026-08-21,,252.0,,1.05,국공채,지역개발,,N,active,N,Y,,,6,1,N
,4.328,,,,고정금리,복리채,지역개발채,공모,2221825000,,,,,26.9639,,,KRW,,,8953.54,4.7885,8953.54,,,,0.0,99,100.0,2026-08-21,1,2213445000.0,2026-07-31,2031-07-31,4.328,26.938,8954.56,4.8037,8954.56,BUSAN PROVINCIAL26-07,부산지역개발26-07,KR,BUSAN PROVINCIAL DEVELOPMENT26-07,장외,부산지역개발채권 26-07,KR2006022G77,부산광역시,Y,16,매우낮은위험(6등급),2026-08-21,,1805.0,,2.0,국공채,지역개발,,N,active,N,Y,,,6,1,N
,4.057,,,,고정금리,복리채,도시철도공채,공모,3406080000,,,,,12.3178,,,KRW,,,9962.74,3.1019,9962.74,,,,0.0,99,100.0,2026-08-21,1,3406065000.0,2024-10-31,2029-10-31,4.057,12.2857,9963.84,3.1106,9963.84,BUSAN SUBWAY24-10,부산도시철도24-10,KR,BUSAN SUBWAY24-10,장외,부산도시철도공채증권 24-10,KR2006024EA5,부산광역시,Y,16,매우낮은위험(6등급),2026-08-21,,1167.0,,2.5,국공채,도시철도,,N,active,N,Y,,,6,1,N
,4.13,,,,고정금리,복리채,도시철도공채,공모,1261270000,,,,,18.6593,,,KRW,,,9611.9,3.9071,9611.9,,,,0.0,99,100.0,2026-08-21,1,1261270000.0,2025-08-31,2030-08-31,4.13,18.6396,9612.99,3.9185,9612.99,DAEGU SUBWAY25-08,대구도시철도25-08,KR,DAEGU SUBWAY25-08,장외,대구도시철도공채증권 25-08,KR2007024F82,대구광역시,Y,16,매우낮은위험(6등급),2026-08-21,,1471.0,,2.5,국공채,도시철도,,N,active,N,Y,,,6,1,N
,3.143,,,,고정금리,복리채,도시철도공채,공모,4731585000,,,,,0.4962,,,KRW,,,10390.19,0.4374,10390.19,,,,0.0,99,100.0,2026-08-21,1,4731585000.0,2022-01-31,2027-01-31,3.143,0.4561,10391.07,0.4372,10391.07,DAEGU SUBWAY22-01,대구도시철도22-01,KR,DAEGU SUBWAY22-01,장외,대구도시철도공채증권22-01,KR2007274C17,대구광역시,Y,16,매우낮은위험(6등급),2026-08-21,,163.0,,1.05,국공채,도시철도,,N,active,N,Y,,,6,1,N
,3.059,,,,고정금리,복리채,지역개발채,공모,13377360000,,,,,0.3586,,,KRW,,,10420.73,0.3545,10420.73,,,,0.0,99,100.0,2026-08-21,1,13354750000.0,2021-12-31,2026-12-31,3.059,0.3209,10421.59,0.354,10421.59,ULSAN PROVINCIAL21-12,울산지역개발21-12,KR,ULSAN PROVINCIAL DEVELOPMENT21-12,장외,울산지역개발채권 21-12,KR2008012BC0,울산광역시,Y,16,매우낮은위험(6등급),2026-08-21,,132.0,,1.05,국공채,지역개발,,N,active,N,Y,,,6,1,N
,4.219,,,,고정금리,복리채,지역개발채,공모,9706245000,,,,,22.2233,,,KRW,,,9184.78,4.3133,9184.78,,,,0.0,99,100.0,2026-08-21,1,9607510000.0,2026-01-31,2031-01-31,4.219,22.1816,9185.82,4.327,9185.82,ULSAN PROVINCIAL26-01,울산지역개발26-01,KR,ULSAN PROVINCIAL DEVELOPMENT26-01,장외,울산지역개발채권 26-01,KR2008012G18,울산광역시,Y,16,매우낮은위험(6등급),2026-08-21,,1624.0,,2.0,국공채,지역개발,,N,active,N,Y,,,6,1,N
,3.39,,,,고정금리,복리채,지역개발채,공모,109596590000,,,,,1.2125,,,KRW,,,10266.15,0.7569,10266.15,,,,0.0,99,100.0,2026-08-21,1,109342825000.0,2022-05-31,2027-05-31,3.39,1.1828,10267.08,0.7575,10267.08,KYUNGKI PROVINCIAL22-05,경기지역개발22-05,KR,KYUNGKI PROVINCIAL DEVELOPMENT22-05,장외,경기지역개발채권 22-05,KR2044022C56,경기도,Y,16,매우낮은위험(6등급),2026-08-21,,283.0,,1.05,국공채,지역개발,,N,active,N,Y,,,6,1,N
,3.39,,,,고정금리,복리채,지역개발채,공모,5337200000,,,,,1.2125,,,KRW,,,10266.15,0.7569,10266.15,,,,0.0,99,100.0,2026-08-21,1,5308305000.0,2022-05-31,2027-05-31,3.39,1.1828,10267.08,0.7575,10267.08,CHEJU PROVINCIAL22-05,제주지역개발22-05,KR,CHEJU PROVINCIAL DEVELOPMENT22-05,장외,제주지역개발채권 22-05,KR2099022C50,제주도,N,16,매우낮은위험(6등급),2026-08-21,,283.0,,1.05,국공채,지역개발,,N,active,N,Y,,,6,1,N
,5.243,,,,고정금리,이표채,특수은행채,공모,420000000000,,,,,126.8707,AA-,2023-07-04,KRW,,,10148.83,3.7249,10148.83,,,,0.0,99,100.0,2026-08-21,1,420000000000.0,2023-07-04,2028-07-04,5.243,126.8275,10149.98,4.4873,10149.98,NongHyup Bank2023-07COUP-A(Hyb),농업금융채권(은행)2023-07이-A(신종),KR,NongHyup Bank2023-07COUP-A(Hyb),장외,농업금융채권(은행)2023-07이-A(신종)(조건상각/콜/후),KR381001GD70,농협은행,N,11,매우높은위험(1등급),2026-08-21,,683.0,,5.3,특수채,특수은행채,,N,active,N,Y,AA-,4,1,1,N
,3.92,,,,고정금리,복리채,지역개발채,공모,15030440000,,,,,8.6272,,,KRW,,,10232.58,2.5359,10232.58,,,,0.0,99,100.0,2026-08-21,1,14934760000.0,2024-03-31,2029-03-31,3.92,8.5877,10233.65,2.5429,10233.65,CHUNGBUK PROVINCIAL24-03,충북지역개발24-03,KR,CHUNGBUK PROVINCIAL DEVELOPMENT24-03,장외,충북지역개발채권 24-03,KR2033022E32,충청북도,Y,16,매우낮은위험(6등급),2026-08-21,,953.0,,2.5,국공채,지역개발,,N,active,N,Y,,,6,1,N
,4.228,,,,고정금리,복리채,국민주택1종,공모,1328899190000,,,,,24.5072,,,KRW,,,8652.95,4.5491,8652.95,,,,0.0,99,100.0,2026-08-21,1,1325690850000.0,2026-04-30,2031-04-30,4.228,24.4703,8653.92,4.5638,8653.92,KNHB (Ⅰ)26-04,국민주택1종26-04,KR,KOREA NATIONAL HOUSING BOND (Ⅰ)26-04,장외,국민주택1종채권 26-04,KR101501DG44,대한민국,Y,16,매우낮은위험(6등급),2026-08-21,,1713.0,,1.0,국공채,국민주택,,N,active,N,Y,,,6,1,N
,3.464,,,,고정금리,복리채,지역개발채,공모,1857615000,,,,,1.6857,,,KRW,,,10202.86,0.9185,10202.86,,,,0.0,99,100.0,2026-08-21,1,1857615000.0,2022-07-31,2027-07-31,3.464,1.6718,10203.8,0.9193,10203.8,DAEGU PROVINCIAL22-07,대구지역개발22-07,KR,DAEGU PROVINCIAL DEVELOPMENT22-07,장외,대구지역개발채권 22-07,KR2007012C71,대구광역시,Y,16,매우낮은위험(6등급),2026-08-21,,344.0,,1.05,국공채,지역개발,,N,active,N,Y,,,6,1,N
,3.828,,,,고정금리,복리채,지역개발채,공모,1893050000,,,,,5.6803,,,KRW,,,10484.02,1.9708,10484.02,,,,0.0,99,100.0,2026-08-21,1,1893050000.0,2023-08-31,2028-08-31,3.828,5.6679,10485.12,1.9751,10485.12,DAEGU PROVINCIAL23-08,대구지역개발23-08,KR,DAEGU PROVINCIAL DEVELOPMENT23-08,장외,대구지역개발채권 23-08,KR2007022D86,대구광역시,Y,16,매우낮은위험(6등급),2026-08-21,,741.0,,2.5,국공채,지역개발,,N,active,N,Y,,,6,1,N
,4.13,,,,고정금리,복리채,지역개발채,공모,1447280000,,,,,18.6593,,,KRW,,,9611.9,3.9071,9611.9,,,,0.0,99,100.0,2026-08-21,1,1447280000.0,2025-08-31,2030-08-31,4.13,18.6396,9612.99,3.9185,9612.99,DAEGU PROVINCIAL25-08,대구지역개발25-08,KR,DAEGU PROVINCIAL DEVELOPMENT25-08,장외,대구지역개발채권 25-08,KR2007022F84,대구광역시,Y,16,매우낮은위험(6등급),2026-08-21,,1471.0,,2.5,국공채,지역개발,,N,active,N,Y,,,6,1,N
,3.272,,,,고정금리,복리채,도시철도공채,공모,6592585000,,,,,0.8125,,,KRW,,,10330.39,0.5949,10330.39,,,,0.0,99,100.0,2026-08-21,1,6592585000.0,2022-03-31,2027-03-31,3.272,0.7737,10331.3,0.595,10331.3,DAEGU SUBWAY22-03,대구도시철도22-03,KR,DAEGU SUBWAY22-03,장외,대구도시철도공채증권22-03,KR2007024C36,대구광역시,Y,16,매우낮은위험(6등급),2026-08-21,,222.0,,1.05,국공채,도시철도,,N,active,N,Y,,,6,1,N
,3.39,,,,고정금리,복리채,도시철도공채,공모,4711025000,,,,,1.2125,,,KRW,,,10266.15,0.7569,10266.15,,,,0.0,99,100.0,2026-08-21,1,4711025000.0,2022-05-31,2027-05-31,3.39,1.1828,10267.08,0.7575,10267.08,DAEGU SUBWAY22-05,대구도시철도22-05,KR,DAEGU SUBWAY22-05,장외,대구도시철도공채증권 22-05,KR2007024C51,대구광역시,Y,16,매우낮은위험(6등급),2026-08-21,,283.0,,1.05,국공채,도시철도,,N,active,N,Y,,,6,1,N
,3.583,,,,고정금리,복리채,도시철도공채,공모,3398715000,,,,,2.624,,,KRW,,,10071.63,1.2446,10071.63,,,,0.0,99,100.0,2026-08-21,1,3398715000.0,2022-11-30,2027-11-30,3.583,2.5901,10072.61,1.2468,10072.61,DAEGU SUBWAY22-11,대구도시철도22-11,KR,DAEGU SUBWAY22-11,장외,대구도시철도공채증권 22-11,KR2007024CB6,대구광역시,Y,16,매우낮은위험(6등급),2026-08-21,,466.0,,1.05,국공채,도시철도,,N,active,N,Y,,,6,1,N
,3.777,,,,고정금리,복리채,도시철도공채,공모,4750875000,,,,,4.8797,,,KRW,,,10560.15,1.8072,10560.15,,,,0.0,99,100.0,2026-08-21,1,4750875000.0,2023-06-30,2028-06-30,3.777,4.8549,10561.21,1.8112,10561.21,DAEGU SUBWAY23-06,대구도시철도23-06,KR,DAEGU SUBWAY23-06,장외,대구도시철도공채증권 23-06,KR2007024D68,대구광역시,Y,16,매우낮은위험(6등급),2026-08-21,,679.0,,2.5,국공채,도시철도,,N,active,N,Y,,,6,1,N
,3.892,,,,고정금리,복리채,지역개발채,공모,8243050000,,,,,8.144,,,KRW,,,10272.91,2.454,10272.91,,,,0.0,99,100.0,2026-08-21,1,8232170000.0,2024-02-29,2029-02-28,3.892,8.1032,10273.98,2.4607,10273.98,ULSAN PROVINCIAL24-02,울산지역개발24-02,KR,ULSAN PROVINCIAL DEVELOPMENT24-02,장외,울산지역개발채권 24-02,KR2008012E28,울산광역시,Y,16,매우낮은위험(6등급),2026-08-21,,922.0,,2.5,국공채,지역개발,,N,active,N,Y,,,6,1,N
,4.071,,,,고정금리,복리채,지역개발채,공모,26141860000,,,,,13.4582,,,KRW,,,9891.91,3.2645,9891.91,,,,0.0,99,100.0,2026-08-21,1,25624775000.0,2024-12-31,2029-12-31,4.071,13.4179,9892.99,3.2741,9892.99,CHUNGNAM PROVINCIAL24-12,충남지역개발24-12,KR,CHUNGNAM PROVINCIAL DEVELOPMENT24-12,장외,충남지역개발채권 24-12,KR2022022EC5,충청남도,Y,16,매우낮은위험(6등급),2026-08-21,,1228.0,,2.5,국공채,지역개발,,N,active,N,Y,,,6,1,N
,3.805,,,,고정금리,복리채,도시철도공채,공모,2498025000,,,,,5.2808,,,KRW,,,10521.82,1.8888,10521.82,,,,0.0,99,100.0,2026-08-21,1,2498025000.0,2023-07-31,2028-07-31,3.805,5.264,10522.88,1.8929,10522.88,DAEGU SUBWAY23-07,대구도시철도23-07,KR,DAEGU SUBWAY23-07,장외,대구도시철도공채증권 23-07,KR2007024D76,대구광역시,Y,16,매우낮은위험(6등급),2026-08-21,,710.0,,2.5,국공채,도시철도,,N,active,N,Y,,,6,1,N
,3.837,,,,고정금리,복리채,지역개발채,공모,15176550000,,,,,6.0435,,,KRW,,,10449.26,2.0513,10449.26,,,,0.0,99,100.0,2026-08-21,1,15098940000.0,2023-09-30,2028-09-30,3.837,6.0217,10450.36,2.0561,10450.36,CHUNGNAM PROVINCIAL23-09,충남지역개발23-09,KR,CHUNGNAM PROVINCIAL DEVELOPMENT23-09,장외,충남지역개발채권 23-09,KR2022012D95,충청남도,Y,16,매우낮은위험(6등급),2026-08-21,,771.0,,2.5,국공채,지역개발,,N,active,N,Y,,,6,1,N
,4.071,,,,고정금리,복리채,지역개발채,공모,22692710000,,,,,13.4582,,,KRW,,,9891.91,3.2645,9891.91,,,,0.0,99,100.0,2026-08-21,1,22570670000.0,2024-12-31,2029-12-31,4.071,13.4179,9892.99,3.2741,9892.99,CHUNGBUK PROVINCIAL24-12,충북지역개발24-12,KR,CHUNGBUK PROVINCIAL DEVELOPMENT24-12,장외,충북지역개발채권 24-12,KR2033022EC2,충청북도,N,16,매우낮은위험(6등급),2026-08-21,,1228.0,,2.5,국공채,지역개발,,N,active,N,Y,,,6,1,N
,3.892,,,,고정금리,복리채,지역개발채,공모,65946140000,,,,,8.144,,,KRW,,,10272.91,2.454,10272.91,,,,0.0,99,100.0,2026-08-21,1,65777055000.0,2024-02-29,2029-02-28,3.892,8.1032,10273.98,2.4607,10273.98,KYUNGKI PROVINCIAL24-02,경기지역개발24-02,KR,KYUNGKI PROVINCIAL DEVELOPMENT24-02,장외,경기지역개발채권 24-02,KR2044022E21,경기도,Y,16,매우낮은위험(6등급),2026-08-21,,922.0,,2.5,국공채,지역개발,,N,active,N,Y,,,6,1,N
,4.147,,,,고정금리,복리채,지역개발채,공모,61320795000,,,,,19.3243,,,KRW,,,9573.08,3.9871,9573.08,,,,0.0,99,100.0,2026-08-21,1,61223525000.0,2025-09-30,2030-09-30,4.147,19.2972,9574.16,3.999,9574.16,KYUNGKI PROVINCIAL25-09,경기지역개발25-09,KR,KYUNGKI PROVINCIAL DEVELOPMENT25-09,장외,경기지역개발채권 25-09,KR2044022F95,경기도,Y,16,매우낮은위험(6등급),2026-08-21,,1501.0,,2.5,국공채,지역개발,,N,active,N,Y,,,6,1,N
,3.999,,,,고정금리,복리채,지역개발채,공모,22280900000,,,,,10.1467,,,KRW,,,10113.74,2.7756,10113.74,,,,0.0,99,100.0,2026-08-21,1,22225010000.0,2024-06-30,2029-06-30,3.999,10.1197,10114.81,2.783,10114.81,CHUNNAM PROVINCIAL24-06,전남지역개발24-06,KR,CHUNNAM PROVINCIAL DEVELOPMENT24-06,장외,전남지역개발채권 24-06,KR2066022E65,전남광주통합특별시,Y,16,매우낮은위험(6등급),2026-08-21,,1044.0,,2.5,국공채,지역개발,,N,active,N,Y,,,6,1,N
,4.071,,,,고정금리,복리채,지역개발채,공모,8949085000,,,,,13.4582,,,KRW,,,9891.91,3.2645,9891.91,,,,0.0,99,100.0,2026-08-21,1,8873260000.0,2024-12-31,2029-12-31,4.071,13.4179,9892.99,3.2741,9892.99,KYUNGNAM PROVINCIAL24-12,경남지역개발24-12,KR,KYUNGNAM PROVINCIAL DEVELOPMENT24-12,장외,경남지역개발채권 24-12,KR2088022EC6,경상남도,Y,16,매우낮은위험(6등급),2026-08-21,,1228.0,,2.5,국공채,지역개발,,N,active,N,Y,,,6,1,N
,4.527,,,,고정금리,이표채,일반특수법인채,공모,150000000000,,,,,88.7792,AAA,2016-08-26,KRW,,,7703.43,8.9379,7703.43,,,,0.0,99,100.0,2026-08-21,1,150000000000.0,2016-08-26,2036-08-26,4.527,88.7398,7704.39,8.9525,7704.39,KORAIL146,한국철도공사146,KR,KOREA RAILROAD CORPORATION146,장외,한국철도공사 146,KR354603G687,한국철도공사,N,16,매우낮은위험(6등급),2026-08-21,,3658.0,,1.555,특수채,공사채,,N,active,N,Y,AAA,1,6,1,N
,3.355,,,,고정금리,이표채,일반회사채,공모,80000000000,,,,,0.0526,AA-,2024-06-21,KRW,,,9995.68,0.1506,9995.68,,,,0.0,99,100.0,2026-08-21,1,80000000000.0,2019-10-16,2026-10-16,3.355,0.049,9996.59,0.1487,9996.59,Hanwha TotalEnergies24-3,한화토탈에너지스24-3,KR,Hanwha TotalEnergies Petrochemical24-3,장외,한화토탈24-3,KR60769539A2,한화토탈에너지스(주),Y,15,낮은위험(5등급),2026-08-21,,56.0,,1.869,회사채,일반사채,,N,active,N,Y,AA-,4,5,1,N
,4.695,,,,고정금리,이표채,금융지주회사채,공모,550000000000,,,,,201.5706,AA-,2023-02-03,KRW,,,10333.35,4.9452,10333.35,,,,0.0,99,100.0,2026-08-21,1,550000000000.0,2023-02-03,2028-02-03,4.695,201.5146,10334.46,7.8208,10334.46,KBFG CoCo Bond(PWD)11-1,KB금융조건부(상)11-1,KR,KBFinancialGroup Contingent Convertible Bond(PWD)11-1,장외,KB금융지주 조건부자본증권(상)11-1(조건상각/콜/후),KR6105562D23,(주)KB금융지주,N,11,매우높은위험(1등급),2026-08-21,,531.0,,4.9,회사채,일반사채,,N,active,N,Y,AA-,4,1,1,N
,4.944,,,,고정금리,이표채,할부금융채,공모,50000000000,,,,,4.15,A+,2026-05-27,KRW,,,10090.7,1.8905,10090.7,,,,0.0,99,100.0,2026-08-21,1,50000000000.0,2026-05-27,2028-08-25,4.944,4.1415,10092.06,1.8904,10092.06,MERITZ CAPITAL299-2,메리츠캐피탈299-2,KR,MERITZ CAPITAL299-2,장외,메리츠캐피탈299-2,KR6169375G56,메리츠캐피탈(주),N,14,보통위험(4등급),2026-08-21,,735.0,,4.829,회사채,일반사채,,N,active,N,Y,A+,5,4,1,N
,5.054,,,,고정금리,이표채,할부금융채,공모,230000000000,,,,,2.6573,A0,2026-03-19,KRW,,,9998.44,1.5004,9998.44,,,,0.0,99,100.0,2026-08-21,1,230000000000.0,2026-03-19,2028-03-17,5.054,2.6484,9999.81,1.4998,9999.81,KIC134-3,한국투자캐피탈134-3,KR,Korea Investment Capital134-3,장외,한국투자캐피탈134-3,KR6214343G34,한국투자캐피탈(주),Y,14,보통위험(4등급),2026-08-21,,574.0,,4.53,회사채,일반사채,,N,active,N,Y,A,6,4,1,N
,4.916,,,,고정금리,이표채,할부금융채,공모,90000000000,,,,,1.6162,A0,2025-10-29,KRW,,,9894.05,1.1529,9894.05,,,,0.0,99,100.0,2026-08-21,1,90000000000.0,2025-10-29,2027-10-29,4.916,1.6093,9895.36,1.1521,9895.36,KIC131-2,한국투자캐피탈131-2,KR,Korea Investment Capital131-2,장외,한국투자캐피탈131-2,KR6214344FA3,한국투자캐피탈(주),Y,14,보통위험(4등급),2026-08-21,,434.0,,3.788,회사채,일반사채,,N,active,N,Y,A,6,4,1,N
,3.412,,,,고정금리,이표채,일반특수법인채,공모,200000000000,,,,,0.3594,AAA,2020-02-19,KRW,,,9912.32,0.4897,9912.32,0.0,,0.0,0.0,99,100.0,2026-08-21,1,200000000000.0,2020-02-19,2027-02-19,3.412,0.3565,9913.24,0.4881,9913.24,NACF2020-2COUP7Y-D,농금채(중앙회)2020-2이7Y-D,KR,NATIONAL AGRICULTURAL COOPERATIVE FEDERATION2020-2COUP7Y-D,장내,농업금융채권(중앙회) 2020-2이7Y-D,KR381104GA20,농업협동조합중앙회,Y,16,매우낮은위험(6등급),2026-08-21,,182.0,,1.6,특수채,공사채,,N,active,N,Y,AAA,1,6,1,N
5.0414,4.676,0.0,온오프 겸용,0,고정금리,이표채,국고채권,공모,14377000000000,0.0,4.614,5.0414,5.4978,266.2743,,,KRW,5.959,7.981,6683.33,14.8544,6683.33,,,,0.0,99,100.0,2026-08-21,2,10235400000000.0,2016-03-10,2046-03-10,4.676,266.2099,6684.17,14.881,6684.17,KTB02000-4603(16-1),국고02000-4603(16-1),KR,KOREA TREASURY BOND02000-4603(16-1),장외,국고채권 02000-4603(16-1),KR103502G636,대한민국,Y,16,매우낮은위험(6등급),2026-08-21,5.2163,7141.0,2026-08-21,2.0,국공채,국고채,6745.0,N,active,N,Y,,,6,1,N
4.4666,4.73,0.0,온오프 겸용,0,고정금리,이표채,국고채권,공모,29210205000000,0.0,4.684,4.4666,5.0935,354.6975,,,KRW,5.279,6.095,7919.68,16.0977,7919.68,,,,0.0,99,100.0,2026-08-21,2,26098205000000.0,2023-03-10,2053-03-10,4.73,354.6346,7920.7,16.1273,7920.7,KTB03250-5303(23-2),국고03250-5303(23-2),KR,KOREA TREASURY BOND03250-5303(23-2),장외,국고채권 03250-5303(23-2),KR103502GD31,대한민국,Y,16,매우낮은위험(6등급),2026-08-21,4.7068,9698.0,2026-08-21,3.25,국공채,국고채,7978.0,N,active,N,Y,,,6,1,N
3.8898,4.091,0.0,온오프 겸용,0,고정금리,복리채,도시철도공채,공모,74310640000,0.0,4.057,3.8898,4.2818,15.2679,,,KRW,4.597,5.983,10220.69,3.5034,10220.69,,,,0.0,99,100.0,2026-08-21,2,70163450000.0,2023-03-31,2030-03-31,4.091,15.2271,10221.8,3.5139,10221.8,SEOUL SUBWAY23-03,서울도시철도23-03,KR,SEOUL METROPOLITAN CITY SUBWAY BOND23-03,장외,서울도시철도공채증권 23-03,KR2001024D38,서울특별시,Y,16,매우낮은위험(6등급),2026-08-21,4.0399,1318.0,2026-08-21,2.5,국공채,도시철도,10232.0,N,active,N,Y,,,6,1,N
4.1479,4.219,0.0,온오프 겸용,0,고정금리,복리채,지역개발채,공모,50486640000,0.0,4.182,4.1479,4.498,22.2233,,,KRW,4.902,6.678,9184.78,4.3133,9184.78,,,,0.0,99,100.0,2026-08-21,2,50201605000.0,2026-01-31,2031-01-31,4.219,22.1816,9185.82,4.327,9185.82,KYUNGKI PROVINCIAL26-01,경기지역개발26-01,KR,KYUNGKI PROVINCIAL DEVELOPMENT26-01,장외,경기지역개발채권 26-01,KR2044022G11,경기도,Y,16,매우낮은위험(6등급),2026-08-21,4.282,1624.0,2026-08-21,2.0,국공채,지역개발,9199.0,N,active,N,Y,,,6,1,N
3.6718,3.973,0.0,온오프 겸용,0,고정금리,복리채,지역개발채,공모,68164040000,0.0,3.939,3.6718,4.0806,9.6294,,,KRW,4.34,5.478,10152.91,2.6967,10152.91,,,,0.0,99,100.0,2026-08-21,2,67967640000.0,2024-05-31,2029-05-31,3.973,9.5969,10153.98,2.7041,10153.98,KYUNGKI PROVINCIAL24-05,경기지역개발24-05,KR,KYUNGKI PROVINCIAL DEVELOPMENT24-05,장외,경기지역개발채권 24-05,KR2044032E52,경기도,Y,16,매우낮은위험(6등급),2026-08-21,3.8285,1014.0,2026-08-21,2.5,국공채,지역개발,10162.0,N,active,N,Y,,,6,1,N
4.3229,5.007,0.0,온오프 겸용,0,고정금리,이표채,할부금융채,공모,210000000000,0.0,4.988,4.3229,4.9915,2.3234,A0,2026-02-04,KRW,5.109,5.628,9924.09,1.4004,9924.09,,,,0.0,99,100.0,2026-08-21,2,210000000000.0,2026-02-04,2028-02-04,5.007,2.3155,9925.43,1.3998,9925.43,KIC133,한국투자캐피탈133,KR,Korea Investment Capital133,장외,한국투자캐피탈133,KR6214341G28,한국투자캐피탈(주),Y,14,보통위험(4등급),2026-08-21,4.5791,532.0,2026-08-21,4.321,회사채,일반사채,9926.0,N,active,N,Y,A,6,4,1,N
,3.143,,,,고정금리,복리채,지역개발채,공모,100060450000,,,,,0.4962,,,KRW,,,10390.19,0.4374,10390.19,,,,0.0,99,100.0,2026-08-21,1,99961455000.0,2022-01-31,2027-01-31,3.143,0.4561,10391.07,0.4372,10391.07,KYUNGKI PROVINCIAL22-01,경기지역개발22-01,KR,KYUNGKI PROVINCIAL DEVELOPMENT22-01,장외,경기지역개발채권 22-01,KR2044022C15,경기도,Y,16,매우낮은위험(6등급),2026-08-21,,163.0,,1.05,국공채,지역개발,,N,active,N,Y,,,6,1,N
,3.272,,,,고정금리,복리채,지역개발채,공모,23905620000,,,,,0.8125,,,KRW,,,10330.39,0.5949,10330.39,,,,0.0,99,100.0,2026-08-21,1,23833725000.0,2022-03-31,2027-03-31,3.272,0.7737,10331.3,0.595,10331.3,CHUNNAM PROVINCIAL22-03,전남지역개발22-03,KR,CHUNNAM PROVINCIAL DEVELOPMENT22-03,장외,전남지역개발채권 22-03,KR2066022C34,전남광주통합특별시,Y,16,매우낮은위험(6등급),2026-08-21,,222.0,,1.05,국공채,지역개발,,N,active,N,Y,,,6,1,N
,3.464,,,,고정금리,복리채,지역개발채,공모,20554925000,,,,,1.6857,,,KRW,,,10202.86,0.9185,10202.86,,,,0.0,99,100.0,2026-08-21,1,20527160000.0,2022-07-31,2027-07-31,3.464,1.6718,10203.8,0.9193,10203.8,KYUNGBUK PROVINCIAL22-07,경북지역개발22-07,KR,KYUNGBUK PROVINCIAL DEVELOPMENT22-07,장외,경북지역개발채권 22-07,KR2077022C72,경상북도,Y,16,매우낮은위험(6등급),2026-08-21,,344.0,,1.05,국공채,지역개발,,N,active,N,Y,,,6,1,N
,3.501,,,,고정금리,복리채,지역개발채,공모,5774050000,,,,,1.9315,,,KRW,,,10169.88,1.0008,10169.88,,,,0.0,99,100.0,2026-08-21,1,5754310000.0,2022-08-31,2027-08-31,3.501,1.9227,10170.86,1.0018,10170.86,KYUNGNAM PROVINCIAL22-08,경남지역개발22-08,KR,KYUNGNAM PROVINCIAL DEVELOPMENT22-08,장외,경남지역개발채권 22-08,KR2088022C87,경상남도,Y,16,매우낮은위험(6등급),2026-08-21,,375.0,,1.05,국공채,지역개발,,N,active,N,Y,,,6,1,N
,2.897,,,,고정금리,복리채,지역개발채,공모,3403545000,,,,,0.069,,,KRW,,,10502.69,0.1072,10502.69,,,,0.0,99,100.0,2026-08-21,1,3403545000.0,2021-09-30,2026-09-30,2.897,0.0523,10503.52,0.1057,10503.52,SEJONG PROVINCIAL21-09,세종지역개발21-09,KR,SEJONG PROVINCIAL DEVELOPMENT21-09,장외,세종지역개발채권21-09,KR2101012B99,세종특별자치시,N,16,매우낮은위험(6등급),2026-08-21,,40.0,,1.05,국공채,지역개발,,N,active,N,Y,,,6,1,N
,3.464,,,,고정금리,복리채,지역개발채,공모,3537245000,,,,,1.6857,,,KRW,,,10202.86,0.9185,10202.86,,,,0.0,99,100.0,2026-08-21,1,3536520000.0,2022-07-31,2027-07-31,3.464,1.6718,10203.8,0.9193,10203.8,SEJONG PROVINCIAL22-07,세종지역개발22-07,KR,SEJONG PROVINCIAL DEVELOPMENT22-07,장외,세종지역개발채권22-07,KR2101012C72,세종특별자치시,N,16,매우낮은위험(6등급),2026-08-21,,344.0,,1.05,국공채,지역개발,,N,active,N,Y,,,6,1,N
,4.343,,,,고정금리,복리채,지역개발채,공모,8436260000,,,,,27.8186,,,KRW,,,8915.46,4.87,8915.46,,,,0.0,99,100.0,2026-08-21,1,8367785000.0,2026-08-31,2031-08-31,4.343,27.7951,8916.51,4.8854,8916.51,Jeonnam-Gwangju Prov26-08,전남광주지역개발26-08,KR,Jeonnam-Gwangju Provincial Development26-08,장외,전남광주통합특별시지역개발채권 26-08,KR2106012G85,전남광주통합특별시,Y,16,매우낮은위험(6등급),2026-08-21,,1836.0,,2.0,국공채,지역개발,,N,active,N,Y,,,6,1,N
,3.792,,,,고정금리,이표채,특수은행채,공모,400000000000,,,,,260.2168,AA0,2025-11-13,KRW,,,9630.1,6.4669,9630.1,,,,0.0,99,100.0,2026-08-21,1,400000000000.0,2025-11-13,2030-11-13,3.792,260.148,9631.02,7.9207,9631.02,IBK CoCoBond(PWD)2511C(HY)perpA-13(S),기업은행 조건부(상)2511이(신)영A-13(사),KR,Industrial BANK of Korea CoCoBond(PWD)2511C(HY)perpA-13(S),장외,중소기업은행 조건부자본증권(상)2511이(신)영A-13(사)(조건상각/콜/후),KR310507GFB1,(주)중소기업은행,N,12,높은위험(2등급),2026-08-21,,1545.0,,3.58,특수채,특수은행채,,N,active,N,Y,AA,3,2,1,N
,3.038,,,,고정금리,이표채,일반특수법인채,공모,200000000000,,,,,0.0454,AAA,2021-10-01,KRW,,,10075.69,0.1103,10075.69,,,,0.0,99,100.0,2026-08-21,1,200000000000.0,2021-10-01,2026-10-01,3.038,0.0373,10076.53,0.1085,10076.53,KEPCO1075,한국전력1075,KR,KOREA ELECTRIC POWER CORPCORPORATION1075,장외,한국전력공사채권1075,KR350101GBA5,한국전력공사(주),N,16,매우낮은위험(6등급),2026-08-21,,41.0,,2.2,특수채,공사채,,N,active,N,Y,AAA,1,6,1,N
,3.902,,,,고정금리,이표채,일반특수법인채,공모,180000000000,,,,,2.5651,AAA,2021-02-26,KRW,,,9723.7,1.4791,9723.7,,,,0.0,99,100.0,2026-08-21,1,180000000000.0,2021-02-26,2028-02-26,3.902,2.5584,9724.73,1.4783,9724.73,KOREA L&H392,토지주택채권392,KR,KOREA LAND & HOUSING CORPORATION392,장외,토지주택채권 392,KR356105GB20,한국토지주택공사,Y,16,매우낮은위험(6등급),2026-08-21,,554.0,,1.734,특수채,공사채,,N,active,N,Y,AAA,1,6,1,N
,4.562,,,,고정금리,이표채,일반은행채,공모,323000000000,,,,,122.2115,AA-,2022-05-03,KRW,,,9927.19,4.3924,9927.19,,,,0.0,99,100.0,2026-08-21,1,323000000000.0,2022-05-03,2027-05-03,4.562,144.3771,9928.27,6.5893,9928.27,SHINHAN BANK26-05COUP5@(Hyb-P),신한은행26-05-이-영구5갑(신),KR,SHINHAN BANK26-05COUP5@(Hyb-P),장외,신한은행26-05-이-영구5갑(신)(조건상각/콜/후),KR6000012C56,(주)신한은행,Y,11,매우높은위험(1등급),2026-08-21,,255.0,,4.5,회사채,은행채,,N,active,N,Y,AA-,4,1,1,N
,5.007,,,,고정금리,이표채,일반회사채,공모,85000000000,,,,,15.9069,A0,2025-09-30,KRW,,,9424.88,3.7922,9424.88,,,,0.0,99,100.0,2026-08-21,1,85000000000.0,2025-09-30,2030-09-30,5.007,15.8898,9426.16,3.7942,9426.16,KAL112-2,대한항공112-2,KR,KOREAN AIR LINES112-2,장외,대한항공112-2,KR6003492F98,(주)대한항공,Y,14,보통위험(4등급),2026-08-21,,1501.0,,3.324,회사채,일반사채,,N,active,N,Y,A,6,4,1,N
,4.692,,,,고정금리,이표채,일반회사채,공모,90000000000,,,,,6.2697,A0,2025-05-15,KRW,,,10134.55,2.3409,10134.55,,,,0.0,99,100.0,2026-08-21,1,90000000000.0,2024-02-28,2029-02-28,4.692,6.2594,10135.84,2.3411,10135.84,KAL106-3,대한항공106-3,KR,KOREAN AIR LINES106-3,장외,대한항공106-3,KR6003493E23,(주)대한항공,Y,14,보통위험(4등급),2026-08-21,,922.0,,4.794,회사채,일반사채,,N,active,N,Y,A,6,4,1,N
,4.231,,,,고정금리,이표채,할부금융채,공모,60000000000,,,,,0.4492,A+,2025-06-17,KRW,,,10018.84,0.5619,10018.84,0.0,,0.0,0.0,99,100.0,2026-08-21,1,60000000000.0,2025-06-17,2027-03-17,4.231,0.4445,10019.99,0.5604,10019.99,MERITZ CAPITAL279-3,메리츠캐피탈279-3,KR,MERITZ CAPITAL279-3,장내,메리츠캐피탈 279-3,KR6169373F67,메리츠캐피탈(주),N,14,보통위험(4등급),2026-08-21,,208.0,,3.479,회사채,일반사채,,N,active,N,Y,A+,5,4,1,N
,4.518,,,,고정금리,이표채,일반회사채,공모,140000000000,,,,,16.9693,AA+,2025-11-28,KRW,,,9718.22,3.9039,9718.22,,,,0.0,99,100.0,2026-08-21,1,140000000000.0,2025-11-28,2030-11-28,4.518,16.9531,9719.42,3.9056,9719.42,SK317-2,SK317-2,KR,SK 317-2,장외,SK 317-2,KR6034732FB5,SK(주),N,15,낮은위험(5등급),2026-08-21,,1560.0,,3.575,회사채,일반사채,,N,active,N,Y,AA+,2,5,1,N
,4.709,,,,고정금리,이표채,일반회사채,공모,81000000000,,,,,3.8868,A-,2025-11-28,KRW,,,9904.29,1.8383,9904.29,,,,0.0,99,100.0,2026-08-21,1,81000000000.0,2025-07-24,2028-07-24,4.709,3.877,9905.54,1.8382,9905.54,HANWHA OCEAN11-2,한화오션11-2,KR,HANWHA OCEAN11-2,장외,한화오션11-2,KR6042662F74,한화오션(주),N,14,보통위험(4등급),2026-08-21,,703.0,,4.02,회사채,일반사채,,N,active,N,Y,A-,7,4,1,N
,4.508,,,,고정금리,이표채,할부금융채,공모,10000000000,,,,,10.1379,AA-,2019-10-31,KRW,,,9507.59,3.0305,9507.59,,,,0.0,99,100.0,2026-08-21,1,10000000000.0,2019-10-31,2029-10-31,4.508,10.1241,9508.74,3.0314,9508.74,HYUNDAI COMMERCIAL366,현대커머셜366,KR,HYUNDAI COMMERCIAL366,장외,현대커머셜366,KR60959219A1,현대커머셜(주),Y,15,낮은위험(5등급),2026-08-21,,1167.0,,2.791,회사채,일반사채,,N,active,N,Y,AA-,4,5,1,N
,3.831,,,,고정금리,이표채,금융지주회사채,공모,400000000000,,,,,257.0365,AA-,2025-11-27,KRW,,,9835.11,7.6482,9835.11,,,,0.0,99,100.0,2026-08-21,1,400000000000.0,2025-11-27,2030-11-27,3.831,256.9721,9836.0,11.2215,9836.0,HNFG CoCo Bond(PWD)18,하나금융조건부(상)18,KR,HANA Financial Contingent Convertible Bond(PWD)18,장외,하나금융지주 조건부자본증권(상)18(조건상각/콜/후),KR6086791FB8,(주)하나금융지주,N,11,매우높은위험(1등급),2026-08-21,,1559.0,,3.69,회사채,일반사채,,N,active,N,Y,AA-,4,1,1,N
,4.578,,,,고정금리,이표채,일반회사채,공모,120000000000,,,,,7.1152,AA-,2026-04-21,KRW,,,9929.46,2.5133,9929.46,,,,0.0,99,100.0,2026-08-21,1,120000000000.0,2026-04-24,2029-04-24,4.578,7.1031,9930.68,2.5138,9930.68,POONGSAN CORPORATION110,풍산110,KR,POONGSAN CORPORATION110,장외,풍산110,KR6103141G41,(주)풍산,N,15,낮은위험(5등급),2026-08-21,,977.0,,4.171,회사채,일반사채,,N,active,N,Y,AA-,4,5,1,N
,4.09,,,,고정금리,이표채,국고채권,공모,11519300000000,,,,,17.4936,,,KRW,,,10350.38,3.8549,10350.38,,,,0.0,99,100.0,2026-08-21,1,8351900000000.001,2010-12-10,2030-12-10,4.09,17.4709,10351.52,3.8596,10351.52,KTB04750-3012(10-7),국고04750-3012(10-7),KR,KOREA TREASURY BOND04750-3012(10-7),장외,국고채권 04750-3012(10-7),KR10350270C0,대한민국,Y,16,매우낮은위험(6등급),2026-08-21,,1572.0,,4.75,국공채,국고채,,N,active,N,Y,,,6,1,N
,2.974,,,,고정금리,복리채,도시철도공채,공모,66649370000,,,,,0.241,,,KRW,,,10622.6,0.2714,10622.6,,,,0.0,99,100.0,2026-08-21,1,66557510000.0,2019-11-30,2026-11-30,2.974,0.208,10623.46,0.2705,10623.46,SEOUL SUBWAY19-11,서울도시철도19-11,KR,SEOUL METROPOLITAN CITY SUBWAY BOND19-11,장외,서울도시철도공채증권 19-11,KR20010249B7,서울특별시,Y,16,매우낮은위험(6등급),2026-08-21,,101.0,,1.0,국공채,도시철도,,N,active,N,Y,,,6,1,N
,3.999,,,,고정금리,복리채,도시철도공채,공모,63507180000,,,,,10.1467,,,KRW,,,9573.76,2.7756,9573.76,,,,0.0,99,100.0,2026-08-21,1,63423875000.0,2022-06-30,2029-06-30,3.999,10.1196,9574.77,2.783,9574.77,SEOUL SUBWAY22-06,서울도시철도22-06,KR,SEOUL METROPOLITAN CITY SUBWAY BOND22-06,장외,서울도시철도공채증권 22-06,KR2001024C62,서울특별시,Y,16,매우낮은위험(6등급),2026-08-21,,1044.0,,1.0,국공채,도시철도,,N,active,N,Y,,,6,1,N
,3.39,,,,고정금리,복리채,지역개발채,공모,7222050000,,,,,1.2125,,,KRW,,,10266.15,0.7569,10266.15,,,,0.0,99,100.0,2026-08-21,1,7213085000.0,2022-05-31,2027-05-31,3.39,1.1828,10267.08,0.7575,10267.08,DAEJON PROVINCIAL22-05,대전지역개발22-05,KR,DAEJON PROVINCIAL DEVELOPMENT22-05,장외,대전지역개발채권22-05,KR2003022C52,대전광역시,Y,16,매우낮은위험(6등급),2026-08-21,,283.0,,1.05,국공채,지역개발,,N,active,N,Y,,,6,1,N
,2.926,,,,고정금리,복리채,지역개발채,공모,13367930000,,,,,0.1464,,,KRW,,,10476.4,0.1907,10476.4,,,,0.0,99,100.0,2026-08-21,1,13366905000.0,2021-10-31,2026-10-31,2.926,0.1203,10477.23,0.1895,10477.23,INCHEON PROVINCIAL21-10,인천지역개발21-10,KR,INCHEON PROVINCIAL DEVELOPMENT21-10,장외,인천지역개발채권 21-10,KR2004022BA7,인천광역시,Y,16,매우낮은위험(6등급),2026-08-21,,71.0,,1.05,국공채,지역개발,,N,active,N,Y,,,6,1,N
,4.13,,,,고정금리,복리채,지역개발채,공모,6998815000,,,,,18.6593,,,KRW,,,9379.28,3.9071,9379.28,,,,0.0,99,100.0,2026-08-21,1,6979050000.0,2025-08-31,2030-08-31,4.13,18.6396,9380.34,3.9185,9380.34,INCHEON PROVINCIAL25-08,인천지역개발25-08,KR,INCHEON PROVINCIAL DEVELOPMENT25-08,장외,인천지역개발채권 25-08,KR2004022F81,인천광역시,N,16,매우낮은위험(6등급),2026-08-21,,1471.0,,2.0,국공채,지역개발,,N,active,N,Y,,,6,1,N
,3.336,,,,고정금리,복리채,도시철도공채,공모,12174340000,,,,,1.0,,,KRW,,,10298.82,0.6746,10298.82,,,,0.0,99,100.0,2026-08-21,1,12171580000.0,2022-04-30,2027-04-30,3.336,0.9648,10299.74,0.675,10299.74,BUSAN SUBWAY22-04,부산도시철도22-04,KR,BUSAN SUBWAY22-04,장외,부산도시철도공채증권 22-04,KR2006014C48,부산광역시,Y,16,매우낮은위험(6등급),2026-08-21,,252.0,,1.05,국공채,도시철도,,N,active,N,Y,,,6,1,N
,4.165,,,,고정금리,복리채,지역개발채,공모,1886205000,,,,,20.0291,,,KRW,,,9302.0,4.0696,9302.0,,,,0.0,99,100.0,2026-08-21,1,1883325000.0,2025-10-31,2030-10-31,4.165,19.9958,9303.05,4.082,9303.05,BUSAN PROVINCIAL25-10,부산지역개발25-10,KR,BUSAN PROVINCIAL DEVELOPMENT25-10,장외,부산지역개발채권 25-10,KR2006022FA6,부산광역시,N,16,매우낮은위험(6등급),2026-08-21,,1532.0,,2.0,국공채,지역개발,,N,active,N,Y,,,6,1,N
,4.064,,,,고정금리,복리채,도시철도공채,공모,3295425000,,,,,12.8697,,,KRW,,,9927.77,3.1819,9927.77,,,,0.0,99,100.0,2026-08-21,1,3294660000.0,2024-11-30,2029-11-30,4.064,12.8327,9928.86,3.1911,9928.86,BUSAN SUBWAY24-11,부산도시철도24-11,KR,BUSAN SUBWAY24-11,장외,부산도시철도공채증권 24-11,KR2006024EB3,부산광역시,Y,16,매우낮은위험(6등급),2026-08-21,,1197.0,,2.5,국공채,도시철도,,N,active,N,Y,,,6,1,N
,3.557,,,,고정금리,복리채,지역개발채,공모,2206930000,,,,,2.3767,,,KRW,,,10104.19,1.1643,10104.19,,,,0.0,99,100.0,2026-08-21,1,2206930000.0,2022-10-31,2027-10-31,3.557,2.3489,10105.17,1.1662,10105.17,DAEGU PROVINCIAL22-10,대구지역개발22-10,KR,DAEGU PROVINCIAL DEVELOPMENT22-10,장외,대구지역개발채권 22-10,KR2007012CA3,대구광역시,Y,16,매우낮은위험(6등급),2026-08-21,,436.0,,1.05,국공채,지역개발,,N,active,N,Y,,,6,1,N
3.4027,3.585,0.0,온오프 겸용,0,고정금리,복리채,국민주택1종,공모,1005785150000,0.0,3.569,3.4027,3.6103,3.4801,,,KRW,4.022,5.827,10108.07,1.4851,10108.07,,,,0.0,99,100.0,2026-08-21,2,1000822120000.0,2023-02-28,2028-02-29,3.585,3.4393,10109.05,1.4883,10109.05,KNHB (Ⅰ)23-02,국민주택1종23-02,KR,KOREA NATIONAL HOUSING BOND (Ⅰ)23-02,장외,국민주택1종채권 23-02,KR101501DD21,대한민국,Y,16,매우낮은위험(6등급),2026-08-21,3.4822,557.0,2026-08-21,1.3,국공채,국민주택,10110.0,N,active,N,Y,,,6,1,N
3.7582,4.246,0.0,온오프 겸용,0,고정금리,이표채,국고채권,공모,14169000000000,0.0,4.204,3.7582,4.2845,41.1545,,,KRW,4.442,5.134,9479.54,5.9986,9479.54,,,,0.0,99,100.0,2026-08-21,2,15035000000000.0,2023-06-10,2033-06-10,4.246,41.1252,9480.63,6.0074,9480.63,KTB03250-3306(23-5),국고03250-3306(23-5),KR,KOREA TREASURY BOND03250-3306(23-5),장외,국고채권 03250-3306(23-5),KR103502GD64,대한민국,Y,16,매우낮은위험(6등급),2026-08-21,3.9598,2485.0,2026-08-21,3.25,국공채,국고채,9503.0,N,active,N,Y,,,6,1,N
4.7557,4.715,0.0,온오프 겸용,0,고정금리,이표채,국고채권,공모,18460000000000,0.0,4.675,4.7557,5.3493,403.1408,,,KRW,5.621,6.814,7081.76,17.2048,7081.76,,,,0.0,99,100.0,2026-08-21,2,19790000000000.0,2024-09-10,2054-09-10,4.715,403.0952,7082.66,17.2372,7082.66,KTB02750-5409(24-8),국고02750-5409(24-8),KR,KOREA TREASURY BOND02750-5409(24-8),장외,국고채권 02750-5409(24-8),KR103502GE97,대한민국,Y,16,매우낮은위험(6등급),2026-08-21,4.9831,10247.0,2026-08-21,2.75,국공채,국고채,7130.0,N,active,N,Y,,,6,1,N
3.4647,3.828,0.0,온오프 겸용,0,고정금리,복리채,도시철도공채,공모,7417160000,0.0,3.793,3.4647,3.8642,5.6803,,,KRW,4.095,5.109,10484.02,1.9708,10484.02,,,,0.0,99,100.0,2026-08-21,2,7414325000.0,2023-08-31,2028-08-31,3.828,5.6679,10485.12,1.9751,10485.12,BUSAN SUBWAY23-08,부산도시철도23-08,KR,BUSAN SUBWAY23-08,장외,부산도시철도공채증권 23-08,KR2006024D86,부산광역시,Y,16,매우낮은위험(6등급),2026-08-21,3.6178,741.0,2026-08-21,2.5,국공채,도시철도,10491.0,N,active,N,Y,,,6,1,N
3.2741,3.64,0.0,온오프 겸용,0,고정금리,복리채,지역개발채,공모,16832790000,0.0,3.622,3.2741,3.6675,3.193,,,KRW,3.87,4.758,10741.99,1.4099,10741.99,,,,0.0,99,100.0,2026-08-21,2,16827020000.0,2023-01-31,2028-01-31,3.64,3.1526,10743.05,1.4128,10743.05,CHUNGBUK PROVINCIAL23-01,충북지역개발23-01,KR,CHUNGBUK PROVINCIAL DEVELOPMENT23-01,장외,충북지역개발채권 23-01,KR2033012D19,충청북도,Y,16,매우낮은위험(6등급),2026-08-21,3.4248,528.0,2026-08-21,2.5,국공채,지역개발,10744.0,N,active,N,Y,,,6,1,N
3.5175,3.858,0.0,온오프 겸용,0,고정금리,복리채,지역개발채,공모,72634245000,0.0,3.822,3.5175,3.9198,6.8382,,,KRW,4.157,5.201,10378.27,2.2144,10378.27,,,,0.0,99,100.0,2026-08-21,2,72477575000.0,2023-11-30,2028-11-30,3.858,6.8033,10379.36,2.2201,10379.36,KYUNGKI PROVINCIAL23-11,경기지역개발23-11,KR,KYUNGKI PROVINCIAL DEVELOPMENT23-11,장외,경기지역개발채권 23-11,KR2044022DB3,경기도,Y,16,매우낮은위험(6등급),2026-08-21,3.6717,832.0,2026-08-21,2.5,국공채,지역개발,10386.0,N,active,N,Y,,,6,1,N
3.405,3.557,0.0,온오프 겸용,0,고정금리,복리채,지역개발채,공모,6255365000,0.0,3.542,3.405,3.5707,2.3767,,,KRW,4.024,6.012,10104.19,1.1643,10104.19,,,,0.0,99,100.0,2026-08-21,2,6219425000.0,2022-10-31,2027-10-31,3.557,2.3489,10105.17,1.1662,10105.17,KYUNGNAM PROVINCIAL22-10,경남지역개발22-10,KR,KYUNGNAM PROVINCIAL DEVELOPMENT22-10,장외,경남지역개발채권 22-10,KR2088012CA5,경상남도,Y,16,매우낮은위험(6등급),2026-08-21,3.4688,436.0,2026-08-21,1.05,국공채,지역개발,10105.0,N,active,N,Y,,,6,1,N
3.8378,4.018,0.0,온오프 겸용,0,고정금리,이표채,일반특수법인채,공모,90000000000,0.0,3.992,3.8378,4.0664,4.4719,AAA,2019-09-04,KRW,4.536,6.596,9523.36,1.9898,9523.36,,,,0.0,99,100.0,2026-08-21,2,90000000000.0,2019-09-04,2028-09-04,4.018,4.4624,9524.4,1.9894,9524.4,KOGAS397,한국가스공사397,KR,KOREA GAS397,장외,한국가스공사 397,KR350801G996,한국가스공사(주),Y,16,매우낮은위험(6등급),2026-08-21,3.9254,745.0,2026-08-21,1.417,특수채,공사채,9528.0,N,active,N,Y,AAA,1,6,1,N
3.8632,4.579,0.0,온오프 겸용,0,고정금리,이표채,일반회사채,공모,60000000000,0.0,4.556,3.8632,4.5556,0.9277,A-,2026-07-20,KRW,4.566,4.614,10019.31,0.9172,10019.31,,,,0.0,99,100.0,2026-08-21,2,60000000000.0,2026-07-30,2027-07-30,4.579,0.9236,10020.55,0.9155,10020.55,SK ecoplant186-1,SK에코플랜트186-1,KR,SK ecoplant186-1,장외,SK에코플랜트186-1,KR6003341G74,SK에코플랜트(주),Y,14,보통위험(4등급),2026-08-21,4.1285,343.0,2026-08-21,4.5,회사채,일반사채,10021.0,N,active,N,Y,A-,7,4,1,N
3.9584,4.752,0.0,온오프 겸용,0,고정금리,이표채,일반회사채,공모,195000000000,0.0,4.719,3.9584,4.6771,7.6644,A0,2026-05-27,KRW,4.678,4.687,10079.45,2.5985,10079.45,,,,0.0,99,100.0,2026-08-21,2,195000000000.0,2026-06-11,2029-06-11,4.752,7.6522,10080.74,2.5991,10080.74,KAL118-2,대한항공118-2,KR,KOREAN AIR LINES118-2,장외,대한항공118-2,KR6003492G63,(주)대한항공,Y,14,보통위험(4등급),2026-08-21,4.2338,1025.0,2026-08-21,4.71,회사채,일반사채,10088.0,N,active,N,Y,A,6,4,1,N
,4.071,,,,고정금리,복리채,지역개발채,공모,4963005000,,,,,13.4582,,,KRW,,,9891.91,3.2645,9891.91,,,,0.0,99,100.0,2026-08-21,1,4963005000.0,2024-12-31,2029-12-31,4.071,13.4179,9892.99,3.2741,9892.99,DAEGU PROVINCIAL24-12,대구지역개발24-12,KR,DAEGU PROVINCIAL DEVELOPMENT24-12,장외,대구지역개발채권 24-12,KR2007012EC5,대구광역시,N,16,매우낮은위험(6등급),2026-08-21,,1228.0,,2.5,국공채,지역개발,,N,active,N,Y,,,6,1,N
,3.336,,,,고정금리,복리채,지역개발채,공모,9616145000,,,,,1.0,,,KRW,,,10298.82,0.6746,10298.82,,,,0.0,99,100.0,2026-08-21,1,9603685000.0,2022-04-30,2027-04-30,3.336,0.9648,10299.74,0.675,10299.74,ULSAN PROVINCIAL22-04,울산지역개발22-04,KR,ULSAN PROVINCIAL DEVELOPMENT22-04,장외,울산지역개발채권 22-04,KR2008012C46,울산광역시,Y,16,매우낮은위험(6등급),2026-08-21,,252.0,,1.05,국공채,지역개발,,N,active,N,Y,,,6,1,N
,3.557,,,,고정금리,복리채,지역개발채,공모,14332030000,,,,,2.3767,,,KRW,,,10104.19,1.1643,10104.19,,,,0.0,99,100.0,2026-08-21,1,14263225000.0,2022-10-31,2027-10-31,3.557,2.3489,10105.17,1.1662,10105.17,CHUNGNAM PROVINCIAL22-10,충남지역개발22-10,KR,CHUNGNAM PROVINCIAL DEVELOPMENT22-10,장외,충남지역개발채권 22-10,KR2022022CA3,충청남도,Y,16,매우낮은위험(6등급),2026-08-21,,436.0,,1.05,국공채,지역개발,,N,active,N,Y,,,6,1,N
,3.583,,,,고정금리,복리채,지역개발채,공모,115789090000,,,,,2.624,,,KRW,,,10071.63,1.2446,10071.63,,,,0.0,99,100.0,2026-08-21,1,115617325000.0,2022-11-30,2027-11-30,3.583,2.5901,10072.61,1.2468,10072.61,KYUNGKI PROVINCIAL22-11,경기지역개발22-11,KR,KYUNGKI PROVINCIAL DEVELOPMENT22-11,장외,경기지역개발채권 22-11,KR2044022CB5,경기도,Y,16,매우낮은위험(6등급),2026-08-21,,466.0,,1.05,국공채,지역개발,,N,active,N,Y,,,6,1,N
,4.084,,,,고정금리,복리채,지역개발채,공모,7371725000,,,,,14.6277,,,KRW,,,9823.67,3.4213,9823.67,,,,0.0,99,100.0,2026-08-21,1,7353495000.0,2025-02-28,2030-02-28,4.084,14.5857,9824.75,3.4315,9824.75,JUNBUK PROVINCIAL25-02,전북지역개발25-02,KR,JUNBUK PROVINCIAL DEVELOPMENT25-02,장외,전북지역개발채권25-02,KR2055012F28,전라북도,Y,16,매우낮은위험(6등급),2026-08-21,,1287.0,,2.5,국공채,지역개발,,N,active,N,Y,,,6,1,N
,4.201,,,,고정금리,복리채,지역개발채,공모,17623230000,,,,,21.467,,,KRW,,,9224.26,4.2313,9224.26,,,,0.0,99,100.0,2026-08-21,1,17529100000.0,2025-12-31,2030-12-31,4.201,21.4266,9225.31,4.2447,9225.31,JUNBUK PROVINCIAL25-12,전북지역개발25-12,KR,JUNBUK PROVINCIAL DEVELOPMENT25-12,장외,전북지역개발채권25-12,KR2055022FC2,전라북도,Y,16,매우낮은위험(6등급),2026-08-21,,1593.0,,2.0,국공채,지역개발,,N,active,N,Y,,,6,1,N
,3.583,,,,고정금리,복리채,지역개발채,공모,22130070000,,,,,2.624,,,KRW,,,10071.63,1.2446,10071.63,,,,0.0,99,100.0,2026-08-21,1,21999965000.0,2022-11-30,2027-11-30,3.583,2.5901,10072.61,1.2468,10072.61,CHUNNAM PROVINCIAL22-11,전남지역개발22-11,KR,CHUNNAM PROVINCIAL DEVELOPMENT22-11,장외,전남지역개발채권 22-11,KR2066012CB9,전남광주통합특별시,Y,16,매우낮은위험(6등급),2026-08-21,,466.0,,1.05,국공채,지역개발,,N,active,N,Y,,,6,1,N
,4.334,,,,고정금리,이표채,특수은행채,공모,300000000000,,,,,236.3014,AA-,2024-05-21,KRW,,,9963.53,5.4159,9910.03,,,,0.0,99,100.0,2026-08-21,1,300000000000.0,2024-05-21,2029-05-21,4.334,239.0162,9911.06,6.9179,9911.06,NongHyup Bank2024-05COUP-A(Hyb),농업금융채권(은행)2024-05이-A(신종),KR,NongHyup Bank2024-05COUP-A(Hyb),장외,농업금융채권(은행) 2024-05이-A(신종)(조건상각/콜/후),KR381004GE50,농협은행,Y,11,매우높은위험(1등급),2026-08-21,,1004.0,,4.28,특수채,특수은행채,,N,active,N,Y,AA-,4,1,1,N
,4.745,,,,고정금리,이표채,일반회사채,공모,129000000000,,,,,0.9034,A-,2025-07-25,KRW,,,9989.28,0.9046,9989.28,,,,0.0,99,100.0,2026-08-21,1,129000000000.0,2025-07-25,2027-07-25,4.745,0.8996,9990.55,0.9029,9990.55,SK ecoplant184-3,SK에코플랜트184-3,KR,SK ecoplant184-3,장외,SK에코플랜트184-3,KR6003344F72,SK에코플랜트(주),Y,14,보통위험(4등급),2026-08-21,,338.0,,4.284,회사채,일반사채,,N,active,N,Y,A-,7,4,1,N
,5.585,,,,고정금리,이표채,할부금융채,공모,20000000000,,,,,18.7215,A+,2023-06-21,KRW,,,8911.27,4.1362,8911.27,,,,0.0,99,100.0,2026-08-21,1,20000000000.0,2021-02-04,2031-02-04,5.585,18.7041,8912.61,4.1391,8912.61,LOTTE CAPITAL410-6,롯데캐피탈410-6,KR,LOTTE CAPITAL410-6,장외,롯데캐피탈 410-6,KR6029696B26,롯데캐피탈(주),Y,14,보통위험(4등급),2026-08-21,,1628.0,,2.775,회사채,일반사채,,N,active,N,Y,A+,5,4,1,N
,4.555,,,,고정금리,이표채,금융지주회사채,공모,433000000000,,,,,274.5549,AA-,2026-03-25,KRW,,,9916.24,6.0268,9916.24,,,,0.0,99,100.0,2026-08-21,1,433000000000.0,2026-05-14,2031-05-14,4.555,274.4878,9917.24,7.6198,9917.24,KBFG CoCo Bond(PWD)14,KB금융조건부(상)14,KR,KBFinancialGroup Contingent Convertible Bond(PWD)14,장외,KB금융지주 조건부자본증권(상)14(조건상각/콜/후),KR6105561G54,(주)KB금융지주,Y,11,매우높은위험(1등급),2026-08-21,,1727.0,,4.5,회사채,일반사채,,N,active,N,Y,AA-,4,1,1,N
,3.952,,,,고정금리,이표채,할부금융채,공모,20000000000,,,,,0.2435,A+,2024-07-15,KRW,,,10078.3,0.3924,10078.3,,,,0.0,99,100.0,2026-08-21,1,20000000000.0,2024-07-15,2027-01-14,3.952,0.239,10079.37,0.3907,10079.37,MERITZ CAPITAL259-4,메리츠캐피탈259-4,KR,MERITZ CAPITAL259-4,장외,메리츠캐피탈259-4,KR6169375E74,메리츠캐피탈(주),N,14,보통위험(4등급),2026-08-21,,146.0,,4.738,회사채,일반사채,,N,active,N,Y,A+,5,4,1,N
,3.907,,,,고정금리,이표채,할부금융채,공모,140000000000,,,,,0.0334,A0,2024-10-04,KRW,,,10069.89,0.1137,10069.89,,,,0.0,99,100.0,2026-08-21,1,140000000000.0,2024-10-04,2026-10-02,3.907,0.0299,10070.97,0.1117,10070.97,KIC114-2,한국투자캐피탈114-2,KR,Korea Investment Capital114-2,장외,한국투자캐피탈114-2,KR6214342EA0,한국투자캐피탈(주),Y,14,보통위험(4등급),2026-08-21,,42.0,,4.671,회사채,일반사채,,N,active,N,Y,A,6,4,1,N
3.4879,3.67,0.0,온오프 겸용,0,고정금리,복리채,국민주택1종,공모,1111218610000,0.0,3.644,3.4879,3.6973,4.5149,,,KRW,4.122,5.988,10004.6,1.729,10004.6,,,,0.0,99,100.0,2026-08-21,2,1102037040000.0,2023-05-31,2028-05-31,3.67,4.4838,10005.58,1.7328,10005.58,KNHB (Ⅰ)23-05,국민주택1종23-05,KR,KOREA NATIONAL HOUSING BOND (Ⅰ)23-05,장외,국민주택1종채권 23-05,KR101501DD54,대한민국,Y,16,매우낮은위험(6등급),2026-08-21,3.5681,649.0,2026-08-21,1.3,국공채,국민주택,10009.0,N,active,N,Y,,,6,1,N
3.9081,4.019,0.0,온오프 겸용,0,고정금리,이표채,국고채권,공모,24515000000000,0.0,3.984,3.9081,4.1403,15.1649,,,KRW,4.619,6.72,9102.42,3.648,9102.42,,,,0.0,99,100.0,2026-08-21,2,22867000000000.0,2020-06-10,2030-06-10,4.019,15.1427,9103.41,3.6522,9103.41,KTB01375-3006(20-4),국고01375-3006(20-4),KR,KOREA TREASURY BOND01375-3006(20-4),장외,국고채권 01375-3006(20-4),KR103502GA67,대한민국,Y,16,매우낮은위험(6등급),2026-08-21,3.9971,1389.0,2026-08-21,1.375,국공채,국고채,9114.0,N,active,N,Y,,,6,1,N
3.3274,3.695,0.0,온오프 겸용,0,고정금리,복리채,도시철도공채,공모,10131015000,0.0,3.673,3.3274,3.7219,3.8051,,,KRW,3.933,4.859,10671.0,1.5666,10671.0,,,,0.0,99,100.0,2026-08-21,2,10106450000.0,2023-03-31,2028-03-31,3.695,3.7658,10672.05,1.5701,10672.05,BUSAN SUBWAY23-03,부산도시철도23-03,KR,BUSAN SUBWAY23-03,장외,부산도시철도공채증권 23-03,KR2006024D37,부산광역시,Y,16,매우낮은위험(6등급),2026-08-21,3.4786,588.0,2026-08-21,2.5,국공채,도시철도,10674.0,N,active,N,Y,,,6,1,N
4.2823,4.31,0.0,온오프 겸용,0,고정금리,복리채,도시철도공채,공모,3082500000,0.0,4.271,4.2823,4.6384,26.1137,,,KRW,5.061,6.918,8992.92,4.7075,8992.92,,,,0.0,99,100.0,2026-08-21,2,3082500000.0,2026-06-30,2031-06-30,4.31,26.083,8993.95,4.7226,8993.95,DAEGU SUBWAY26-06,대구도시철도26-06,KR,DAEGU SUBWAY26-06,장외,대구도시철도공채증권 26-06,KR2007024G65,대구광역시,Y,16,매우낮은위험(6등급),2026-08-21,4.4188,1774.0,2026-08-21,2.0,국공채,도시철도,9009.0,N,active,N,Y,,,6,1,N
4.2018,4.256,0.0,온오프 겸용,0,고정금리,복리채,지역개발채,공모,9742400000,0.0,4.218,4.2018,4.5543,23.7082,,,KRW,4.966,6.774,9108.95,4.4688,9108.95,,,,0.0,99,100.0,2026-08-21,2,9721835000.0,2026-03-31,2031-03-31,4.256,23.6679,9109.99,4.4832,9109.99,JUNBUK PROVINCIAL26-03,전북지역개발26-03,KR,JUNBUK PROVINCIAL DEVELOPMENT26-03,장외,전북지역개발채권26-03,KR2055022G33,전라북도,Y,16,매우낮은위험(6등급),2026-08-21,4.3368,1683.0,2026-08-21,2.0,국공채,지역개발,9124.0,N,active,N,Y,,,6,1,N
4.2556,4.293,0.0,온오프 겸용,0,고정금리,복리채,지역개발채,공모,13585110000,0.0,4.254,4.2556,4.6105,25.3051,,,KRW,5.03,6.87,9030.69,4.6289,9030.69,,,,0.0,99,100.0,2026-08-21,2,13422875000.0,2026-05-31,2031-05-31,4.293,25.2707,9031.71,4.6439,9031.71,KYUNGBUK PROVINCIAL26-05,경북지역개발26-05,KR,KYUNGBUK PROVINCIAL DEVELOPMENT26-05,장외,경북지역개발채권 26-05,KR2077022G52,경상북도,Y,16,매우낮은위험(6등급),2026-08-21,4.3916,1744.0,2026-08-21,2.0,국공채,지역개발,9047.0,N,active,N,Y,,,6,1,N
4.1558,4.291,0.0,온오프 겸용,0,고정금리,이표채,일반특수법인채,공모,200000000000,0.0,4.256,4.1558,4.4044,13.1587,AAA,2020-03-04,KRW,4.912,7.139,9154.03,3.3752,9154.03,,,,0.0,99,100.0,2026-08-21,2,200000000000.0,2020-03-04,2030-03-04,4.291,13.1427,9155.09,3.3792,9155.09,KEPCO1022,한국전력1022,KR,KOREA ELECTRIC POWER CORPCORPORATION1022,장외,한국전력공사채권1022,KR350101GA36,한국전력공사(주),Y,16,매우낮은위험(6등급),2026-08-21,4.251,1291.0,2026-08-21,1.479,특수채,공사채,9164.0,N,active,N,Y,AAA,1,6,1,N
3.8013,4.359,0.0,온오프 겸용,0,고정금리,이표채,일반회사채,공모,287000000000,0.0,4.34,3.8013,4.3431,2.3135,A0,2025-05-15,KRW,4.493,5.15,9899.38,1.3986,9899.38,,,,0.0,99,100.0,2026-08-21,2,287000000000.0,2025-01-31,2028-01-31,4.359,2.3057,9900.54,1.3979,9900.54,KAL110-1,대한항공110-1,KR,KOREAN AIR LINES110-1,장외,대한항공110-1,KR6003491F16,(주)대한항공,Y,14,보통위험(4등급),2026-08-21,4.0089,528.0,2026-08-21,3.494,회사채,일반사채,9902.0,N,active,N,Y,A,6,4,1,N
3.1617,3.901,0.0,온오프 겸용,0,고정금리,이표채,할부금융채,공모,90000000000,0.0,3.887,3.1617,3.8628,0.5538,AA-,2026-01-16,KRW,3.737,3.186,10087.98,0.6352,10087.98,,,,0.0,99,100.0,2026-08-21,2,90000000000.0,2024-04-18,2027-04-16,3.901,0.5481,10089.04,0.6337,10089.04,iM Capital114-3,아이엠캐피탈114-3,KR,iM Capital114-3,장외,아이엠캐피탈 114-3,KR6176943E49,(주)아이엠캐피탈,Y,15,낮은위험(5등급),2026-08-21,3.4303,238.0,2026-08-21,4.616,회사채,일반사채,10088.0,N,active,N,Y,AA-,4,5,1,N
,3.272,,,,고정금리,복리채,도시철도공채,공모,69427455000,,,,,0.8125,,,KRW,,,10500.99,0.5949,10500.99,,,,0.0,99,100.0,2026-08-21,1,69362335000.0,2020-03-31,2027-03-31,3.272,0.7737,10501.91,0.595,10501.91,SEOUL SUBWAY20-03,서울도시철도20-03,KR,SEOUL METROPOLITAN CITY SUBWAY BOND20-03,장외,서울도시철도공채증권 20-03,KR2001294A34,서울특별시,Y,16,매우낮은위험(6등급),2026-08-21,,222.0,,1.0,국공채,도시철도,,N,active,N,Y,,,6,1,N
,3.92,,,,고정금리,복리채,지역개발채,공모,15156420000,,,,,8.6272,,,KRW,,,10232.58,2.5359,10232.58,,,,0.0,99,100.0,2026-08-21,1,14926105000.0,2024-03-31,2029-03-31,3.92,8.5877,10233.65,2.5429,10233.65,KANGWON PROVINCIAL24-03,강원지역개발24-03,KR,KANGWON PROVINCIAL DEVELOPMENT24-03,장외,강원지역개발채권 24-03,KR2002022E37,강원도,N,16,매우낮은위험(6등급),2026-08-21,,953.0,,2.5,국공채,지역개발,,N,active,N,Y,,,6,1,N
,4.31,,,,고정금리,복리채,지역개발채,공모,16211185000,,,,,26.1137,,,KRW,,,8992.92,4.7075,8992.92,,,,0.0,99,100.0,2026-08-21,1,16060780000.0,2026-06-30,2031-06-30,4.31,26.083,8993.95,4.7226,8993.95,KANGWON PROVINCIAL26-06,강원지역개발26-06,KR,KANGWON PROVINCIAL DEVELOPMENT26-06,장외,강원지역개발채권 26-06,KR2002022G68,강원도,N,16,매우낮은위험(6등급),2026-08-21,,1774.0,,2.0,국공채,지역개발,,N,active,N,Y,,,6,1,N
,2.897,,,,고정금리,복리채,지역개발채,공모,14964090000,,,,,0.069,,,KRW,,,10502.69,0.1072,10502.69,,,,0.0,99,100.0,2026-08-21,1,14959510000.0,2021-09-30,2026-09-30,2.897,0.0523,10503.52,0.1057,10503.52,INCHEON PROVINCIAL21-09,인천지역개발21-09,KR,INCHEON PROVINCIAL DEVELOPMENT21-09,장외,인천지역개발채권 21-09,KR2004012B95,인천광역시,Y,16,매우낮은위험(6등급),2026-08-21,,40.0,,1.05,국공채,지역개발,,N,active,N,Y,,,6,1,N
,4.31,,,,고정금리,복리채,지역개발채,공모,10339885000,,,,,26.1137,,,KRW,,,8992.92,4.7075,8992.92,,,,0.0,99,100.0,2026-08-21,1,10261735000.0,2026-06-30,2031-06-30,4.31,26.083,8993.95,4.7226,8993.95,INCHEON PROVINCIAL26-06,인천지역개발26-06,KR,INCHEON PROVINCIAL DEVELOPMENT26-06,장외,인천지역개발채권 26-06,KR2004022G64,인천광역시,Y,16,매우낮은위험(6등급),2026-08-21,,1774.0,,2.0,국공채,지역개발,,N,active,N,Y,,,6,1,N
,3.878,,,,고정금리,복리채,지역개발채,공모,6887310000,,,,,7.7215,,,KRW,,,10306.47,2.3796,10306.47,,,,0.0,99,100.0,2026-08-21,1,6873295000.0,2024-01-31,2029-01-31,3.878,7.6808,10307.55,2.386,10307.55,KWANGJU PROVINCIAL24-01,광주지역개발24-01,KR,KWANGJU PROVINCIAL DEVELOPMENT24-01,장외,광주지역개발채권 24-01,KR2005022E14,전남광주통합특별시,N,16,매우낮은위험(6등급),2026-08-21,,894.0,,2.5,국공채,지역개발,,N,active,N,Y,,,6,1,N
,4.183,,,,고정금리,복리채,지역개발채,공모,6382165000,,,,,20.7278,,,KRW,,,9263.75,4.1492,9263.75,,,,0.0,99,100.0,2026-08-21,1,6380305000.0,2025-11-30,2030-11-30,4.183,20.6904,9264.8,4.1621,9264.8,KWANGJU PROVINCIAL25-11,광주지역개발25-11,KR,KWANGJU PROVINCIAL DEVELOPMENT25-11,장외,광주지역개발채권 25-11,KR2005022FB5,전남광주통합특별시,Y,16,매우낮은위험(6등급),2026-08-21,,1562.0,,2.0,국공채,지역개발,,N,active,N,Y,,,6,1,N
,3.946,,,,고정금리,복리채,지역개발채,공모,7210775000,,,,,9.1116,,,KRW,,,10193.4,2.6151,10193.4,,,,0.0,99,100.0,2026-08-21,1,7155835000.0,2024-04-30,2029-04-30,3.946,9.075,10194.47,2.6223,10194.47,KWANGJU PROVINCIAL24-04,광주지역개발24-04,KR,KWANGJU PROVINCIAL DEVELOPMENT24-04,장외,광주지역개발채권 24-04,KR2005032E46,전남광주통합특별시,Y,16,매우낮은위험(6등급),2026-08-21,,983.0,,2.5,국공채,지역개발,,N,active,N,Y,,,6,1,N
,4.064,,,,고정금리,복리채,지역개발채,공모,2622685000,,,,,12.8697,,,KRW,,,9927.77,3.1819,9927.77,,,,0.0,99,100.0,2026-08-21,1,2580910000.0,2024-11-30,2029-11-30,4.064,12.8327,9928.86,3.1911,9928.86,BUSAN PROVINCIAL24-11,부산지역개발24-11,KR,BUSAN PROVINCIAL DEVELOPMENT24-11,장외,부산지역개발채권 24-11,KR2006012EB8,부산광역시,Y,16,매우낮은위험(6등급),2026-08-21,,1197.0,,2.5,국공채,지역개발,,N,active,N,Y,,,6,1,N
,4.078,,,,고정금리,복리채,도시철도공채,공모,3615615000,,,,,14.0647,,,KRW,,,9856.02,3.3469,9856.02,,,,0.0,99,100.0,2026-08-21,1,3615615000.0,2025-01-31,2030-01-31,4.078,14.0228,9857.11,3.3569,9857.11,BUSAN SUBWAY25-01,부산도시철도25-01,KR,BUSAN SUBWAY25-01,장외,부산도시철도공채증권 25-01,KR2006014F11,부산광역시,Y,16,매우낮은위험(6등급),2026-08-21,,1259.0,,2.5,국공채,도시철도,,N,active,N,Y,,,6,1,N
,0.991,,,,고정금리,이표채,국고채권,공모,2349090000000,,,,,15.7449,,,KRW,,,12086.73,3.7117,12086.73,,,,0.0,99,100.0,2026-08-21,1,703090000000.0,2020-06-10,2030-06-10,0.991,15.7204,12087.26,3.7113,12087.26,KTBI01125-3006(20-5),물가01125-3006(20-5),KR,Inflation-Linked KOREA TREASURY BOND01125-3006(20-5),장외,물가연동국고채권 01125-3006(20-5),KR103503GA66,대한민국,N,16,매우낮은위험(6등급),2026-08-21,,1389.0,,1.125,국공채,물가채,,N,active,N,Y,,,6,1,N
,3.892,,,,고정금리,복리채,도시철도공채,공모,52057915000,,,,,8.144,,,KRW,,,9724.5,2.454,9724.5,,,,0.0,99,100.0,2026-08-21,1,51840530000.0,2022-02-28,2029-02-28,3.892,8.1032,9725.51,2.4607,9725.51,SEOUL SUBWAY22-02,서울도시철도22-02,KR,SEOUL METROPOLITAN CITY SUBWAY BOND22-02,장외,서울도시철도공채증권 22-02,KR2001024C21,서울특별시,Y,16,매우낮은위험(6등급),2026-08-21,,922.0,,1.0,국공채,도시철도,,N,active,N,Y,,,6,1,N
,4.071,,,,고정금리,복리채,도시철도공채,공모,80730845000,,,,,13.4581,,,KRW,,,9363.68,3.2645,9363.68,,,,0.0,99,100.0,2026-08-21,1,80577880000.0,2022-12-31,2029-12-31,4.071,13.4178,9364.71,3.2741,9364.71,SEOUL SUBWAY22-12,서울도시철도22-12,KR,SEOUL METROPOLITAN CITY SUBWAY BOND22-12,장외,서울도시철도공채증권 22-12,KR2001024CC0,서울특별시,Y,16,매우낮은위험(6등급),2026-08-21,,1228.0,,1.0,국공채,도시철도,,N,active,N,Y,,,6,1,N
,3.776,,,,고정금리,복리채,도시철도공채,공모,76633520000,,,,,4.8798,,,KRW,,,9996.54,1.8072,9996.54,,,,0.0,99,100.0,2026-08-21,1,76555840000.0,2021-06-30,2028-06-30,3.776,4.855,9997.54,1.8112,9997.54,SEOUL SUBWAY21-06,서울도시철도21-06,KR,SEOUL METROPOLITAN CITY SUBWAY BOND21-06,장외,서울도시철도공채증권 21-06,KR2001034B61,서울특별시,Y,16,매우낮은위험(6등급),2026-08-21,,679.0,,1.0,국공채,도시철도,,N,active,N,Y,,,6,1,N
,3.847,,,,고정금리,복리채,지역개발채,공모,11510160000,,,,,6.4381,,,KRW,,,10413.31,2.1343,10413.31,,,,0.0,99,100.0,2026-08-21,1,11437025000.0,2023-10-31,2028-10-31,3.847,6.4085,10414.39,2.1395,10414.39,KANGWON PROVINCIAL23-10,강원지역개발23-10,KR,KANGWON PROVINCIAL DEVELOPMENT23-10,장외,강원지역개발채권 23-10,KR2002012DA6,강원도,Y,16,매우낮은위험(6등급),2026-08-21,,802.0,,2.5,국공채,지역개발,,N,active,N,Y,,,6,1,N
,4.328,,,,고정금리,복리채,지역개발채,공모,10465925000,,,,,26.9639,,,KRW,,,8953.54,4.7885,8953.54,,,,0.0,99,100.0,2026-08-21,1,10357840000.0,2026-07-31,2031-07-31,4.328,26.938,8954.56,4.8037,8954.56,KANGWON PROVINCIAL26-07,강원지역개발26-07,KR,KANGWON PROVINCIAL DEVELOPMENT26-07,장외,강원지역개발채권 26-07,KR2002022G76,강원도,N,16,매우낮은위험(6등급),2026-08-21,,1805.0,,2.0,국공채,지역개발,,N,active,N,Y,,,6,1,N
,4.064,,,,고정금리,복리채,지역개발채,공모,5902405000,,,,,12.8697,,,KRW,,,9927.77,3.1819,9927.77,,,,0.0,99,100.0,2026-08-21,1,5867560000.0,2024-11-30,2029-11-30,4.064,12.8327,9928.86,3.1911,9928.86,DAEJON PROVINCIAL24-11,대전지역개발24-11,KR,DAEJON PROVINCIAL DEVELOPMENT24-11,장외,대전지역개발채권24-11,KR2003022EB0,대전광역시,N,16,매우낮은위험(6등급),2026-08-21,,1197.0,,2.5,국공채,지역개발,,N,active,N,Y,,,6,1,N
,4.071,,,,고정금리,복리채,지역개발채,공모,8365240000,,,,,13.4582,,,KRW,,,9891.91,3.2645,9891.91,,,,0.0,99,100.0,2026-08-21,1,8339485000.0,2024-12-31,2029-12-31,4.071,13.4179,9892.99,3.2741,9892.99,DAEJON PROVINCIAL24-12,대전지역개발24-12,KR,DAEJON PROVINCIAL DEVELOPMENT24-12,장외,대전지역개발채권24-12,KR2003022EC8,대전광역시,N,16,매우낮은위험(6등급),2026-08-21,,1228.0,,2.5,국공채,지역개발,,N,active,N,Y,,,6,1,N
,4.328,,,,고정금리,복리채,지역개발채,공모,4308250000,,,,,26.9639,,,KRW,,,8953.54,4.7885,8953.54,,,,0.0,99,100.0,2026-08-21,1,4296600000.0,2026-07-31,2031-07-31,4.328,26.938,8954.56,4.8037,8954.56,DAEJON PROVINCIAL26-07,대전지역개발26-07,KR,DAEJON PROVINCIAL DEVELOPMENT26-07,장외,대전지역개발채권26-07,KR2003022G74,대전광역시,N,16,매우낮은위험(6등급),2026-08-21,,1805.0,,2.0,국공채,지역개발,,N,active,N,Y,,,6,1,N
,4.064,,,,고정금리,복리채,지역개발채,공모,7650370000,,,,,12.8697,,,KRW,,,9927.77,3.1819,9927.77,,,,0.0,99,100.0,2026-08-21,1,7647760000.0,2024-11-30,2029-11-30,4.064,12.8327,9928.86,3.1911,9928.86,INCHEON PROVINCIAL24-11,인천지역개발24-11,KR,INCHEON PROVINCIAL DEVELOPMENT24-11,장외,인천지역개발채권 24-11,KR2004012EB0,인천광역시,Y,16,매우낮은위험(6등급),2026-08-21,,1197.0,,2.5,국공채,지역개발,,N,active,N,Y,,,6,1,N
,3.892,,,,고정금리,복리채,지역개발채,공모,8379070000,,,,,8.144,,,KRW,,,10272.91,2.454,10272.91,,,,0.0,99,100.0,2026-08-21,1,8302840000.0,2024-02-29,2029-02-28,3.892,8.1032,10273.98,2.4607,10273.98,INCHEON PROVINCIAL24-02,인천지역개발24-02,KR,INCHEON PROVINCIAL DEVELOPMENT24-02,장외,인천지역개발채권 24-02,KR2004022E25,인천광역시,N,16,매우낮은위험(6등급),2026-08-21,,922.0,,2.5,국공채,지역개발,,N,active,N,Y,,,6,1,N
,4.057,,,,고정금리,복리채,지역개발채,공모,6090195000,,,,,12.3178,,,KRW,,,9962.74,3.1019,9962.74,,,,0.0,99,100.0,2026-08-21,1,6086685000.0,2024-10-31,2029-10-31,4.057,12.2857,9963.84,3.1106,9963.84,KWANGJU PROVINCIAL24-10,광주지역개발24-10,KR,KWANGJU PROVINCIAL DEVELOPMENT24-10,장외,광주지역개발채권 24-10,KR2005022EA0,전남광주통합특별시,N,16,매우낮은위험(6등급),2026-08-21,,1167.0,,2.5,국공채,지역개발,,N,active,N,Y,,,6,1,N
,4.219,,,,고정금리,복리채,지역개발채,공모,5565025000,,,,,22.2233,,,KRW,,,9184.78,4.3133,9184.78,,,,0.0,99,100.0,2026-08-21,1,5559635000.0,2026-01-31,2031-01-31,4.219,22.1816,9185.82,4.327,9185.82,KWANGJU PROVINCIAL26-01,광주지역개발26-01,KR,KWANGJU PROVINCIAL DEVELOPMENT26-01,장외,광주지역개발채권 26-01,KR2005022G12,전남광주통합특별시,N,16,매우낮은위험(6등급),2026-08-21,,1624.0,,2.0,국공채,지역개발,,N,active,N,Y,,,6,1,N
,4.105,,,,고정금리,복리채,지역개발채,공모,3046350000,,,,,16.5777,,,KRW,,,9718.13,3.6646,9718.13,,,,0.0,99,100.0,2026-08-21,1,3046155000.0,2025-05-31,2030-05-31,4.105,16.5436,9719.19,3.6755,9719.19,BUSAN PROVINCIAL25-05,부산지역개발25-05,KR,BUSAN PROVINCIAL DEVELOPMENT25-05,장외,부산지역개발채권 25-05,KR2006022F52,부산광역시,N,16,매우낮은위험(6등급),2026-08-21,,1379.0,,2.5,국공채,지역개발,,N,active,N,Y,,,6,1,N
,4.025,,,,고정금리,복리채,지역개발채,공모,12778640000,,,,,10.6978,,,KRW,,,10073.08,2.8569,10073.08,,,,0.0,99,100.0,2026-08-21,1,12704160000.0,2024-07-31,2029-07-31,4.025,10.6774,10074.14,2.8644,10074.14,CHUNGNAM PROVINCIAL24-07,충남지역개발24-07,KR,CHUNGNAM PROVINCIAL DEVELOPMENT24-07,장외,충남지역개발채권 24-07,KR2022022E76,충청남도,Y,16,매우낮은위험(6등급),2026-08-21,,1075.0,,2.5,국공채,지역개발,,N,active,N,Y,,,6,1,N
,3.999,,,,고정금리,복리채,지역개발채,공모,72616790000,,,,,10.1467,,,KRW,,,10113.74,2.7756,10113.74,,,,0.0,99,100.0,2026-08-21,1,72431435000.0,2024-06-30,2029-06-30,3.999,10.1197,10114.81,2.783,10114.81,KYUNGKI PROVINCIAL24-06,경기지역개발24-06,KR,KYUNGKI PROVINCIAL DEVELOPMENT24-06,장외,경기지역개발채권 24-06,KR2044022E62,경기도,Y,16,매우낮은위험(6등급),2026-08-21,,1044.0,,2.5,국공채,지역개발,,N,active,N,Y,,,6,1,N
,4.105,,,,고정금리,복리채,지역개발채,공모,3412995000,,,,,16.5777,,,KRW,,,9718.13,3.6646,9718.13,,,,0.0,99,100.0,2026-08-21,1,3344820000.0,2025-05-31,2030-05-31,4.105,16.5436,9719.19,3.6755,9719.19,KYUNGNAM PROVINCIAL25-05,경남지역개발25-05,KR,KYUNGNAM PROVINCIAL DEVELOPMENT25-05,장외,경남지역개발채권 25-05,KR2088022F50,경상남도,Y,16,매우낮은위험(6등급),2026-08-21,,1379.0,,2.5,국공채,지역개발,,N,active,N,Y,,,6,1,N
,3.272,,,,고정금리,복리채,지역개발채,공모,6088275000,,,,,0.8125,,,KRW,,,10330.39,0.5949,10330.39,,,,0.0,99,100.0,2026-08-21,1,6081025000.0,2022-03-31,2027-03-31,3.272,0.7737,10331.3,0.595,10331.3,CHEJU PROVINCIAL22-03,제주지역개발22-03,KR,CHEJU PROVINCIAL DEVELOPMENT22-03,장외,제주지역개발채권 22-03,KR2099012C37,제주도,N,16,매우낮은위험(6등급),2026-08-21,,222.0,,1.05,국공채,지역개발,,N,active,N,Y,,,6,1,N
,4.201,,,,고정금리,복리채,지역개발채,공모,3603645000,,,,,21.467,,,KRW,,,9224.26,4.2313,9224.26,,,,0.0,99,100.0,2026-08-21,1,3590655000.0,2025-12-31,2030-12-31,4.201,21.4266,9225.31,4.2447,9225.31,SEJONG PROVINCIAL25-12,세종지역개발25-12,KR,SEJONG PROVINCIAL DEVELOPMENT25-12,장외,세종지역개발채권25-12,KR2101012FC7,세종특별자치시,N,16,매우낮은위험(6등급),2026-08-21,,1593.0,,2.0,국공채,지역개발,,N,active,N,Y,,,6,1,N
,4.277,,,,고정금리,이표채,신용카드채,공모,100000000000,,,,,0.781,AA-,2024-06-05,KRW,,,10069.3,0.7683,10069.3,,,,0.0,99,100.0,2026-08-21,1,100000000000.0,2024-06-05,2027-06-04,4.277,0.7763,10070.46,0.767,10070.46,LOTTE CARD534-4,롯데카드534-4,KR,LOTTE CARD534-4,장외,롯데카드 534-4,KR6030624E69,롯데카드(주),Y,15,낮은위험(5등급),2026-08-21,,287.0,,4.073,회사채,일반사채,,N,active,N,Y,AA-,4,5,1,N
,4.355,,,,고정금리,이표채,금융지주회사채,공모,400000000000,,,,,233.2672,AA-,2024-06-14,KRW,,,10258.7,6.2963,10258.7,,,,0.0,99,100.0,2026-08-21,1,400000000000.0,2024-02-23,2029-02-23,4.355,233.2063,10259.71,9.7729,10259.71,HNFG CoCo Bond(PWD)14,하나금융조건부(상)14,KR,HANA Financial Contingent Convertible Bond(PWD)14,장외,하나금융지주 조건부자본증권(상)14(조건상각/콜/후),KR6086791E27,(주)하나금융지주,Y,11,매우높은위험(1등급),2026-08-21,,917.0,,4.45,회사채,일반사채,,N,active,N,Y,AA-,4,1,1,N
,4.505,,,,고정금리,이표채,할부금융채,공모,50000000000,,,,,0.3567,A0,2025-02-21,KRW,,,10042.54,0.4865,9989.03,,,,0.0,99,100.0,2026-08-21,1,50000000000.0,2025-02-21,2027-02-19,4.505,0.3557,9990.24,0.4875,9990.24,KIC123-2,한국투자캐피탈123-2,KR,Korea Investment Capital123-2,장외,한국투자캐피탈123-2,KR6214342F28,한국투자캐피탈(주),N,14,보통위험(4등급),2026-08-21,,182.0,,4.281,회사채,일반사채,,N,active,N,Y,A,6,4,1,N
3.9551,4.13,0.0,온오프 겸용,0,고정금리,복리채,도시철도공채,공모,50377060000,0.0,4.095,3.9551,4.3552,18.6593,,,KRW,4.675,6.077,10036.68,3.9071,10036.68,,,,0.0,99,100.0,2026-08-21,2,50306970000.0,2023-08-31,2030-08-31,4.13,18.6396,10037.82,3.9185,10037.82,SEOUL SUBWAY23-08,서울도시철도23-08,KR,SEOUL METROPOLITAN CITY SUBWAY BOND23-08,장외,서울도시철도공채증권 23-08,KR2001024D87,서울특별시,Y,16,매우낮은위험(6등급),2026-08-21,4.1084,1471.0,2026-08-21,2.5,국공채,도시철도,10050.0,N,active,N,Y,,,6,1,N
3.8871,4.105,0.0,온오프 겸용,0,고정금리,복리채,도시철도공채,공모,4875530000,0.0,4.071,3.8871,4.3089,16.5777,,,KRW,4.594,5.847,9718.13,3.6646,9718.13,,,,0.0,99,100.0,2026-08-21,2,4802325000.0,2025-05-31,2030-05-31,4.105,16.5436,9719.19,3.6755,9719.19,BUSAN SUBWAY25-05,부산도시철도25-05,KR,BUSAN SUBWAY25-05,장외,부산도시철도공채증권 25-05,KR2006014F52,부산광역시,Y,16,매우낮은위험(6등급),2026-08-21,4.0487,1379.0,2026-08-21,2.5,국공채,도시철도,9730.0,N,active,N,Y,,,6,1,N
3.3576,3.723,0.0,온오프 겸용,0,고정금리,복리채,도시철도공채,공모,9713665000,0.0,3.698,3.3576,3.7531,4.1421,,,KRW,3.968,4.914,10634.56,1.6461,10634.56,,,,0.0,99,100.0,2026-08-21,2,9713665000.0,2023-04-30,2028-04-30,3.723,4.1061,10635.62,1.6497,10635.62,BUSAN SUBWAY23-04,부산도시철도23-04,KR,BUSAN SUBWAY23-04,장외,부산도시철도공채증권 23-04,KR2006024D45,부산광역시,Y,16,매우낮은위험(6등급),2026-08-21,3.5092,618.0,2026-08-21,2.5,국공채,도시철도,10638.0,N,active,N,Y,,,6,1,N
3.3576,3.723,0.0,온오프 겸용,0,고정금리,복리채,지역개발채,공모,84433555000,0.0,3.698,3.3576,3.7531,4.1421,,,KRW,3.968,4.914,10634.56,1.6461,10634.56,,,,0.0,99,100.0,2026-08-21,2,84307875000.0,2023-04-30,2028-04-30,3.723,4.1061,10635.62,1.6497,10635.62,KYUNGKI PROVINCIAL23-04,경기지역개발23-04,KR,KYUNGKI PROVINCIAL DEVELOPMENT23-04,장외,경기지역개발채권 23-04,KR2044022D48,경기도,Y,16,매우낮은위험(6등급),2026-08-21,3.5092,618.0,2026-08-21,2.5,국공채,지역개발,10638.0,N,active,N,Y,,,6,1,N
4.1747,4.237,0.0,온오프 겸용,0,고정금리,복리채,지역개발채,공모,6136725000,0.0,4.199,4.1747,4.5259,22.9206,,,KRW,4.934,6.726,9148.82,4.3871,9148.82,,,,0.0,99,100.0,2026-08-21,2,6064365000.0,2026-02-28,2031-02-28,4.237,22.8791,9149.86,4.4013,9149.86,JUNBUK PROVINCIAL26-02,전북지역개발26-02,KR,JUNBUK PROVINCIAL DEVELOPMENT26-02,장외,전북지역개발채권26-02,KR2055022G25,전라북도,Y,16,매우낮은위험(6등급),2026-08-21,4.3093,1652.0,2026-08-21,2.0,국공채,지역개발,9163.0,N,active,N,Y,,,6,1,N
4.2287,4.275,0.0,온오프 겸용,0,고정금리,복리채,지역개발채,공모,14967740000,0.0,4.236,4.2287,4.5823,24.4856,,,KRW,4.998,6.822,9070.23,4.5476,9070.23,,,,0.0,99,100.0,2026-08-21,2,14908585000.0,2026-04-30,2031-04-30,4.275,24.4481,9071.26,4.5623,9071.26,KYUNGBUK PROVINCIAL26-04,경북지역개발26-04,KR,KYUNGBUK PROVINCIAL DEVELOPMENT26-04,장외,경북지역개발채권 26-04,KR2077022G45,경상북도,Y,16,매우낮은위험(6등급),2026-08-21,4.3642,1713.0,2026-08-21,2.0,국공채,지역개발,9086.0,N,active,N,Y,,,6,1,N
3.9564,4.697,0.0,온오프 겸용,0,고정금리,이표채,일반회사채,공모,232000000000,0.0,4.66,3.9564,4.6304,6.4518,A0,2026-03-10,KRW,4.676,4.879,10012.27,2.3821,10012.27,,,,0.0,99,100.0,2026-08-21,2,232000000000.0,2026-03-10,2029-03-09,4.697,6.4403,10013.55,2.3824,10013.55,KAL115-1,대한항공115-1,KR,KOREAN AIR LINES115-1,장외,대한항공115-1,KR6003491G31,(주)대한항공,Y,14,보통위험(4등급),2026-08-21,4.2146,931.0,2026-08-21,4.39,회사채,일반사채,10021.0,N,active,N,Y,A,6,4,1,N
4.1669,4.329,0.0,온오프 겸용,0,고정금리,이표채,증권금융채(특수금융),공모,200000000000,0.0,4.296,4.1669,4.4428,9.9862,AAA,2019-10-08,KRW,4.925,7.041,9241.89,3.0217,9241.89,,,,0.0,99,100.0,2026-08-21,2,200000000000.0,2019-10-08,2029-10-08,4.329,9.9717,9242.97,3.0225,9242.97,KSF2019-4,증권금융채권2019-4,KR,KOREA SECURITIES FINANCE2019-4,장외,증권금융채권2019-4,KR60288219A3,한국증권금융(주),Y,15,낮은위험(5등급),2026-08-21,4.2726,1144.0,2026-08-21,1.659,회사채,일반사채,9251.0,N,active,N,Y,AAA,1,5,1,N
3.8916,4.449,0.0,온오프 겸용,0,고정금리,이표채,할부금융채,공모,20000000000,0.0,4.432,3.8916,4.4389,0.8392,A+,2025-06-17,KRW,4.6,5.306,9988.73,0.8023,9988.73,,,,0.0,99,100.0,2026-08-21,2,20000000000.0,2025-06-17,2027-06-16,4.449,0.8336,9989.93,0.8011,9989.93,MERITZ CAPITAL279-4,메리츠캐피탈279-4,KR,MERITZ CAPITAL279-4,장외,메리츠캐피탈 279-4,KR6169374F66,메리츠캐피탈(주),Y,14,보통위험(4등급),2026-08-21,4.1013,299.0,2026-08-21,3.535,회사채,일반사채,9990.0,N,active,N,Y,A+,5,4,1,N
,4.343,,,,고정금리,이표채,금융지주회사채,공모,140000000000,,,,,15.0155,AAA,2020-07-09,KRW,,,9060.07,3.7234,9060.07,0.0,,0.0,0.0,99,100.0,2026-08-21,1,140000000000.0,2020-07-09,2030-07-09,4.343,14.9987,9061.13,3.7248,9061.13,HANA FINANCIAL GROUP48-2,하나금융지주48-2,KR,HANA FINANCIAL GROUP48-2,장내,하나금융지주 48-2,KR6086792A79,(주)하나금융지주,N,15,낮은위험(5등급),2026-08-21,,1418.0,,1.646,회사채,일반사채,,N,active,N,Y,AAA,1,5,1,N
,4.449,,,,고정금리,이표채,할부금융채,공모,20000000000,,,,,0.8392,A+,2025-06-17,KRW,,,9988.73,0.8023,9988.73,0.0,,0.0,0.0,99,100.0,2026-08-21,1,20000000000.0,2025-06-17,2027-06-16,4.449,0.8336,9989.93,0.8011,9989.93,MERITZ CAPITAL279-4,메리츠캐피탈279-4,KR,MERITZ CAPITAL279-4,장내,메리츠캐피탈 279-4,KR6169374F66,메리츠캐피탈(주),Y,14,보통위험(4등급),2026-08-21,,299.0,,3.535,회사채,일반사채,,N,active,N,Y,A+,5,4,1,N
,4.882,,,,고정금리,이표채,할부금융채,공모,40000000000,,,,,3.7468,A+,2026-04-13,KRW,,,9980.72,1.8004,9980.72,0.0,,0.0,0.0,99,100.0,2026-08-21,1,40000000000.0,2026-04-13,2028-07-13,4.882,3.7371,9982.04,1.8003,9982.04,MERITZ CAPITAL296-5,메리츠캐피탈296-5,KR,MERITZ CAPITAL296-5,장내,메리츠캐피탈 296-5,KR6169375G49,메리츠캐피탈(주),Y,14,보통위험(4등급),2026-08-21,,692.0,,4.511,회사채,일반사채,,N,active,N,Y,A+,5,4,1,N
,3.281,,,,고정금리,이표채,일반회사채,공모,213000000000,,,,,0.0068,A+,2023-09-06,KRW,,,10112.5,0.0374,10112.5,,,,0.0,99,100.0,2026-08-21,1,213000000000.0,2023-09-06,2026-09-04,3.281,0.005,10113.41,0.0355,10113.41,SK Siltron49-2,SK실트론49-2,KR,SK Siltron49-2,장외,에스케이실트론49-2,KR6029272D91,에스케이실트론(주),Y,14,보통위험(4등급),2026-08-21,,14.0,,5.079,회사채,일반사채,,N,active,N,Y,A+,5,4,1,N
,3.945,,,,고정금리,이표채,일반회사채,공모,30000000000,,,,,1.307,AA+,2020-09-07,KRW,,,9809.91,1.027,9809.91,,,,0.0,99,100.0,2026-08-21,1,30000000000.0,2020-09-07,2027-09-07,3.945,1.301,9810.95,1.0259,9810.95,SK293-2,SK293-2,KR,SK Inc.293-2,장외,SK293-2,KR6034732A98,SK(주),N,15,낮은위험(5등급),2026-08-21,,382.0,,1.736,회사채,일반사채,,N,active,N,Y,AA+,2,5,1,N
,4.069,,,,고정금리,이표채,금융지주회사채,공모,400000000000,,,,,246.784,AA-,2024-09-12,KRW,,,9956.73,6.7249,9956.73,,,,0.0,99,100.0,2026-08-21,1,400000000000.0,2024-09-12,2029-09-12,4.069,246.7209,9957.71,10.1533,9957.71,SHFG CoCo Bond(PWD)16(Hyb-Perp-5Call),신한금융조건부(상)16(신종-영구-5콜),KR,SHINHAN FINANCIAL Contingent Convertible Bond(PWD)16(Hyb-Perp-5Call),장외,신한금융지주 조건부자본증권(상)16(신종-영구-5콜)(조건상각/콜/후),KR6055551E97,(주)신한금융지주회사,N,11,매우높은위험(1등급),2026-08-21,,1118.0,,4.0,회사채,일반사채,,N,active,N,Y,AA-,4,1,1,N
,4.311,,,,고정금리,이표채,금융지주회사채,공모,400000000000,,,,,249.6434,AA-,2026-03-03,KRW,,,9887.89,5.7436,9887.89,,,,0.0,99,100.0,2026-08-21,1,400000000000.0,2026-03-16,2031-03-16,4.311,249.5802,9888.84,7.3269,9888.84,SHFG CoCo Bond(PWD)19(Hyb-Perp-5Call),신한금융조건부(상)19(신종-영구-5콜),KR,SHINHAN FINANCIAL Contingent Convertible Bond(PWD)19(Hyb-Perp-5Call),장외,신한금융지주 조건부자본증권(상) 19(신종-영구-5콜)(조건상각/콜/후),KR6055552G37,(주)신한금융지주회사,N,11,매우높은위험(1등급),2026-08-21,,1668.0,,4.2,회사채,일반사채,,N,active,N,Y,AA-,4,1,1,N
,3.286,,,,고정금리,복리채,국민주택1종,공모,1289267830000,,,,,1.0009,,,KRW,,,10276.82,0.6749,10276.82,,,,0.0,99,100.0,2026-08-21,1,1279324880000.0,2022-04-30,2027-04-30,3.286,0.9656,10277.73,0.6753,10277.73,KNHB (Ⅰ)22-04,국민주택1종22-04,KR,KOREA NATIONAL HOUSING BOND (Ⅰ)22-04,장외,국민주택1종채권 22-04,KR101501DC48,대한민국,Y,16,매우낮은위험(6등급),2026-08-21,,252.0,,1.0,국공채,국민주택,,N,active,N,Y,,,6,1,N
,4.098,,,,고정금리,복리채,국민주택1종,공모,1100662200000,,,,,20.761,,,KRW,,,8849.85,4.1516,8849.85,,,,0.0,99,100.0,2026-08-21,1,1097273880000.0,2025-11-30,2030-11-30,4.098,20.7249,8850.83,4.1644,8850.83,KNHB (Ⅰ)25-11,국민주택1종25-11,KR,KOREA NATIONAL HOUSING BOND (Ⅰ)25-11,장외,국민주택1종채권 25-11,KR101501DFB4,대한민국,Y,16,매우낮은위험(6등급),2026-08-21,,1562.0,,1.0,국공채,국민주택,,N,active,N,Y,,,6,1,N
,3.583,,,,고정금리,복리채,지역개발채,공모,18457785000,,,,,2.624,,,KRW,,,10071.63,1.2446,10071.63,,,,0.0,99,100.0,2026-08-21,1,18279045000.0,2022-11-30,2027-11-30,3.583,2.5901,10072.61,1.2468,10072.61,KANGWON PROVINCIAL22-11,강원지역개발22-11,KR,KANGWON PROVINCIAL DEVELOPMENT22-11,장외,강원지역개발채권 22-11,KR2002012CB6,강원도,Y,16,매우낮은위험(6등급),2026-08-21,,466.0,,1.05,국공채,지역개발,,N,active,N,Y,,,6,1,N
,4.113,,,,고정금리,복리채,지역개발채,공모,11529120000,,,,,17.2456,,,KRW,,,9683.67,3.7437,9683.67,,,,0.0,99,100.0,2026-08-21,1,11401140000.0,2025-06-30,2030-06-30,4.113,17.2166,9684.72,3.7548,9684.72,INCHEON PROVINCIAL25-06,인천지역개발25-06,KR,INCHEON PROVINCIAL DEVELOPMENT25-06,장외,인천지역개발채권 25-06,KR2004022F65,인천광역시,N,16,매우낮은위험(6등급),2026-08-21,,1409.0,,2.5,국공채,지역개발,,N,active,N,Y,,,6,1,N
3.0891,3.827,0.0,온오프 겸용,0,고정금리,이표채,일반회사채,공모,210000000000,0.0,3.811,3.0891,3.7696,0.3771,A0,2025-05-15,KRW,3.651,3.133,10137.95,0.5031,10137.95,,,,0.0,99,100.0,2026-08-21,2,210000000000.0,2024-02-28,2027-02-26,3.827,0.374,10139.0,0.5015,10139.0,KAL106-2,대한항공106-2,KR,KOREAN AIR LINES106-2,장외,대한항공106-2,KR6003492E24,(주)대한항공,Y,14,보통위험(4등급),2026-08-21,3.3498,189.0,2026-08-21,4.499,회사채,일반사채,10138.0,N,active,N,Y,A,6,4,1,N
3.893,4.561,0.0,온오프 겸용,0,고정금리,이표채,일반회사채,공모,63000000000,0.0,4.539,3.893,4.5271,2.9158,A0,2026-04-01,KRW,4.601,4.928,9970.73,1.5794,9970.73,,,,0.0,99,100.0,2026-08-21,2,63000000000.0,2026-04-15,2028-04-14,4.561,2.9068,9971.96,1.579,9971.96,CJ  FRESHWAY16-2,씨제이프레시웨이16-2,KR,CJ  FRESHWAY16-2,장외,씨제이프레시웨이16-2,KR6051502G45,씨제이프레시웨이(주),Y,14,보통위험(4등급),2026-08-21,4.1359,602.0,2026-08-21,4.115,회사채,일반사채,9974.0,N,active,N,Y,A,6,4,1,N
,4.113,,,,고정금리,복리채,지역개발채,공모,8258935000,,,,,17.2456,,,KRW,,,9683.67,3.7437,9683.67,,,,0.0,99,100.0,2026-08-21,1,8244240000.0,2025-06-30,2030-06-30,4.113,17.2166,9684.72,3.7548,9684.72,KWANGJU PROVINCIAL25-06,광주지역개발25-06,KR,KWANGJU PROVINCIAL DEVELOPMENT25-06,장외,광주지역개발채권 25-06,KR2005022F62,전남광주통합특별시,N,16,매우낮은위험(6등급),2026-08-21,,1409.0,,2.5,국공채,지역개발,,N,active,N,Y,,,6,1,N
,3.39,,,,고정금리,복리채,도시철도공채,공모,11117480000,,,,,1.2125,,,KRW,,,10266.15,0.7569,10266.15,,,,0.0,99,100.0,2026-08-21,1,11117480000.0,2022-05-31,2027-05-31,3.39,1.1828,10267.08,0.7575,10267.08,BUSAN SUBWAY22-05,부산도시철도22-05,KR,BUSAN SUBWAY22-05,장외,부산도시철도공채증권 22-05,KR2006014C55,부산광역시,Y,16,매우낮은위험(6등급),2026-08-21,,283.0,,1.05,국공채,도시철도,,N,active,N,Y,,,6,1,N
,4.098,,,,고정금리,복리채,지역개발채,공모,2841375000,,,,,15.9038,,,KRW,,,9753.6,3.5828,9753.6,,,,0.0,99,100.0,2026-08-21,1,2751920000.0,2025-04-30,2030-04-30,4.098,15.8657,9754.66,3.5935,9754.66,BUSAN PROVINCIAL25-04,부산지역개발25-04,KR,BUSAN PROVINCIAL DEVELOPMENT25-04,장외,부산지역개발채권 25-04,KR2006022F45,부산광역시,Y,16,매우낮은위험(6등급),2026-08-21,,1348.0,,2.5,국공채,지역개발,,N,active,N,Y,,,6,1,N
,4.237,,,,고정금리,복리채,지역개발채,공모,6103855000,,,,,22.9206,,,KRW,,,9148.82,4.3871,9148.82,,,,0.0,99,100.0,2026-08-21,1,6068690000.0,2026-02-28,2031-02-28,4.237,22.8791,9149.86,4.4013,9149.86,INCHEON PROVINCIAL26-02,인천지역개발26-02,KR,INCHEON PROVINCIAL DEVELOPMENT26-02,장외,인천지역개발채권 26-02,KR2004022G23,인천광역시,N,16,매우낮은위험(6등급),2026-08-21,,1652.0,,2.0,국공채,지역개발,,N,active,N,Y,,,6,1,N
,4.256,,,,고정금리,복리채,지역개발채,공모,7859640000,,,,,23.7082,,,KRW,,,9108.95,4.4688,9108.95,,,,0.0,99,100.0,2026-08-21,1,7835235000.0,2026-03-31,2031-03-31,4.256,23.6679,9109.99,4.4832,9109.99,INCHEON PROVINCIAL26-03,인천지역개발26-03,KR,INCHEON PROVINCIAL DEVELOPMENT26-03,장외,인천지역개발채권 26-03,KR2004022G31,인천광역시,N,16,매우낮은위험(6등급),2026-08-21,,1683.0,,2.0,국공채,지역개발,,N,active,N,Y,,,6,1,N
,3.336,,,,고정금리,복리채,지역개발채,공모,7804695000,,,,,1.0,,,KRW,,,10298.82,0.6746,10298.82,,,,0.0,99,100.0,2026-08-21,1,7792805000.0,2022-04-30,2027-04-30,3.336,0.9648,10299.74,0.675,10299.74,KWANGJU PROVINCIAL22-04,광주지역개발22-04,KR,KWANGJU PROVINCIAL DEVELOPMENT22-04,장외,광주지역개발채권 22-04,KR2005022C40,전남광주통합특별시,Y,16,매우낮은위험(6등급),2026-08-21,,252.0,,1.05,국공채,지역개발,,N,active,N,Y,,,6,1,N
,3.847,,,,고정금리,복리채,도시철도공채,공모,5679540000,,,,,6.4381,,,KRW,,,10413.31,2.1343,10413.31,,,,0.0,99,100.0,2026-08-21,1,5675655000.0,2023-10-31,2028-10-31,3.847,6.4085,10414.39,2.1395,10414.39,BUSAN SUBWAY23-10,부산도시철도23-10,KR,BUSAN SUBWAY23-10,장외,부산도시철도공채증권 23-10,KR2006014DA8,부산광역시,Y,16,매우낮은위험(6등급),2026-08-21,,802.0,,2.5,국공채,도시철도,,N,active,N,Y,,,6,1,N
,3.336,,,,고정금리,복리채,도시철도공채,공모,4718035000,,,,,1.0,,,KRW,,,10298.82,0.6746,10298.82,,,,0.0,99,100.0,2026-08-21,1,4718035000.0,2022-04-30,2027-04-30,3.336,0.9648,10299.74,0.675,10299.74,DAEGU SUBWAY22-04,대구도시철도22-04,KR,DAEGU SUBWAY22-04,장외,대구도시철도공채증권22-04,KR2007024C44,대구광역시,Y,16,매우낮은위험(6등급),2026-08-21,,252.0,,1.05,국공채,도시철도,,N,active,N,Y,,,6,1,N
,3.612,,,,고정금리,복리채,도시철도공채,공모,6621455000,,,,,2.8988,,,KRW,,,10037.51,1.3273,10037.51,,,,0.0,99,100.0,2026-08-21,1,6621455000.0,2022-12-31,2027-12-31,3.612,2.8607,10038.5,1.3299,10038.5,DAEGU SUBWAY22-12,대구도시철도22-12,KR,DAEGU SUBWAY22-12,장외,대구도시철도공채증권22-12,KR2007024CC4,대구광역시,Y,16,매우낮은위험(6등급),2026-08-21,,497.0,,1.05,국공채,도시철도,,N,active,N,Y,,,6,1,N
,3.858,,,,고정금리,복리채,지역개발채,공모,8701895000,,,,,6.8382,,,KRW,,,10378.27,2.2144,10378.27,,,,0.0,99,100.0,2026-08-21,1,8696405000.0,2023-11-30,2028-11-30,3.858,6.8033,10379.36,2.2201,10379.36,ULSAN PROVINCIAL23-11,울산지역개발23-11,KR,ULSAN PROVINCIAL DEVELOPMENT23-11,장외,울산지역개발채권 23-11,KR2008012DB8,울산광역시,Y,16,매우낮은위험(6등급),2026-08-21,,832.0,,2.5,국공채,지역개발,,N,active,N,Y,,,6,1,N
,3.973,,,,고정금리,복리채,지역개발채,공모,14645600000,,,,,9.6294,,,KRW,,,10152.91,2.6967,10152.91,,,,0.0,99,100.0,2026-08-21,1,14523260000.0,2024-05-31,2029-05-31,3.973,9.5969,10153.98,2.7041,10153.98,CHUNGBUK PROVINCIAL24-05,충북지역개발24-05,KR,CHUNGBUK PROVINCIAL DEVELOPMENT24-05,장외,충북지역개발채권 24-05,KR2033022E57,충청북도,Y,16,매우낮은위험(6등급),2026-08-21,,1014.0,,2.5,국공채,지역개발,,N,active,N,Y,,,6,1,N
,4.201,,,,고정금리,복리채,지역개발채,공모,25414810000,,,,,21.467,,,KRW,,,9224.26,4.2313,9224.26,,,,0.0,99,100.0,2026-08-21,1,25044820000.0,2025-12-31,2030-12-31,4.201,21.4266,9225.31,4.2447,9225.31,CHUNGBUK PROVINCIAL25-12,충북지역개발25-12,KR,CHUNGBUK PROVINCIAL DEVELOPMENT25-12,장외,충북지역개발채권 25-12,KR2033022FC9,충청북도,Y,16,매우낮은위험(6등급),2026-08-21,,1593.0,,2.0,국공채,지역개발,,N,active,N,Y,,,6,1,N
,4.885,,,,고정금리,이표채,일반회사채,공모,63000000000,,,,,11.362,A0,2025-05-15,KRW,,,9735.44,3.1939,9735.44,,,,0.0,99,100.0,2026-08-21,1,63000000000.0,2025-01-31,2030-01-31,4.885,11.3476,9736.72,3.1952,9736.72,KAL110-2,대한항공110-2,KR,KOREAN AIR LINES110-2,장외,대한항공110-2,KR6003492F15,(주)대한항공,Y,14,보통위험(4등급),2026-08-21,,1259.0,,3.975,회사채,일반사채,,N,active,N,Y,A,6,4,1,N
,4.078,,,,고정금리,복리채,지역개발채,공모,13949110000,,,,,14.0647,,,KRW,,,9856.02,3.3469,9856.02,,,,0.0,99,100.0,2026-08-21,1,13818365000.0,2025-01-31,2030-01-31,4.078,14.0228,9857.11,3.3569,9857.11,CHUNNAM PROVINCIAL25-01,전남지역개발25-01,KR,CHUNNAM PROVINCIAL DEVELOPMENT25-01,장외,전남지역개발채권 25-01,KR2066012F17,전남광주통합특별시,Y,16,매우낮은위험(6등급),2026-08-21,,1259.0,,2.5,국공채,지역개발,,N,active,N,Y,,,6,1,N
,4.201,,,,고정금리,복리채,지역개발채,공모,6785265000,,,,,21.467,,,KRW,,,9224.26,4.2313,9224.26,,,,0.0,99,100.0,2026-08-21,1,6652010000.0,2025-12-31,2030-12-31,4.201,21.4266,9225.31,4.2447,9225.31,CHEJU PROVINCIAL25-12,제주지역개발25-12,KR,CHEJU PROVINCIAL DEVELOPMENT25-12,장외,제주지역개발채권 25-12,KR2099022FC0,제주도,N,16,매우낮은위험(6등급),2026-08-21,,1593.0,,2.0,국공채,지역개발,,N,active,N,Y,,,6,1,N
,4.335,,,,고정금리,이표채,할부금융채,공모,10000000000,,,,,0.5697,A+,2025-03-20,KRW,,,10031.02,0.6486,10031.02,,,,0.0,99,100.0,2026-08-21,1,10000000000.0,2025-03-20,2027-04-19,4.335,0.5626,10032.2,0.6472,10032.2,MERITZ CAPITAL275-2,메리츠캐피탈275-2,KR,MERITZ CAPITAL275-2,장외,메리츠캐피탈275-2,KR6169378F39,메리츠캐피탈(주),N,14,보통위험(4등급),2026-08-21,,241.0,,3.826,회사채,일반사채,,N,active,N,Y,A+,5,4,1,N
,3.971,,,,고정금리,이표채,일반회사채,공모,130000000000,,,,,0.2646,A+,2024-01-22,KRW,,,10071.53,0.4119,10071.53,,,,0.0,99,100.0,2026-08-21,1,130000000000.0,2024-01-22,2027-01-22,3.971,0.2602,10072.61,0.4102,10072.61,SK IPC25-2,에스케이인천석유화학25-2,KR,SK INCHEON PETROCHEMICAL25-2,장외,에스케이인천석유화학25-2,KR6181652E16,SK인천석유화학(주),Y,14,보통위험(4등급),2026-08-21,,154.0,,4.768,회사채,일반사채,,N,active,N,Y,A+,5,4,1,N
,3.852,,,,고정금리,이표채,할부금융채,공모,50000000000,,,,,0.0,A0,2025-02-21,KRW,,,10104.27,0.0,10104.27,,,,0.0,99,100.0,2026-08-21,1,50000000000.0,2025-02-21,2026-08-21,3.845,0.0,10104.27,0.0,10104.27,KIC123-1,한국투자캐피탈123-1,KR,Korea Investment Capital123-1,장외,한국투자캐피탈123-1,KR6214341F29,한국투자캐피탈(주),N,14,보통위험(4등급),2026-08-21,,0.0,,4.171,회사채,일반사채,,N,matured,Y,N,A,6,4,1,N
3.3181,3.776,0.0,온오프 겸용,0,고정금리,이표채,국고채권,공모,18484000000000,0.0,3.738,3.3181,3.7479,5.9578,,,KRW,3.922,4.685,9829.06,2.2042,9829.06,,,,0.0,99,100.0,2026-08-21,2,19309000000000.0,2025-12-10,2028-12-10,3.776,5.9401,9830.06,2.2058,9830.06,KTB02750-2812(25-10),국고02750-2812(25-10),KR,KOREA TREASURY BOND02750-2812(25-10),장외,국고채권 02750-2812(25-10),KR103501GFC3,대한민국,Y,16,매우낮은위험(6등급),2026-08-21,3.4828,842.0,2026-08-21,2.75,국공채,국고채,9837.0,N,active,N,Y,,,6,1,N
4.6503,4.458,0.0,온오프 겸용,0,고정금리,복리채,도시철도공채,공모,37509755000,0.0,4.416,4.6503,5.0218,48.2422,,,KRW,5.496,7.579,8511.46,6.5595,8511.46,,,,0.0,99,100.0,2026-08-21,2,37321720000.0,2026-05-31,2033-05-31,4.458,48.2029,8512.47,6.5821,8512.47,SEOUL SUBWAY26-05,서울도시철도26-05,KR,SEOUL METROPOLITAN CITY SUBWAY BOND26-05,장외,서울도시철도공채증권 26-05,KR2001024G50,서울특별시,Y,16,매우낮은위험(6등급),2026-08-21,4.7926,2475.0,2026-08-21,2.0,국공채,도시철도,8534.0,N,active,N,Y,,,6,1,N
3.5498,3.878,0.0,온오프 겸용,0,고정금리,복리채,지역개발채,공모,9869840000,0.0,3.841,3.5498,3.9541,7.7215,,,KRW,4.195,5.256,10306.47,2.3796,10306.47,,,,0.0,99,100.0,2026-08-21,2,9833865000.0,2024-01-31,2029-01-31,3.878,7.6808,10307.55,2.386,10307.55,ULSAN PROVINCIAL24-01,울산지역개발24-01,KR,ULSAN PROVINCIAL DEVELOPMENT24-01,장외,울산지역개발채권 24-01,KR2008012E10,울산광역시,Y,16,매우낮은위험(6등급),2026-08-21,3.7047,894.0,2026-08-21,2.5,국공채,지역개발,10315.0,N,active,N,Y,,,6,1,N
3.3272,3.501,0.0,온오프 겸용,0,고정금리,복리채,지역개발채,공모,15225945000,0.0,3.489,3.3272,3.4929,1.9315,,,KRW,3.932,5.861,10169.88,1.0008,10169.88,,,,0.0,99,100.0,2026-08-21,2,15195125000.0,2022-08-31,2027-08-31,3.501,1.9227,10170.86,1.0018,10170.86,CHUNGNAM PROVINCIAL22-08,충남지역개발22-08,KR,CHUNGNAM PROVINCIAL DEVELOPMENT22-08,장외,충남지역개발채권 22-08,KR2022022C86,충청남도,N,16,매우낮은위험(6등급),2026-08-21,3.3907,375.0,2026-08-21,1.05,국공채,지역개발,10171.0,N,active,N,Y,,,6,1,N
3.382,3.528,0.0,온오프 겸용,0,고정금리,복리채,지역개발채,공모,100451620000,0.0,3.514,3.5302,3.5302,2.1407,,,KRW,3.997,5.984,10137.76,1.0813,10137.76,,,,0.0,99,100.0,2026-08-21,2,100280870000.0,2022-09-30,2027-09-30,3.528,2.1214,10138.74,1.0827,10138.74,KYUNGKI PROVINCIAL22-09,경기지역개발22-09,KR,KYUNGKI PROVINCIAL DEVELOPMENT22-09,장외,경기지역개발채권 22-09,KR2044022C98,경기도,Y,16,매우낮은위험(6등급),2026-08-21,3.4455,405.0,2026-08-21,1.05,국공채,지역개발,10139.0,N,active,N,Y,,,6,1,N
3.8619,4.091,0.0,온오프 겸용,0,고정금리,복리채,지역개발채,공모,21069075000,0.0,4.057,3.8619,4.2816,15.2679,,,KRW,4.564,5.806,9788.12,3.5034,9788.12,,,,0.0,99,100.0,2026-08-21,2,20983565000.0,2025-03-31,2030-03-31,4.091,15.2271,9789.19,3.5139,9789.19,KYUNGBUK PROVINCIAL25-03,경북지역개발25-03,KR,KYUNGBUK PROVINCIAL DEVELOPMENT25-03,장외,경북지역개발채권 25-03,KR2077022F38,경상북도,Y,16,매우낮은위험(6등급),2026-08-21,4.0227,1318.0,2026-08-21,2.5,국공채,지역개발,9799.0,N,active,N,Y,,,6,1,N
,3.837,,,,고정금리,복리채,도시철도공채,공모,7711230000,,,,,6.0435,,,KRW,,,10449.26,2.0513,10449.26,,,,0.0,99,100.0,2026-08-21,1,7703155000.0,2023-09-30,2028-09-30,3.837,6.0217,10450.36,2.0561,10450.36,BUSAN SUBWAY23-09,부산도시철도23-09,KR,BUSAN SUBWAY23-09,장외,부산도시철도공채증권 23-09,KR2006024D94,부산광역시,Y,16,매우낮은위험(6등급),2026-08-21,,771.0,,2.5,국공채,도시철도,,N,active,N,Y,,,6,1,N
,3.427,,,,고정금리,복리채,도시철도공채,공모,5055730000,,,,,1.4363,,,KRW,,,10235.21,0.8365,10235.21,,,,0.0,99,100.0,2026-08-21,1,5055730000.0,2022-06-30,2027-06-30,3.427,1.4135,10236.15,0.8372,10236.15,DAEGU SUBWAY22-06,대구도시철도22-06,KR,DAEGU SUBWAY22-06,장외,대구도시철도공채증권 22-06,KR2007024C69,대구광역시,Y,16,매우낮은위험(6등급),2026-08-21,,313.0,,1.05,국공채,도시철도,,N,active,N,Y,,,6,1,N
,3.557,,,,고정금리,복리채,도시철도공채,공모,3093020000,,,,,2.3767,,,KRW,,,10104.19,1.1643,10104.19,,,,0.0,99,100.0,2026-08-21,1,3093020000.0,2022-10-31,2027-10-31,3.557,2.3489,10105.17,1.1662,10105.17,DAEGU SUBWAY22-10,대구도시철도22-10,KR,DAEGU SUBWAY22-10,장외,대구도시철도공채증권 22-10,KR2007024CA8,대구광역시,Y,16,매우낮은위험(6등급),2026-08-21,,436.0,,1.05,국공채,도시철도,,N,active,N,Y,,,6,1,N
,3.723,,,,고정금리,복리채,도시철도공채,공모,3673910000,,,,,4.1421,,,KRW,,,10634.56,1.6461,10634.56,,,,0.0,99,100.0,2026-08-21,1,3673910000.0,2023-04-30,2028-04-30,3.723,4.1061,10635.62,1.6497,10635.62,DAEGU SUBWAY23-04,대구도시철도23-04,KR,DAEGU SUBWAY23-04,장외,대구도시철도공채증권 23-04,KR2007024D43,대구광역시,Y,16,매우낮은위험(6등급),2026-08-21,,618.0,,2.5,국공채,도시철도,,N,active,N,Y,,,6,1,N
,2.926,,,,고정금리,복리채,지역개발채,공모,9399675000,,,,,0.1464,,,KRW,,,10476.4,0.1907,10476.4,,,,0.0,99,100.0,2026-08-21,1,9386655000.0,2021-10-31,2026-10-31,2.926,0.1203,10477.23,0.1895,10477.23,ULSAN PROVINCIAL21-10,울산지역개발21-10,KR,ULSAN PROVINCIAL DEVELOPMENT21-10,장외,울산지역개발채권 21-10,KR2008012BA4,울산광역시,Y,16,매우낮은위험(6등급),2026-08-21,,71.0,,1.05,국공채,지역개발,,N,active,N,Y,,,6,1,N
,3.723,,,,고정금리,복리채,지역개발채,공모,10699535000,,,,,4.1421,,,KRW,,,10634.56,1.6461,10634.56,,,,0.0,99,100.0,2026-08-21,1,10685155000.0,2023-04-30,2028-04-30,3.723,4.1061,10635.62,1.6497,10635.62,ULSAN PROVINCIAL23-04,울산지역개발23-04,KR,ULSAN PROVINCIAL DEVELOPMENT23-04,장외,울산지역개발채권 23-04,KR2008012D45,울산광역시,Y,16,매우낮은위험(6등급),2026-08-21,,618.0,,2.5,국공채,지역개발,,N,active,N,Y,,,6,1,N
,4.165,,,,고정금리,복리채,지역개발채,공모,12266950000,,,,,20.0291,,,KRW,,,9302.0,4.0696,9302.0,,,,0.0,99,100.0,2026-08-21,1,12182860000.0,2025-10-31,2030-10-31,4.165,19.9958,9303.05,4.082,9303.05,CHUNGBUK PROVINCIAL25-10,충북지역개발25-10,KR,CHUNGBUK PROVINCIAL DEVELOPMENT25-10,장외,충북지역개발채권 25-10,KR2033022FA3,충청북도,Y,16,매우낮은위험(6등급),2026-08-21,,1532.0,,2.0,국공채,지역개발,,N,active,N,Y,,,6,1,N
,4.064,,,,고정금리,복리채,지역개발채,공모,65452700000,,,,,12.8697,,,KRW,,,9927.77,3.1819,9927.77,,,,0.0,99,100.0,2026-08-21,1,65376070000.0,2024-11-30,2029-11-30,4.064,12.8327,9928.86,3.1911,9928.86,KYUNGKI PROVINCIAL24-11,경기지역개발24-11,KR,KYUNGKI PROVINCIAL DEVELOPMENT24-11,장외,경기지역개발채권 24-11,KR2044022EB1,경기도,Y,16,매우낮은위험(6등급),2026-08-21,,1197.0,,2.5,국공채,지역개발,,N,active,N,Y,,,6,1,N
,4.084,,,,고정금리,복리채,지역개발채,공모,63729330000,,,,,14.6277,,,KRW,,,9823.67,3.4213,9823.67,,,,0.0,99,100.0,2026-08-21,1,63534475000.0,2025-02-28,2030-02-28,4.084,14.5857,9824.75,3.4315,9824.75,KYUNGKI PROVINCIAL25-02,경기지역개발25-02,KR,KYUNGKI PROVINCIAL DEVELOPMENT25-02,장외,경기지역개발채권 25-02,KR2044022F20,경기도,Y,16,매우낮은위험(6등급),2026-08-21,,1287.0,,2.5,국공채,지역개발,,N,active,N,Y,,,6,1,N
,3.336,,,,고정금리,복리채,지역개발채,공모,13159280000,,,,,1.0,,,KRW,,,10298.82,0.6746,10298.82,,,,0.0,99,100.0,2026-08-21,1,13132565000.0,2022-04-30,2027-04-30,3.336,0.9648,10299.74,0.675,10299.74,JUNBUK PROVINCIAL22-04,전북지역개발22-04,KR,JUNBUK PROVINCIAL DEVELOPMENT22-04,장외,전북지역개발채권22-04,KR2055022C45,전라북도,Y,16,매우낮은위험(6등급),2026-08-21,,252.0,,1.05,국공채,지역개발,,N,active,N,Y,,,6,1,N
,3.612,,,,고정금리,복리채,지역개발채,공모,23812520000,,,,,2.8988,,,KRW,,,10037.51,1.3273,10037.51,,,,0.0,99,100.0,2026-08-21,1,23759915000.0,2022-12-31,2027-12-31,3.612,2.8607,10038.5,1.3299,10038.5,JUNBUK PROVINCIAL22-12,전북지역개발22-12,KR,JUNBUK PROVINCIAL DEVELOPMENT22-12,장외,전북지역개발채권22-12,KR2055022CC9,전라북도,Y,16,매우낮은위험(6등급),2026-08-21,,497.0,,1.05,국공채,지역개발,,N,active,N,Y,,,6,1,N
,4.071,,,,고정금리,복리채,지역개발채,공모,25388345000,,,,,13.4582,,,KRW,,,9891.91,3.2645,9891.91,,,,0.0,99,100.0,2026-08-21,1,25183640000.0,2024-12-31,2029-12-31,4.071,13.4179,9892.99,3.2741,9892.99,CHUNNAM PROVINCIAL24-12,전남지역개발24-12,KR,CHUNNAM PROVINCIAL DEVELOPMENT24-12,장외,전남지역개발채권 24-12,KR2066022EC2,전남광주통합특별시,Y,16,매우낮은위험(6등급),2026-08-21,,1228.0,,2.5,국공채,지역개발,,N,active,N,Y,,,6,1,N
,4.375,,,,고정금리,이표채,일반특수법인채,공모,100000000000,,,,,24.2503,AAA,2017-02-09,KRW,,,8758.49,4.659,8758.49,,,,0.0,99,100.0,2026-08-21,1,100000000000.0,2016-07-21,2031-07-21,4.375,24.2279,8759.51,4.6656,8759.51,KOREA WATER RESOURC214,한국수자원공사214,KR,KOREA WATER RESOURCES214,장외,한국수자원공사채권 214,KR350901G671,한국수자원공사,Y,16,매우낮은위험(6등급),2026-08-21,,1795.0,,1.513,특수채,공사채,,N,active,N,Y,AAA,1,6,1,N
,4.4,,,,고정금리,이표채,일반특수법인채,공모,70000000000,,,,,25.2255,AAA,2012-03-08,KRW,,,9991.21,4.8052,9991.21,,,,0.0,99,100.0,2026-08-21,1,70000000000.0,2012-01-16,2032-01-16,4.4,25.2058,9992.38,4.8046,9992.38,KOREA L&H96,토지주택채권96,KR,KOREA LAND & HOUSNG CORPORATION96,장외,토지주택채권96,KR3561057216,한국토지주택공사,N,16,매우낮은위험(6등급),2026-08-21,,1974.0,,4.37,특수채,공사채,,N,active,N,Y,AAA,1,6,1,N
,3.742,,,,고정금리,이표채,할부금융채,공모,90000000000,,,,,0.5291,AA+,2024-04-08,KRW,,,10042.1,0.6187,10042.1,0.0,,0.0,0.0,99,100.0,2026-08-21,1,90000000000.0,2024-04-08,2027-04-08,3.742,0.5237,10043.12,0.6172,10043.12,HYUNDAI CAPITAL2015-2(G),현대캐피탈2015-2(녹),KR,HYUNDAI CAPITAL SERVICES2015-2(G),장내,현대캐피탈2015-2(녹),KR6029882E43,현대캐피탈(주),Y,15,낮은위험(5등급),2026-08-21,,230.0,,3.71,회사채,일반사채,,N,active,N,Y,AA+,2,5,1,N
,3.528,,,,고정금리,복리채,지역개발채,공모,3014765000,,,,,2.1407,,,KRW,,,10137.76,1.0813,10137.76,,,,0.0,99,100.0,2026-08-21,1,3014705000.0,2022-09-30,2027-09-30,3.528,2.1214,10138.74,1.0827,10138.74,SEJONG PROVINCIAL22-09,세종지역개발22-09,KR,SEJONG PROVINCIAL DEVELOPMENT22-09,장외,세종지역개발채권22-09,KR2101012C98,세종특별자치시,Y,16,매우낮은위험(6등급),2026-08-21,,405.0,,1.05,국공채,지역개발,,N,active,N,Y,,,6,1,N
,3.464,,,,고정금리,복리채,지역개발채,공모,7324930000,,,,,1.6857,,,KRW,,,10202.86,0.9185,10202.86,,,,0.0,99,100.0,2026-08-21,1,7323460000.0,2022-07-31,2027-07-31,3.464,1.6718,10203.8,0.9193,10203.8,KWANGJU PROVINCIAL22-07,광주지역개발22-07,KR,KWANGJU PROVINCIAL DEVELOPMENT22-07,장외,광주지역개발채권 22-07,KR2005022C73,전남광주통합특별시,N,16,매우낮은위험(6등급),2026-08-21,,344.0,,1.05,국공채,지역개발,,N,active,N,Y,,,6,1,N
,4.293,,,,고정금리,복리채,지역개발채,공모,5313420000,,,,,25.3051,,,KRW,,,9030.69,4.6289,9030.69,,,,0.0,99,100.0,2026-08-21,1,5301675000.0,2026-05-31,2031-05-31,4.293,25.2707,9031.71,4.6439,9031.71,KWANGJU PROVINCIAL26-05,광주지역개발26-05,KR,KWANGJU PROVINCIAL DEVELOPMENT26-05,장외,광주지역개발채권 26-05,KR2005022G53,전남광주통합특별시,N,16,매우낮은위험(6등급),2026-08-21,,1744.0,,2.0,국공채,지역개발,,N,active,N,Y,,,6,1,N
,3.868,,,,고정금리,복리채,지역개발채,공모,4879110000,,,,,7.2705,,,KRW,,,10342.37,2.2971,10342.37,,,,0.0,99,100.0,2026-08-21,1,4879110000.0,2023-12-31,2028-12-31,3.868,7.2317,10343.45,2.3032,10343.45,DAEGU PROVINCIAL23-12,대구지역개발23-12,KR,DAEGU PROVINCIAL DEVELOPMENT23-12,장외,대구지역개발채권 23-12,KR2007012DC7,대구광역시,N,16,매우낮은위험(6등급),2026-08-21,,863.0,,2.5,국공채,지역개발,,N,active,N,Y,,,6,1,N
,3.892,,,,고정금리,복리채,지역개발채,공모,11681130000,,,,,8.144,,,KRW,,,10272.91,2.454,10272.91,,,,0.0,99,100.0,2026-08-21,1,11576960000.0,2024-02-29,2029-02-28,3.892,8.1032,10273.98,2.4607,10273.98,CHUNGNAM PROVINCIAL24-02,충남지역개발24-02,KR,CHUNGNAM PROVINCIAL DEVELOPMENT24-02,장외,충남지역개발채권 24-02,KR2022022E27,충청남도,Y,16,매우낮은위험(6등급),2026-08-21,,922.0,,2.5,국공채,지역개발,,N,active,N,Y,,,6,1,N
,4.219,,,,고정금리,복리채,지역개발채,공모,12441085000,,,,,22.2233,,,KRW,,,9184.78,4.3133,9184.78,,,,0.0,99,100.0,2026-08-21,1,12355720000.0,2026-01-31,2031-01-31,4.219,22.1816,9185.82,4.327,9185.82,CHUNGNAM PROVINCIAL26-01,충남지역개발26-01,KR,CHUNGNAM PROVINCIAL DEVELOPMENT26-01,장외,충남지역개발채권 26-01,KR2022022G17,충청남도,Y,16,매우낮은위험(6등급),2026-08-21,,1624.0,,2.0,국공채,지역개발,,N,active,N,Y,,,6,1,N
,3.272,,,,고정금리,복리채,지역개발채,공모,108885315000,,,,,0.8125,,,KRW,,,10330.39,0.5949,10330.39,,,,0.0,99,100.0,2026-08-21,1,108631220000.0,2022-03-31,2027-03-31,3.272,0.7737,10331.3,0.595,10331.3,KYUNGKI PROVINCIAL22-03,경기지역개발22-03,KR,KYUNGKI PROVINCIAL DEVELOPMENT22-03,장외,경기지역개발채권 22-03,KR2044022C31,경기도,Y,16,매우낮은위험(6등급),2026-08-21,,222.0,,1.05,국공채,지역개발,,N,active,N,Y,,,6,1,N
,4.091,,,,고정금리,복리채,지역개발채,공모,21745470000,,,,,15.2679,,,KRW,,,9788.12,3.5034,9788.12,,,,0.0,99,100.0,2026-08-21,1,21636885000.0,2025-03-31,2030-03-31,4.091,15.2271,9789.19,3.5139,9789.19,CHUNNAM PROVINCIAL25-03,전남지역개발25-03,KR,CHUNNAM PROVINCIAL DEVELOPMENT25-03,장외,전남지역개발채권 25-03,KR2066022F31,전남광주통합특별시,Y,16,매우낮은위험(6등급),2026-08-21,,1318.0,,2.5,국공채,지역개발,,N,active,N,Y,,,6,1,N
,4.165,,,,고정금리,복리채,지역개발채,공모,13773725000,,,,,20.0291,,,KRW,,,9302.0,4.0696,9302.0,,,,0.0,99,100.0,2026-08-21,1,13710965000.0,2025-10-31,2030-10-31,4.165,19.9958,9303.05,4.082,9303.05,KYUNGBUK PROVINCIAL25-10,경북지역개발25-10,KR,KYUNGBUK PROVINCIAL DEVELOPMENT25-10,장외,경북지역개발채권 25-10,KR2077022FA0,경상북도,Y,16,매우낮은위험(6등급),2026-08-21,,1532.0,,2.0,국공채,지역개발,,N,active,N,Y,,,6,1,N
,3.143,,,,고정금리,복리채,지역개발채,공모,5393725000,,,,,0.4962,,,KRW,,,10390.19,0.4374,10390.19,,,,0.0,99,100.0,2026-08-21,1,5386980000.0,2022-01-31,2027-01-31,3.143,0.4561,10391.07,0.4372,10391.07,KYUNGNAM PROVINCIAL22-01,경남지역개발22-01,KR,KYUNGNAM PROVINCIAL DEVELOPMENT22-01,장외,경남지역개발채권 22-01,KR2088022C12,경상남도,N,16,매우낮은위험(6등급),2026-08-21,,163.0,,1.05,국공채,지역개발,,N,active,N,Y,,,6,1,N
,4.201,,,,고정금리,복리채,지역개발채,공모,1179170000,,,,,21.467,,,KRW,,,9224.26,4.2313,9224.26,,,,0.0,99,100.0,2026-08-21,1,1173200000.0,2025-12-31,2030-12-31,4.201,21.4266,9225.31,4.2447,9225.31,CHANGWON PROVINCIAL25-12,창원지역개발25-12,KR,CHANGWON PROVINCIAL DEVELOPMENT25-12,장외,창원지역개발채권 25-12,KR2100012FC8,창원시청,N,16,매우낮은위험(6등급),2026-08-21,,1593.0,,2.0,국공채,지역개발,,N,active,N,Y,,,6,1,N
,3.39,,,,고정금리,복리채,지역개발채,공모,4057040000,,,,,1.2125,,,KRW,,,10266.15,0.7569,10266.15,,,,0.0,99,100.0,2026-08-21,1,4057040000.0,2022-05-31,2027-05-31,3.39,1.1828,10267.08,0.7575,10267.08,SEJONG PROVINCIAL22-05,세종지역개발22-05,KR,SEJONG PROVINCIAL DEVELOPMENT22-05,장외,세종지역개발채권22-05,KR2101012C56,세종특별자치시,N,16,매우낮은위험(6등급),2026-08-21,,283.0,,1.05,국공채,지역개발,,N,active,N,Y,,,6,1,N
,4.328,,,,고정금리,복리채,지역개발채,공모,1998500000,,,,,26.9639,,,KRW,,,8953.54,4.7885,8953.54,,,,0.0,99,100.0,2026-08-21,1,1982075000.0,2026-07-31,2031-07-31,4.328,26.938,8954.56,4.8037,8954.56,SEJONG PROVINCIAL26-07,세종지역개발26-07,KR,SEJONG PROVINCIAL DEVELOPMENT26-07,장외,세종지역개발채권26-07,KR2101012G78,세종특별자치시,Y,16,매우낮은위험(6등급),2026-08-21,,1805.0,,2.0,국공채,지역개발,,N,active,N,Y,,,6,1,N
,2.998,,,,고정금리,이표채,일반특수법인채,공모,90000000000,,,,,0.0103,AAA,2021-09-03,KRW,,,10083.01,0.0343,10083.01,,,,0.0,99,100.0,2026-08-21,1,90000000000.0,2021-09-03,2026-09-03,2.998,0.007,10083.83,0.0324,10083.83,INCHEON INTER AIR164,인천국제공항공사164,KR,INCHEON INTERNATIONAL AIRPORT164,장외,인천국제공항공사 164,KR352201GB97,인천국제공항공사,N,16,매우낮은위험(6등급),2026-08-21,,13.0,,1.874,특수채,공사채,,N,active,N,Y,AAA,1,6,1,N
,5.152,,,,고정금리,이표채,일반회사채,공모,56000000000,,,,,4.3566,BBB+,2025-09-10,KRW,,,9798.35,1.9488,9798.35,,,,0.0,99,100.0,2026-08-21,1,56000000000.0,2025-09-10,2028-09-08,5.152,4.3467,9799.72,1.9488,9799.72,HANJIN TRNSPT124-2,한진124-2,KR,HANJIN TRANSPORTATION124-2,장외,한진124-2,KR6002322F96,(주)한진,Y,13,다소높은위험(3등급),2026-08-21,,749.0,,3.734,회사채,일반사채,,N,active,N,Y,BBB+,8,3,1,N
,4.762,,,,고정금리,이표채,일반회사채,공모,84000000000,,,,,7.9428,A0,2025-05-15,KRW,,,9904.26,2.6551,9904.26,,,,0.0,99,100.0,2026-08-21,1,84000000000.0,2024-06-25,2029-06-25,4.762,7.93,9905.54,2.6558,9905.54,KAL107-3,대한항공107-3,KR,KOREAN AIR LINES107-3,장외,대한항공107-3,KR6003493E64,(주)대한항공,Y,14,보통위험(4등급),2026-08-21,,1039.0,,4.158,회사채,일반사채,,N,active,N,Y,A,6,4,1,N
,4.241,,,,고정금리,이표채,신용카드채,공모,40000000000,,,,,0.6892,AA-,2024-05-14,KRW,,,9998.52,0.717,9998.52,,,,0.0,99,100.0,2026-08-21,1,40000000000.0,2024-05-14,2027-05-14,4.241,0.6849,9999.66,0.7156,9999.66,LOTTE CARD531-4,롯데카드531-4,KR,LOTTE CARD531-4,장외,롯데카드531-4,KR603062BE51,롯데카드(주),Y,15,낮은위험(5등급),2026-08-21,,266.0,,4.113,회사채,일반사채,,N,active,N,Y,AA-,4,5,1,N
,4.149,,,,고정금리,이표채,일반회사채,공모,39000000000,,,,,1.0284,A-,2025-11-28,KRW,,,9971.27,0.8999,9971.27,,,,0.0,99,100.0,2026-08-21,1,39000000000.0,2025-07-24,2027-07-23,4.149,1.0221,9972.38,0.8987,9972.38,HANWHA OCEAN11-1,한화오션11-1,KR,HANWHA OCEAN11-1,장외,한화오션11-1,KR6042661F75,한화오션(주),Y,14,보통위험(4등급),2026-08-21,,336.0,,3.533,회사채,일반사채,,N,active,N,Y,A-,7,4,1,N
,4.062,,,,고정금리,이표채,금융지주회사채,공모,400000000000,,,,,246.7288,AA-,2025-03-14,KRW,,,9794.61,6.9644,9794.61,,,,0.0,99,100.0,2026-08-21,1,400000000000.0,2025-03-14,2030-03-14,4.062,246.6659,9795.58,10.1462,9795.58,HNFG CoCo Bond(PWD)16,하나금융조건부(상)16,KR,HANA Financial Contingent Convertible Bond(PWD)16,장외,하나금융지주 조건부자본증권(상)16(조건상각/콜/후),KR6086791F34,(주)하나금융지주,N,11,매우높은위험(1등급),2026-08-21,,1301.0,,3.9,회사채,일반사채,,N,active,N,Y,AA-,4,1,1,N
,4.283,,,,고정금리,이표채,금융지주회사채,공모,120000000000,,,,,229.2848,AA-,2024-06-14,KRW,,,9277.83,6.2832,9277.83,,,,0.0,99,100.0,2026-08-21,1,120000000000.0,2021-09-09,2031-09-09,4.283,229.2232,9278.81,7.3623,9278.81,HNFG CoCo Bond(PWD)9-2,하나금융조건부(상)9-2,KR,HANA Financial Contingent Convertible Bond(PWD)9-2,장외,하나금융지주 조건부자본증권(상)9-2(조건상각/콜/후),KR6086792B94,(주)하나금융지주,N,11,매우높은위험(1등급),2026-08-21,,1845.0,,3.77,회사채,일반사채,,N,active,N,Y,AA-,4,1,1,N
,3.143,,,,고정금리,복리채,도시철도공채,공모,59302370000,,,,,0.4962,,,KRW,,,10561.75,0.4374,10561.75,,,,0.0,99,100.0,2026-08-21,1,59215980000.0,2020-01-31,2027-01-31,3.143,0.4561,10562.65,0.4372,10562.65,SEOUL SUBWAY20-01,서울도시철도20-01,KR,SEOUL METROPOLITAN CITY SUBWAY BOND20-01,장외,서울도시철도공채증권20-01,KR2001024A15,서울특별시,Y,16,매우낮은위험(6등급),2026-08-21,,163.0,,1.0,국공채,도시철도,,N,active,N,Y,,,6,1,N
,3.857,,,,고정금리,복리채,도시철도공채,공모,57626435000,,,,,6.8383,,,KRW,,,9824.33,2.2144,9824.33,,,,0.0,99,100.0,2026-08-21,1,57555360000.0,2021-11-30,2028-11-30,3.857,6.8033,9825.36,2.2201,9825.36,SEOUL SUBWAY21-11,서울도시철도21-11,KR,SEOUL METROPOLITAN CITY SUBWAY BOND21-11,장외,서울도시철도공채증권 21-11,KR2001034BB3,서울특별시,Y,16,매우낮은위험(6등급),2026-08-21,,832.0,,1.0,국공채,도시철도,,N,active,N,Y,,,6,1,N
,3.868,,,,고정금리,복리채,지역개발채,공모,23620055000,,,,,7.2705,,,KRW,,,10342.37,2.2971,10342.37,,,,0.0,99,100.0,2026-08-21,1,23209075000.0,2023-12-31,2028-12-31,3.868,7.2317,10343.45,2.3032,10343.45,KANGWON PROVINCIAL23-12,강원지역개발23-12,KR,KANGWON PROVINCIAL DEVELOPMENT23-12,장외,강원지역개발채권 23-12,KR2002022DC1,강원도,Y,16,매우낮은위험(6등급),2026-08-21,,863.0,,2.5,국공채,지역개발,,N,active,N,Y,,,6,1,N
,3.583,,,,고정금리,복리채,지역개발채,공모,7318525000,,,,,2.624,,,KRW,,,10071.63,1.2446,10071.63,,,,0.0,99,100.0,2026-08-21,1,7297360000.0,2022-11-30,2027-11-30,3.583,2.5901,10072.61,1.2468,10072.61,DAEJON PROVINCIAL22-11,대전지역개발22-11,KR,DAEJON PROVINCIAL DEVELOPMENT22-11,장외,대전지역개발채권22-11,KR2003022CB4,대전광역시,N,16,매우낮은위험(6등급),2026-08-21,,466.0,,1.05,국공채,지역개발,,N,active,N,Y,,,6,1,N
,4.025,,,,고정금리,복리채,지역개발채,공모,5440150000,,,,,10.6978,,,KRW,,,10073.08,2.8569,10073.08,,,,0.0,99,100.0,2026-08-21,1,5428610000.0,2024-07-31,2029-07-31,4.025,10.6774,10074.14,2.8644,10074.14,DAEJON PROVINCIAL24-07,대전지역개발24-07,KR,DAEJON PROVINCIAL DEVELOPMENT24-07,장외,대전지역개발채권24-07,KR2003022E76,대전광역시,N,16,매우낮은위험(6등급),2026-08-21,,1075.0,,2.5,국공채,지역개발,,N,active,N,Y,,,6,1,N
,4.057,,,,고정금리,복리채,지역개발채,공모,4854430000,,,,,12.3178,,,KRW,,,9962.74,3.1019,9962.74,,,,0.0,99,100.0,2026-08-21,1,4854430000.0,2024-10-31,2029-10-31,4.057,12.2857,9963.84,3.1106,9963.84,DAEJON PROVINCIAL24-10,대전지역개발24-10,KR,DAEJON PROVINCIAL DEVELOPMENT24-10,장외,대전지역개발채권24-10,KR2003022EA2,대전광역시,N,16,매우낮은위험(6등급),2026-08-21,,1167.0,,2.5,국공채,지역개발,,N,active,N,Y,,,6,1,N
,2.897,,,,고정금리,복리채,지역개발채,공모,7910340000,,,,,0.069,,,KRW,,,10502.69,0.1072,10502.69,,,,0.0,99,100.0,2026-08-21,1,7890820000.0,2021-09-30,2026-09-30,2.897,0.0523,10503.52,0.1057,10503.52,KWANGJU PROVINCIAL21-09,광주지역개발21-09,KR,KWANGJU PROVINCIAL DEVELOPMENT21-09,장외,광주지역개발채권 21-09,KR2005012B92,전남광주통합특별시,Y,16,매우낮은위험(6등급),2026-08-21,,40.0,,1.05,국공채,지역개발,,N,active,N,Y,,,6,1,N
,3.828,,,,고정금리,복리채,지역개발채,공모,6153595000,,,,,5.6803,,,KRW,,,10484.02,1.9708,10484.02,,,,0.0,99,100.0,2026-08-21,1,6153450000.0,2023-08-31,2028-08-31,3.828,5.6679,10485.12,1.9751,10485.12,KWANGJU PROVINCIAL23-08,광주지역개발23-08,KR,KWANGJU PROVINCIAL DEVELOPMENT23-08,장외,광주지역개발채권 23-08,KR2005012D82,전남광주통합특별시,N,16,매우낮은위험(6등급),2026-08-21,,741.0,,2.5,국공채,지역개발,,N,active,N,Y,,,6,1,N
,4.291,,,,고정금리,이표채,할부금융채,공모,100000000000,,,,,0.2387,A0,2025-03-14,KRW,,,10072.16,0.3922,10072.16,,,,0.0,99,100.0,2026-08-21,1,100000000000.0,2025-03-14,2027-01-14,4.291,0.2327,10073.33,0.3906,10073.33,KIC125-1,한국투자캐피탈125-1,KR,Korea Investment Capital125-1,장외,한국투자캐피탈125-1,KR6214341F37,한국투자캐피탈(주),N,14,보통위험(4등급),2026-08-21,,146.0,,4.172,회사채,일반사채,,N,active,N,Y,A,6,4,1,N
,4.177,,,,고정금리,이표채,금융지주회사채,공모,300000000000,,,,,215.6517,AA-,2022-02-17,KRW,,,9880.73,4.8431,9880.73,,,,0.0,99,100.0,2026-08-21,1,300000000000.0,2022-02-17,2027-02-17,4.177,215.5932,9881.77,8.2575,9881.77,WRFG CoCo Bond(PWD)11(HY),우리금융조건부(상)11(신종),KR,WRFG CoCo Bond(PWD)11(HY),장외,우리금융조건부(상)11(신종)(조건상각/콜/후),KR6316141C27,(주)우리금융지주,N,11,매우높은위험(1등급),2026-08-21,,180.0,,4.1,회사채,일반사채,,N,active,N,Y,AA-,4,1,1,N
,4.066,,,,고정금리,이표채,금융지주회사채,공모,400000000000,,,,,242.3939,AA-,2024-10-10,KRW,,,9931.16,6.6992,9931.16,,,,0.0,99,100.0,2026-08-21,1,400000000000.0,2024-10-10,2029-10-10,4.066,242.3315,9932.13,10.0068,9932.13,WRFG CoCo Bond(PWD)18(HY),우리금융조건부(상)18(신종),KR,WRFG CoCo Bond(PWD)18(HY),장외,우리금융조건부(상)18(신종)(조건상각/콜/후),KR6316141EA3,(주)우리금융지주,Y,11,매우높은위험(1등급),2026-08-21,,1146.0,,4.0,회사채,일반사채,,N,active,N,Y,AA-,4,1,1,N
,3.526,,,,고정금리,이표채,국고채권,공모,11020134000000,,,,,1.5308,,,KRW,,,10097.8,1.0174,10097.8,,,,0.0,99,100.0,2026-08-21,1,10492134000000.0,2022-09-10,2027-09-10,3.526,1.5226,10098.77,1.0169,10098.77,KTB03125-2709(22-8),국고03125-2709(22-8),KR,KOREA TREASURY BOND03125-2709(22-8),장외,국고채권 03125-2709(22-8),KR103501GC90,대한민국,Y,16,매우낮은위험(6등급),2026-08-21,,385.0,,3.125,국공채,국고채,,N,active,N,Y,,,6,1,N
,4.291,,,,고정금리,이표채,국고채권,공모,17673540000000,,,,,45.7184,,,KRW,,,9736.64,6.2898,9736.64,,,,0.0,99,100.0,2026-08-21,1,13211540000000.0,2013-12-10,2033-12-10,4.291,45.6884,9737.77,6.2993,9737.77,KTB03750-3312(13-8),국고03750-3312(13-8),KR,KOREA TREASURY BOND03750-3312(13-8),장외,국고채권 03750-3312(13-8),KR103502G3C1,대한민국,Y,16,매우낮은위험(6등급),2026-08-21,,2668.0,,3.75,국공채,국고채,,N,active,N,Y,,,6,1,N
,3.878,,,,고정금리,복리채,도시철도공채,공모,55604445000,,,,,7.7215,,,KRW,,,9756.26,2.3796,9756.26,,,,0.0,99,100.0,2026-08-21,1,55549065000.0,2022-01-31,2029-01-31,3.878,7.6808,9757.28,2.386,9757.28,SEOUL SUBWAY22-01,서울도시철도22-01,KR,SEOUL METROPOLITAN CITY SUBWAY BOND22-01,장외,서울도시철도공채증권 22-01,KR2001024C13,서울특별시,Y,16,매우낮은위험(6등급),2026-08-21,,894.0,,1.0,국공채,도시철도,,N,active,N,Y,,,6,1,N
,3.974,,,,고정금리,복리채,도시철도공채,공모,66127635000,,,,,9.6293,,,KRW,,,9610.83,2.6967,9610.83,,,,0.0,99,100.0,2026-08-21,1,66043030000.0,2022-05-31,2029-05-31,3.974,9.5969,9611.85,2.7041,9611.85,SEOUL SUBWAY22-05,서울도시철도22-05,KR,SEOUL METROPOLITAN CITY SUBWAY BOND22-05,장외,서울도시철도공채증권 22-05,KR2001024C54,서울특별시,Y,16,매우낮은위험(6등급),2026-08-21,,1014.0,,1.0,국공채,도시철도,,N,active,N,Y,,,6,1,N
,4.237,,,,고정금리,복리채,지역개발채,공모,8980690000,,,,,22.9206,,,KRW,,,9148.82,4.3871,9148.82,,,,0.0,99,100.0,2026-08-21,1,8903140000.0,2026-02-28,2031-02-28,4.237,22.8791,9149.86,4.4013,9149.86,KANGWON PROVINCIAL26-02,강원지역개발26-02,KR,KANGWON PROVINCIAL DEVELOPMENT26-02,장외,강원지역개발채권 26-02,KR2002022G27,강원도,N,16,매우낮은위험(6등급),2026-08-21,,1652.0,,2.0,국공채,지역개발,,N,active,N,Y,,,6,1,N
,3.336,,,,고정금리,복리채,지역개발채,공모,6113600000,,,,,1.0,,,KRW,,,10298.82,0.6746,10298.82,,,,0.0,99,100.0,2026-08-21,1,6111905000.0,2022-04-30,2027-04-30,3.336,0.9648,10299.74,0.675,10299.74,DAEJON PROVINCIAL22-04,대전지역개발22-04,KR,DAEJON PROVINCIAL DEVELOPMENT22-04,장외,대전지역개발채권22-04,KR2003022C45,대전광역시,Y,16,매우낮은위험(6등급),2026-08-21,,252.0,,1.05,국공채,지역개발,,N,active,N,Y,,,6,1,N
,3.464,,,,고정금리,복리채,지역개발채,공모,5761550000,,,,,1.6857,,,KRW,,,10202.86,0.9185,10202.86,,,,0.0,99,100.0,2026-08-21,1,5747655000.0,2022-07-31,2027-07-31,3.464,1.6718,10203.8,0.9193,10203.8,DAEJON PROVINCIAL22-07,대전지역개발22-07,KR,DAEJON PROVINCIAL DEVELOPMENT22-07,장외,대전지역개발채권22-07,KR2003022C78,대전광역시,N,16,매우낮은위험(6등급),2026-08-21,,344.0,,1.05,국공채,지역개발,,N,active,N,Y,,,6,1,N
,3.92,,,,고정금리,복리채,지역개발채,공모,6392700000,,,,,8.6272,,,KRW,,,10232.58,2.5359,10232.58,,,,0.0,99,100.0,2026-08-21,1,6358855000.0,2024-03-31,2029-03-31,3.92,8.5877,10233.65,2.5429,10233.65,DAEJON PROVINCIAL24-03,대전지역개발24-03,KR,DAEJON PROVINCIAL DEVELOPMENT24-03,장외,대전지역개발채권24-03,KR2003022E35,대전광역시,N,16,매우낮은위험(6등급),2026-08-21,,953.0,,2.5,국공채,지역개발,,N,active,N,Y,,,6,1,N
,3.858,,,,고정금리,복리채,지역개발채,공모,9644435000,,,,,6.8382,,,KRW,,,10378.27,2.2144,10378.27,,,,0.0,99,100.0,2026-08-21,1,9534515000.0,2023-11-30,2028-11-30,3.858,6.8033,10379.36,2.2201,10379.36,INCHEON PROVINCIAL23-11,인천지역개발23-11,KR,INCHEON PROVINCIAL DEVELOPMENT23-11,장외,인천지역개발채권 23-11,KR2004012DB2,인천광역시,Y,16,매우낮은위험(6등급),2026-08-21,,832.0,,2.5,국공채,지역개발,,N,active,N,Y,,,6,1,N
,3.988,,,,고정금리,복리채,국민주택1종,공모,1298649050000,,,,,16.6144,,,KRW,,,9066.25,3.6677,9066.25,,,,0.0,99,100.0,2026-08-21,1,1295665130000.0,2025-05-31,2030-05-31,3.988,16.5802,9067.21,3.6783,9067.21,KNHB (Ⅰ)25-05,국민주택1종25-05,KR,KOREA NATIONAL HOUSING BOND (Ⅰ)25-05,장외,국민주택1종채권 25-05,KR101501DF52,대한민국,Y,16,매우낮은위험(6등급),2026-08-21,,1379.0,,1.0,국공채,국민주택,,N,active,N,Y,,,6,1,N
,3.827,,,,고정금리,복리채,도시철도공채,공모,56716210000,,,,,5.6804,,,KRW,,,9924.49,1.9708,9924.49,,,,0.0,99,100.0,2026-08-21,1,56689795000.0,2021-08-31,2028-08-31,3.827,5.668,9925.52,1.9751,9925.52,SEOUL SUBWAY21-08,서울도시철도21-08,KR,SEOUL METROPOLITAN CITY SUBWAY BOND21-08,장외,서울도시철도공채증권 21-08,KR2001024B89,서울특별시,Y,16,매우낮은위험(6등급),2026-08-21,,741.0,,1.0,국공채,도시철도,,N,active,N,Y,,,6,1,N
,4.436,,,,고정금리,복리채,도시철도공채,공모,39818670000,,,,,40.8209,,,KRW,,,9027.17,5.9981,9027.17,,,,0.0,99,100.0,2026-08-21,1,39800230000.0,2025-10-31,2032-10-31,4.436,40.7867,9028.26,6.0186,9028.26,SEOUL SUBWAY25-10,서울도시철도25-10,KR,SEOUL METROPOLITAN CITY SUBWAY BOND25-10,장외,서울도시철도공채증권 25-10,KR2001024FA7,서울특별시,Y,16,매우낮은위험(6등급),2026-08-21,,2263.0,,2.5,국공채,도시철도,,N,active,N,Y,,,6,1,N
,3.465,,,,고정금리,복리채,도시철도공채,공모,78568355000,,,,,1.6856,,,KRW,,,10371.33,0.9185,10371.33,,,,0.0,99,100.0,2026-08-21,1,78434485000.0,2020-07-31,2027-07-31,3.465,1.6718,10372.28,0.9193,10372.28,SEOUL SUBWAY20-07,서울도시철도20-07,KR,SEOUL METROPOLITAN CITY SUBWAY BOND20-07,장외,서울도시철도공채증권 20-07,KR2001284A77,서울특별시,Y,16,매우낮은위험(6등급),2026-08-21,,344.0,,1.0,국공채,도시철도,,N,active,N,Y,,,6,1,N
,3.528,,,,고정금리,복리채,도시철도공채,공모,72862510000,,,,,2.1407,,,KRW,,,10305.14,1.0813,10305.14,,,,0.0,99,100.0,2026-08-21,1,72793200000.0,2020-09-30,2027-09-30,3.528,2.1214,10306.14,1.0827,10306.14,SEOUL SUBWAY20-09,서울도시철도20-09,KR,SEOUL METROPOLITAN CITY SUBWAY BOND20-09,장외,서울도시철도공채증권 20-09,KR2001304A99,서울특별시,Y,16,매우낮은위험(6등급),2026-08-21,,405.0,,1.0,국공채,도시철도,,N,active,N,Y,,,6,1,N
,3.612,,,,고정금리,복리채,지역개발채,공모,28623600000,,,,,2.8988,,,KRW,,,10037.51,1.3273,10037.51,,,,0.0,99,100.0,2026-08-21,1,28430980000.0,2022-12-31,2027-12-31,3.612,2.8607,10038.5,1.3299,10038.5,KANGWON PROVINCIAL22-12,강원지역개발22-12,KR,KANGWON PROVINCIAL DEVELOPMENT22-12,장외,강원지역개발채권 22-12,KR2002012CC4,강원도,N,16,매우낮은위험(6등급),2026-08-21,,497.0,,1.05,국공채,지역개발,,N,active,N,Y,,,6,1,N
,4.051,,,,고정금리,복리채,지역개발채,공모,9141890000,,,,,11.7657,,,KRW,,,9998.72,3.019,9998.72,,,,0.0,99,100.0,2026-08-21,1,9110680000.0,2024-09-30,2029-09-30,4.051,11.7405,9999.82,3.0272,9999.82,INCHEON PROVINCIAL24-09,인천지역개발24-09,KR,INCHEON PROVINCIAL DEVELOPMENT24-09,장외,인천지역개발채권 24-09,KR2004022E90,인천광역시,N,16,매우낮은위험(6등급),2026-08-21,,1136.0,,2.5,국공채,지역개발,,N,active,N,Y,,,6,1,N
,3.973,,,,고정금리,복리채,지역개발채,공모,6811410000,,,,,9.6294,,,KRW,,,10152.91,2.6967,10152.91,,,,0.0,99,100.0,2026-08-21,1,6789430000.0,2024-05-31,2029-05-31,3.973,9.5969,10153.98,2.7041,10153.98,KWANGJU PROVINCIAL24-05,광주지역개발24-05,KR,KWANGJU PROVINCIAL DEVELOPMENT24-05,장외,광주지역개발채권 24-05,KR2005022E55,전남광주통합특별시,N,16,매우낮은위험(6등급),2026-08-21,,1014.0,,2.5,국공채,지역개발,,N,active,N,Y,,,6,1,N
,4.13,,,,고정금리,복리채,지역개발채,공모,2136150000,,,,,18.6593,,,KRW,,,9611.9,3.9071,9611.9,,,,0.0,99,100.0,2026-08-21,1,2122645000.0,2025-08-31,2030-08-31,4.13,18.6396,9612.99,3.9185,9612.99,BUSAN PROVINCIAL25-08,부산지역개발25-08,KR,BUSAN PROVINCIAL DEVELOPMENT25-08,장외,부산지역개발채권25-08,KR2006022F86,부산광역시,N,16,매우낮은위험(6등급),2026-08-21,,1471.0,,2.5,국공채,지역개발,,N,active,N,Y,,,6,1,N
,4.237,,,,고정금리,복리채,지역개발채,공모,2400760000,,,,,22.9206,,,KRW,,,9148.82,4.3871,9148.82,,,,0.0,99,100.0,2026-08-21,1,2374040000.0,2026-02-28,2031-02-28,4.237,22.8791,9149.86,4.4013,9149.86,BUSAN PROVINCIAL26-02,부산지역개발26-02,KR,BUSAN PROVINCIAL DEVELOPMENT26-02,장외,부산지역개발채권 26-02,KR2006022G28,부산광역시,N,16,매우낮은위험(6등급),2026-08-21,,1652.0,,2.0,국공채,지역개발,,N,active,N,Y,,,6,1,N
,3.878,,,,고정금리,복리채,지역개발채,공모,13442270000,,,,,7.7215,,,KRW,,,10306.47,2.3796,10306.47,,,,0.0,99,100.0,2026-08-21,1,13397570000.0,2024-01-31,2029-01-31,3.878,7.6808,10307.55,2.386,10307.55,CHUNGBUK PROVINCIAL24-01,충북지역개발24-01,KR,CHUNGBUK PROVINCIAL DEVELOPMENT24-01,장외,충북지역개발채권 24-01,KR2033022E16,충청북도,N,16,매우낮은위험(6등급),2026-08-21,,894.0,,2.5,국공채,지역개발,,N,active,N,Y,,,6,1,N
,3.583,,,,고정금리,복리채,지역개발채,공모,14542890000,,,,,2.624,,,KRW,,,10071.63,1.2446,10071.63,,,,0.0,99,100.0,2026-08-21,1,14481140000.0,2022-11-30,2027-11-30,3.583,2.5901,10072.61,1.2468,10072.61,JUNBUK PROVINCIAL22-11,전북지역개발22-11,KR,JUNBUK PROVINCIAL DEVELOPMENT22-11,장외,전북지역개발채권22-11,KR2055012CB2,전라북도,Y,16,매우낮은위험(6등급),2026-08-21,,466.0,,1.05,국공채,지역개발,,N,active,N,Y,,,6,1,N
,4.105,,,,고정금리,복리채,지역개발채,공모,15641660000,,,,,16.5777,,,KRW,,,9718.13,3.6646,9718.13,,,,0.0,99,100.0,2026-08-21,1,15547470000.0,2025-05-31,2030-05-31,4.105,16.5436,9719.19,3.6755,9719.19,CHUNNAM PROVINCIAL25-05,전남지역개발25-05,KR,CHUNNAM PROVINCIAL DEVELOPMENT25-05,장외,전남지역개발채권 25-05,KR2066022F56,전남광주통합특별시,Y,16,매우낮은위험(6등급),2026-08-21,,1379.0,,2.5,국공채,지역개발,,N,active,N,Y,,,6,1,N
,4.165,,,,고정금리,복리채,지역개발채,공모,11528905000,,,,,20.0291,,,KRW,,,9302.0,4.0696,9302.0,,,,0.0,99,100.0,2026-08-21,1,11519175000.0,2025-10-31,2030-10-31,4.165,19.9958,9303.05,4.082,9303.05,CHUNNAM PROVINCIAL25-10,전남지역개발25-10,KR,CHUNNAM PROVINCIAL DEVELOPMENT25-10,장외,전남지역개발채권 25-10,KR2066022FA3,전남광주통합특별시,Y,16,매우낮은위험(6등급),2026-08-21,,1532.0,,2.0,국공채,지역개발,,N,active,N,Y,,,6,1,N
,3.612,,,,고정금리,복리채,지역개발채,공모,27962620000,,,,,2.8988,,,KRW,,,10037.51,1.3273,10037.51,,,,0.0,99,100.0,2026-08-21,1,27804485000.0,2022-12-31,2027-12-31,3.612,2.8607,10038.5,1.3299,10038.5,KYUNGBUK PROVINCIAL22-12,경북지역개발22-12,KR,KYUNGBUK PROVINCIAL DEVELOPMENT22-12,장외,경북지역개발채권 22-12,KR2077012CC4,경상북도,Y,16,매우낮은위험(6등급),2026-08-21,,497.0,,1.05,국공채,지역개발,,N,active,N,Y,,,6,1,N
,4.275,,,,고정금리,복리채,지역개발채,공모,3397450000,,,,,24.4856,,,KRW,,,9070.23,4.5476,9070.23,,,,0.0,99,100.0,2026-08-21,1,3302465000.0,2026-04-30,2031-04-30,4.275,24.4481,9071.26,4.5623,9071.26,KYUNGNAM PROVINCIAL26-04,경남지역개발26-04,KR,KYUNGNAM PROVINCIAL DEVELOPMENT26-04,장외,경남지역개발채권 26-04,KR2088022G42,경상남도,Y,16,매우낮은위험(6등급),2026-08-21,,1713.0,,2.0,국공채,지역개발,,N,active,N,Y,,,6,1,N
,3.528,,,,고정금리,복리채,지역개발채,공모,2709895000,,,,,2.1407,,,KRW,,,10137.76,1.0813,10137.76,,,,0.0,99,100.0,2026-08-21,1,2705890000.0,2022-09-30,2027-09-30,3.528,2.1214,10138.74,1.0827,10138.74,CHANGWON PROVINCIAL22-09,창원지역개발22-09,KR,CHANGWON PROVINCIAL DEVELOPMENT22-09,장외,창원지역개발채권 22-09,KR2100012C90,창원시청,N,16,매우낮은위험(6등급),2026-08-21,,405.0,,1.05,국공채,지역개발,,N,active,N,Y,,,6,1,N
,4.634,,,,고정금리,이표채,일반회사채,공모,145000000000,,,,,4.9909,A+,2025-10-30,KRW,,,9724.61,2.0997,9724.61,0.0,,0.0,0.0,99,100.0,2026-08-21,1,145000000000.0,2025-10-30,2028-10-30,4.634,4.9804,9725.82,2.0997,9725.82,SK intellix15-2,SK인텔릭스15-2,KR,SK intellix15-2,장내,SK인텔릭스15-2,KR6185452FA9,에스케이인텔릭스(주),Y,14,보통위험(4등급),2026-08-21,,801.0,,3.213,회사채,일반사채,,N,active,N,Y,A+,5,4,1,N
3.2583,3.824,0.0,온오프 겸용,0,고정금리,이표채,국고채권,공모,13035000000000,0.0,3.789,3.2583,3.7583,7.0698,,,KRW,3.851,4.259,10006.02,2.401,10006.02,,,,0.0,99,100.0,2026-08-21,2,13672000000000.0,2024-03-10,2029-03-10,3.824,7.0564,10007.05,2.4029,10007.05,KTB03250-2903(24-1),국고03250-2903(24-1),KR,KOREA TREASURY BOND03250-2903(24-1),장외,국고채권 03250-2903(24-1),KR103501GE31,대한민국,Y,16,매우낮은위험(6등급),2026-08-21,3.4499,932.0,2026-08-21,3.25,국공채,국고채,10014.0,N,active,N,Y,,,6,1,N
3.6433,4.37,0.0,온오프 겸용,0,고정금리,이표채,국고채권,공모,12393000000000,0.0,4.322,3.6433,4.2957,74.1426,,,KRW,4.306,4.354,9987.64,7.9136,9987.64,,,,0.0,99,100.0,2026-08-21,2,11539000000000.0,2026-06-10,2036-06-10,4.37,74.1074,9988.82,7.9261,9988.82,KTB04250-3606(26-6),국고04250-3606(26-6),KR,KOREA TREASURY BOND04250-3606(26-6),장외,국고채권 04250-3606(26-6),KR103503GG60,대한민국,Y,16,매우낮은위험(6등급),2026-08-21,3.8932,3581.0,2026-08-21,4.25,국공채,국고채,10025.0,N,active,N,Y,,,6,1,N
4.0364,4.183,0.0,온오프 겸용,0,고정금리,복리채,도시철도공채,공모,48174055000,0.0,4.147,4.0364,4.4419,20.7277,,,KRW,4.771,6.215,9912.95,4.1492,9912.95,,,,0.0,99,100.0,2026-08-21,2,48071790000.0,2023-11-30,2030-11-30,4.183,20.6903,9914.07,4.1621,9914.07,SEOUL SUBWAY23-11,서울도시철도23-11,KR,SEOUL METROPOLITAN CITY SUBWAY BOND23-11,장외,서울도시철도공채증권 23-11,KR2001024DB0,서울특별시,Y,16,매우낮은위험(6등급),2026-08-21,4.1917,1562.0,2026-08-21,2.5,국공채,도시철도,9927.0,N,active,N,Y,,,6,1,N
3.6065,3.92,0.0,온오프 겸용,0,고정금리,복리채,도시철도공채,공모,7512600000,0.0,3.884,3.6065,4.0129,8.6272,,,KRW,4.263,5.359,10232.58,2.5359,10232.58,,,,0.0,99,100.0,2026-08-21,2,7475185000.0,2024-03-31,2029-03-31,3.92,8.5877,10233.65,2.5429,10233.65,BUSAN SUBWAY24-03,부산도시철도24-03,KR,BUSAN SUBWAY24-03,장외,부산도시철도공채증권 24-03,KR2006014E38,부산광역시,Y,16,매우낮은위험(6등급),2026-08-21,3.7622,953.0,2026-08-21,2.5,국공채,도시철도,10241.0,N,active,N,Y,,,6,1,N
4.2287,4.275,0.0,온오프 겸용,0,고정금리,복리채,지역개발채,공모,1860890000,0.0,4.236,4.2287,4.5823,24.4856,,,KRW,4.998,6.822,9070.23,4.5476,9070.23,,,,0.0,99,100.0,2026-08-21,2,1860890000.0,2026-04-30,2031-04-30,4.275,24.4481,9071.26,4.5623,9071.26,DAEGU PROVINCIAL26-04,대구지역개발26-04,KR,DAEGU PROVINCIAL DEVELOPMENT26-04,장외,대구지역개발채권 26-04,KR2007022G42,대구광역시,N,16,매우낮은위험(6등급),2026-08-21,4.3642,1713.0,2026-08-21,2.0,국공채,지역개발,9086.0,N,active,N,Y,,,6,1,N
3.5175,3.858,0.0,온오프 겸용,0,고정금리,복리채,도시철도공채,공모,2414445000,0.0,3.822,3.5175,3.9198,6.8382,,,KRW,4.157,5.201,10378.27,2.2144,10378.27,,,,0.0,99,100.0,2026-08-21,2,2414445000.0,2023-11-30,2028-11-30,3.858,6.8033,10379.36,2.2201,10379.36,DAEGU SUBWAY23-11,대구도시철도23-11,KR,DAEGU SUBWAY23-11,장외,대구도시철도공채증권 23-11,KR2007024DB4,대구광역시,Y,16,매우낮은위험(6등급),2026-08-21,3.6717,832.0,2026-08-21,2.5,국공채,도시철도,10386.0,N,active,N,Y,,,6,1,N
3.265,3.427,0.0,온오프 겸용,0,고정금리,복리채,지역개발채,공모,107902735000,0.0,3.42,3.265,3.4295,1.4363,,,KRW,3.859,5.742,10235.21,0.8365,10235.21,,,,0.0,99,100.0,2026-08-21,2,107702430000.0,2022-06-30,2027-06-30,3.427,1.4135,10236.15,0.8372,10236.15,KYUNGKI PROVINCIAL22-06,경기지역개발22-06,KR,KYUNGKI PROVINCIAL DEVELOPMENT22-06,장외,경기지역개발채권 22-06,KR2044022C64,경기도,Y,16,매우낮은위험(6등급),2026-08-21,3.3285,313.0,2026-08-21,1.05,국공채,지역개발,10235.0,N,active,N,Y,,,6,1,N
4.093,4.183,0.0,온오프 겸용,0,고정금리,복리채,지역개발채,공모,8209900000,0.0,4.147,4.093,4.4408,20.7278,,,KRW,4.838,6.58,9263.75,4.1492,9263.75,,,,0.0,99,100.0,2026-08-21,2,8190425000.0,2025-11-30,2030-11-30,4.183,20.6904,9264.8,4.1621,9264.8,JUNBUK PROVINCIAL25-11,전북지역개발25-11,KR,JUNBUK PROVINCIAL DEVELOPMENT25-11,장외,전북지역개발채권25-11,KR2055022FB4,전라북도,Y,16,매우낮은위험(6등급),2026-08-21,4.2262,1562.0,2026-08-21,2.0,국공채,지역개발,9277.0,N,active,N,Y,,,6,1,N
4.009,4.807,0.0,온오프 겸용,0,고정금리,이표채,할부금융채,공모,100000000000,0.0,4.787,4.009,4.7307,3.2542,A+,2026-05-27,KRW,4.738,4.774,10100.49,1.6648,10100.49,,,,0.0,99,100.0,2026-08-21,2,100000000000.0,2026-05-27,2028-05-26,4.807,3.2465,10101.81,1.6644,10101.81,MERITZ CAPITAL299-1,메리츠캐피탈299-1,KR,MERITZ CAPITAL299-1,장외,메리츠캐피탈299-1,KR6169374G57,메리츠캐피탈(주),Y,14,보통위험(4등급),2026-08-21,4.2855,644.0,2026-08-21,4.746,회사채,일반사채,10103.0,N,active,N,Y,A+,5,4,1,N
3.3412,3.483,0.0,온오프 겸용,0,고정금리,복리채,국민주택1종,공모,909315380000,0.0,3.47,3.4934,3.4934,2.38,,,KRW,3.949,5.906,10087.87,1.165,10087.87,,,,0.0,99,100.0,2026-08-21,2,889205510000.0,2022-10-31,2027-10-31,3.483,2.3521,10088.83,1.1668,10088.83,KNHB (Ⅰ)22-10,국민주택1종22-10,KR,KOREA NATIONAL HOUSING BOND (Ⅰ)22-10,장외,국민주택1종채권 22-10,KR101501DCA3,대한민국,Y,16,매우낮은위험(6등급),2026-08-21,3.3952,436.0,2026-08-21,1.0,국공채,국민주택,10089.0,N,active,N,Y,,,6,1,N
3.4605,3.645,0.0,온오프 겸용,0,고정금리,복리채,국민주택1종,공모,1134986050000,0.0,3.621,3.4605,3.6697,4.1479,,,KRW,4.09,5.935,10039.17,1.647,10039.17,,,,0.0,99,100.0,2026-08-21,2,1130680960000.0,2023-04-30,2028-04-30,3.645,4.1118,10040.15,1.6505,10040.15,KNHB (Ⅰ)23-04,국민주택1종23-04,KR,KOREA NATIONAL HOUSING BOND (Ⅰ)23-04,장외,국민주택1종채권 23-04,KR101501DD47,대한민국,Y,16,매우낮은위험(6등급),2026-08-21,3.5406,618.0,2026-08-21,1.3,국공채,국민주택,10043.0,N,active,N,Y,,,6,1,N
3.8967,3.957,0.0,온오프 겸용,0,고정금리,복리채,국민주택1종,공모,966456740000,0.0,3.923,3.8967,4.119,14.0963,,,KRW,4.606,6.741,9329.82,3.3498,9329.82,,,,0.0,99,100.0,2026-08-21,2,963206180000.0,2025-01-31,2030-01-31,3.957,14.0546,9330.82,3.3595,9330.82,KNHB (Ⅰ)25-01,국민주택1종25-01,KR,KOREA NATIONAL HOUSING BOND (Ⅰ)25-01,장외,국민주택1종채권 25-01,KR101501DF11,대한민국,Y,16,매우낮은위험(6등급),2026-08-21,3.9819,1259.0,2026-08-21,1.3,국공채,국민주택,9340.0,N,active,N,Y,,,6,1,N
3.929,4.13,0.0,온오프 겸용,0,고정금리,복리채,도시철도공채,공모,4502980000,0.0,4.095,3.929,4.3542,18.6593,,,KRW,4.644,5.915,9611.9,3.9071,9611.9,,,,0.0,99,100.0,2026-08-21,2,4502980000.0,2025-08-31,2030-08-31,4.13,18.6396,9612.99,3.9185,9612.99,BUSAN SUBWAY25-08,부산도시철도25-08,KR,BUSAN SUBWAY25-08,장외,부산도시철도공채증권25-08,KR2006014F86,부산광역시,Y,16,매우낮은위험(6등급),2026-08-21,4.0919,1471.0,2026-08-21,2.5,국공채,도시철도,9625.0,N,active,N,Y,,,6,1,N
4.2287,4.275,0.0,온오프 겸용,0,고정금리,복리채,지역개발채,공모,13048400000,0.0,4.236,4.2287,4.5823,24.4856,,,KRW,4.998,6.822,9070.23,4.5476,9070.23,,,,0.0,99,100.0,2026-08-21,2,12883480000.0,2026-04-30,2031-04-30,4.275,24.4481,9071.26,4.5623,9071.26,CHUNGBUK PROVINCIAL26-04,충북지역개발26-04,KR,CHUNGBUK PROVINCIAL DEVELOPMENT26-04,장외,충북지역개발채권 26-04,KR2033022G48,충청북도,Y,16,매우낮은위험(6등급),2026-08-21,4.3642,1713.0,2026-08-21,2.0,국공채,지역개발,9086.0,N,active,N,Y,,,6,1,N
4.1205,4.201,0.0,온오프 겸용,0,고정금리,복리채,지역개발채,공모,74432070000,0.0,4.164,4.1205,4.4694,21.467,,,KRW,4.87,6.629,9224.26,4.2313,9224.26,,,,0.0,99,100.0,2026-08-21,2,74047030000.0,2025-12-31,2030-12-31,4.201,21.4266,9225.31,4.2447,9225.31,KYUNGKI PROVINCIAL25-12,경기지역개발25-12,KR,KYUNGKI PROVINCIAL DEVELOPMENT25-12,장외,경기지역개발채권 25-12,KR2044022FC6,경기도,Y,16,매우낮은위험(6등급),2026-08-21,4.2542,1593.0,2026-08-21,2.0,국공채,지역개발,9238.0,N,active,N,Y,,,6,1,N
2.8058,3.106,0.0,온오프 겸용,0,고정금리,이표채,일반특수법인채,공모,150000000000,0.0,3.099,2.8058,3.0896,0.1338,AAA,2019-11-14,KRW,3.316,4.311,10021.18,0.2281,10021.18,,,,0.0,99,100.0,2026-08-21,2,150000000000.0,2019-11-14,2026-11-14,3.106,0.1222,10022.03,0.2265,10022.03,KEPCO1004,한국전력1004,KR,KOREA ELECTRIC POWER CORPCORPORATION1004,장외,한국전력공사채권1004,KR350103G9B0,한국전력공사(주),Y,16,매우낮은위험(6등급),2026-08-21,2.9145,85.0,2026-08-21,1.862,특수채,공사채,10021.0,N,active,N,Y,AAA,1,6,1,N
3.8695,4.606,0.0,온오프 겸용,0,고정금리,이표채,일반회사채,공모,20000000000,0.0,4.592,3.8695,4.5896,1.0216,BBB+,2026-07-09,KRW,4.573,4.504,10044.52,0.8957,10044.52,,,,0.0,99,100.0,2026-08-21,2,20000000000.0,2026-07-23,2027-07-23,4.606,1.0155,10045.77,0.8946,10045.77,HANJIN TRNSPT127-1,한진127-1,KR,HANJIN TRANSPORTATION127-1,장외,한진127-1,KR6002321G70,(주)한진,Y,13,다소높은위험(3등급),2026-08-21,4.1454,336.0,2026-08-21,4.694,회사채,일반사채,10045.0,N,active,N,Y,BBB+,8,3,1,N
,4.485,,,,고정금리,이표채,일반회사채,공모,180000000000,,,,,19.1219,AAA,2021-01-26,KRW,,,8980.05,4.2042,8980.05,0.0,,0.0,0.0,99,100.0,2026-08-21,1,180000000000.0,2021-01-26,2031-01-26,4.485,19.1033,8981.13,4.2062,8981.13,KOREA SOUTH-EAST POW48-1(G),한국남동발전48-1(녹),KR,KOREA SOUTH-EAST POWER48-1(G),장내,한국남동발전 48-1 (녹),KR6064981B19,한국남동발전(주),N,15,낮은위험(5등급),2026-08-21,,1619.0,,1.9,회사채,일반사채,,N,active,N,Y,AAA,1,5,1,N
,2.903,,,,고정금리,이표채,일반특수법인채,공모,200000000000,,,,,0.0,AAA,2026-06-30,KRW,,,10092.95,0.0,10092.95,,,,0.0,99,100.0,2026-08-21,1,200000000000.0,2021-08-20,2026-08-20,0.0,0.0,0.0,0.0,0.0,KEPCO1063,한국전력1063,KR,KOREA ELECTRIC POWER CORPCORPORATION1063,장외,한국전력공사채권1063,KR350107GB88,한국전력공사(주),Y,16,매우낮은위험(6등급),2026-08-21,,0.0,,1.859,특수채,공사채,,N,matured,Y,N,AAA,1,6,1,N
,4.504,,,,고정금리,이표채,일반회사채,공모,230000000000,,,,,3.3223,A0,2025-05-28,KRW,,,9839.15,1.6915,9839.15,,,,0.0,99,100.0,2026-08-21,1,230000000000.0,2025-05-28,2028-05-26,4.504,3.3143,9840.35,1.691,9840.35,KAL111-2,대한항공111-2,KR,KOREAN AIR LINES111-2,장외,대한항공111-2,KR6003492F56,(주)대한항공,Y,14,보통위험(4등급),2026-08-21,,644.0,,3.121,회사채,일반사채,,N,active,N,Y,A,6,4,1,N
,4.311,,,,고정금리,이표채,일반회사채,공모,120000000000,,,,,8.8942,AAA,2019-07-29,KRW,,,9236.07,2.85,9236.07,,,,0.0,99,100.0,2026-08-21,1,120000000000.0,2019-07-29,2029-07-29,4.311,8.8806,9237.14,2.8505,9237.14,SK TELECOM76-3,SK텔레콤76-3,KR,SK TELECOM76-3,장외,SK텔레콤76-3,KR6017673973,SK텔레콤(주),Y,15,낮은위험(5등급),2026-08-21,,1073.0,,1.495,회사채,일반사채,,N,active,N,Y,AAA,1,5,1,N
,3.346,,,,고정금리,복리채,국민주택1종,공모,1415655580000,,,,,1.2135,,,KRW,,,10244.21,0.7572,10244.21,,,,0.0,99,100.0,2026-08-21,1,1384699200000.0,2022-05-31,2027-05-31,3.346,1.1837,10245.12,0.7577,10245.12,KNHB (Ⅰ)22-05,국민주택1종22-05,KR,KOREA NATIONAL HOUSING BOND (Ⅰ)22-05,장외,국민주택1종채권 22-05,KR101501DC55,대한민국,Y,16,매우낮은위험(6등급),2026-08-21,,283.0,,1.0,국공채,국민주택,,N,active,N,Y,,,6,1,N
,3.059,,,,고정금리,복리채,도시철도공채,공모,87952070000,,,,,0.3586,,,KRW,,,10592.81,0.3545,10592.81,,,,0.0,99,100.0,2026-08-21,1,87793360000.0,2019-12-31,2026-12-31,3.059,0.3209,10593.69,0.354,10593.69,SEOUL SUBWAY19-12,서울도시철도19-12,KR,SEOUL METROPOLITAN CITY SUBWAY BOND19-12,장외,서울도시철도공채증권19-12,KR20010249C5,서울특별시,Y,16,매우낮은위험(6등급),2026-08-21,,132.0,,1.0,국공채,도시철도,,N,active,N,Y,,,6,1,N
,3.464,,,,고정금리,복리채,지역개발채,공모,14290585000,,,,,1.6857,,,KRW,,,10202.86,0.9185,10202.86,,,,0.0,99,100.0,2026-08-21,1,14264155000.0,2022-07-31,2027-07-31,3.464,1.6718,10203.8,0.9193,10203.8,KANGWON PROVINCIAL22-07,강원지역개발22-07,KR,KANGWON PROVINCIAL DEVELOPMENT22-07,장외,강원지역개발채권 22-07,KR2002012C72,강원도,Y,16,매우낮은위험(6등급),2026-08-21,,344.0,,1.05,국공채,지역개발,,N,active,N,Y,,,6,1,N
,4.078,,,,고정금리,복리채,지역개발채,공모,10160135000,,,,,14.0647,,,KRW,,,9856.02,3.3469,9856.02,,,,0.0,99,100.0,2026-08-21,1,10150760000.0,2025-01-31,2030-01-31,4.078,14.0228,9857.11,3.3569,9857.11,KANGWON PROVINCIAL25-01,강원지역개발25-01,KR,KANGWON PROVINCIAL DEVELOPMENT25-01,장외,강원지역개발채권 25-01,KR2002012F12,강원도,N,16,매우낮은위험(6등급),2026-08-21,,1259.0,,2.5,국공채,지역개발,,N,active,N,Y,,,6,1,N
,3.208,,,,고정금리,복리채,지역개발채,공모,5332430000,,,,,0.6375,,,KRW,,,10362.04,0.5122,10362.04,,,,0.0,99,100.0,2026-08-21,1,5326070000.0,2022-02-28,2027-02-28,3.208,0.597,10362.94,0.5122,10362.94,DAEJON PROVINCIAL22-02,대전지역개발22-02,KR,DAEJON PROVINCIAL DEVELOPMENT22-02,장외,대전지역개발채권22-02,KR2003022C29,대전광역시,N,16,매우낮은위험(6등급),2026-08-21,,191.0,,1.05,국공채,지역개발,,N,active,N,Y,,,6,1,N
,3.954,,,,고정금리,이표채,금융지주회사채,공모,562000000000,,,,,213.7465,AA-,2022-01-25,KRW,,,9938.73,4.7855,9938.73,,,,0.0,99,100.0,2026-08-21,1,562000000000.0,2022-01-25,2027-01-25,3.954,213.6882,9939.75,8.2016,9939.75,SHFG CoCo Bond(PWD)11-1(Hyb-Perp-5Call),신한금융조건부(상)11-1(신종-영구-5콜),KR,SHINHAN FINANCIAL Contingent Convertible Bond(PWD)11-1(Hyb-Perp-5Call),장외,신한금융지주 조건부자본증권(상)11-1(신종-영구-5콜)(조건상각/콜/후),KR6055551C16,(주)신한금융지주회사,Y,11,매우높은위험(1등급),2026-08-21,,157.0,,3.9,회사채,일반사채,,N,active,N,Y,AA-,4,1,1,N
,3.695,,,,고정금리,복리채,지역개발채,공모,15345070000,,,,,3.8051,,,KRW,,,10671.0,1.5666,10671.0,,,,0.0,99,100.0,2026-08-21,1,15239170000.0,2023-03-31,2028-03-31,3.695,3.7658,10672.05,1.5701,10672.05,INCHEON PROVINCIAL23-03,인천지역개발23-03,KR,INCHEON PROVINCIAL DEVELOPMENT23-03,장외,인천지역개발채권 23-03,KR2004012D36,인천광역시,N,16,매우낮은위험(6등급),2026-08-21,,588.0,,2.5,국공채,지역개발,,N,active,N,Y,,,6,1,N
,3.528,,,,고정금리,복리채,지역개발채,공모,7796705000,,,,,2.1407,,,KRW,,,10137.76,1.0813,10137.76,,,,0.0,99,100.0,2026-08-21,1,7782860000.0,2022-09-30,2027-09-30,3.528,2.1214,10138.74,1.0827,10138.74,KWANGJU PROVINCIAL22-09,광주지역개발22-09,KR,KWANGJU PROVINCIAL DEVELOPMENT22-09,장외,광주지역개발채권 22-09,KR2005022C99,전남광주통합특별시,Y,16,매우낮은위험(6등급),2026-08-21,,405.0,,1.05,국공채,지역개발,,N,active,N,Y,,,6,1,N
,3.999,,,,고정금리,복리채,지역개발채,공모,4591585000,,,,,10.1467,,,KRW,,,10113.74,2.7756,10113.74,,,,0.0,99,100.0,2026-08-21,1,4581640000.0,2024-06-30,2029-06-30,3.999,10.1197,10114.81,2.783,10114.81,BUSAN PROVINCIAL24-06,부산지역개발24-06,KR,BUSAN PROVINCIAL DEVELOPMENT24-06,장외,부산지역개발채권 24-06,KR2006022E61,부산광역시,N,16,매우낮은위험(6등급),2026-08-21,,1044.0,,2.5,국공채,지역개발,,N,active,N,Y,,,6,1,N
,4.078,,,,고정금리,복리채,도시철도공채,공모,1618090000,,,,,14.0647,,,KRW,,,9856.02,3.3469,9856.02,,,,0.0,99,100.0,2026-08-21,1,1549165000.0,2025-01-31,2030-01-31,4.078,14.0228,9857.11,3.3569,9857.11,DAEGU SUBWAY25-01,대구도시철도25-01,KR,DAEGU SUBWAY25-01,장외,대구도시철도공채증권25-01,KR2007024F17,대구광역시,Y,16,매우낮은위험(6등급),2026-08-21,,1259.0,,2.5,국공채,도시철도,,N,active,N,Y,,,6,1,N
,4.147,,,,고정금리,복리채,도시철도공채,공모,1359735000,,,,,19.3243,,,KRW,,,9573.08,3.9871,9573.08,,,,0.0,99,100.0,2026-08-21,1,1359735000.0,2025-09-30,2030-09-30,4.147,19.2972,9574.16,3.999,9574.16,DAEGU SUBWAY25-09,대구도시철도25-09,KR,DAEGU SUBWAY25-09,장외,대구도시철도공채증권 25-09,KR2007024F90,대구광역시,Y,16,매우낮은위험(6등급),2026-08-21,,1501.0,,2.5,국공채,도시철도,,N,active,N,Y,,,6,1,N
,3.464,,,,고정금리,복리채,지역개발채,공모,10595750000,,,,,1.6857,,,KRW,,,10202.86,0.9185,10202.86,,,,0.0,99,100.0,2026-08-21,1,10553480000.0,2022-07-31,2027-07-31,3.464,1.6718,10203.8,0.9193,10203.8,ULSAN PROVINCIAL22-07,울산지역개발22-07,KR,ULSAN PROVINCIAL DEVELOPMENT22-07,장외,울산지역개발채권 22-07,KR2008012C79,울산광역시,Y,16,매우낮은위험(6등급),2026-08-21,,344.0,,1.05,국공채,지역개발,,N,active,N,Y,,,6,1,N
,4.201,,,,고정금리,복리채,지역개발채,공모,26859080000,,,,,21.467,,,KRW,,,9224.26,4.2313,9224.26,,,,0.0,99,100.0,2026-08-21,1,26660055000.0,2025-12-31,2030-12-31,4.201,21.4266,9225.31,4.2447,9225.31,CHUNGNAM PROVINCIAL25-12,충남지역개발25-12,KR,CHUNGNAM PROVINCIAL DEVELOPMENT25-12,장외,충남지역개발채권 25-12,KR2022022FC2,충청남도,N,16,매우낮은위험(6등급),2026-08-21,,1593.0,,2.0,국공채,지역개발,,N,active,N,Y,,,6,1,N
,3.892,,,,고정금리,복리채,지역개발채,공모,11764540000,,,,,8.144,,,KRW,,,10272.91,2.454,10272.91,,,,0.0,99,100.0,2026-08-21,1,11689720000.0,2024-02-29,2029-02-28,3.892,8.1032,10273.98,2.4607,10273.98,CHUNGBUK PROVINCIAL24-02,충북지역개발24-02,KR,CHUNGBUK PROVINCIAL DEVELOPMENT24-02,장외,충북지역개발채권 24-02,KR2033022E24,충청북도,Y,16,매우낮은위험(6등급),2026-08-21,,922.0,,2.5,국공채,지역개발,,N,active,N,Y,,,6,1,N
,3.751,,,,고정금리,복리채,지역개발채,공모,82530780000,,,,,4.5082,,,KRW,,,10596.64,1.728,10596.64,,,,0.0,99,100.0,2026-08-21,1,82274570000.0,2023-05-31,2028-05-31,3.751,4.4772,10597.7,1.7319,10597.7,KYUNGKI PROVINCIAL23-05,경기지역개발23-05,KR,KYUNGKI PROVINCIAL DEVELOPMENT23-05,장외,경기지역개발채권 23-05,KR2044022D55,경기도,Y,16,매우낮은위험(6등급),2026-08-21,,649.0,,2.5,국공채,지역개발,,N,active,N,Y,,,6,1,N
,3.946,,,,고정금리,복리채,지역개발채,공모,15213030000,,,,,9.1116,,,KRW,,,10193.4,2.6151,10193.4,,,,0.0,99,100.0,2026-08-21,1,15086750000.0,2024-04-30,2029-04-30,3.946,9.075,10194.47,2.6223,10194.47,CHUNNAM PROVINCIAL24-04,전남지역개발24-04,KR,CHUNNAM PROVINCIAL DEVELOPMENT24-04,장외,전남지역개발채권 24-04,KR2066022E40,전남광주통합특별시,Y,16,매우낮은위험(6등급),2026-08-21,,983.0,,2.5,국공채,지역개발,,N,active,N,Y,,,6,1,N
,4.12,,,,고정금리,복리채,지역개발채,공모,18168405000,,,,,17.9525,,,KRW,,,9648.54,3.8253,9648.54,,,,0.0,99,100.0,2026-08-21,1,18029140000.0,2025-07-31,2030-07-31,4.12,17.9298,9649.59,3.8365,9649.59,KYUNGBUK PROVINCIAL25-07,경북지역개발25-07,KR,KYUNGBUK PROVINCIAL DEVELOPMENT25-07,장외,경북지역개발채권 25-07,KR2077012F71,경상북도,Y,16,매우낮은위험(6등급),2026-08-21,,1440.0,,2.5,국공채,지역개발,,N,active,N,Y,,,6,1,N
,3.91,,,,고정금리,이표채,일반특수법인채,공모,150000000000,,,,,2.8021,AAA,2021-02-16,KRW,,,9690.57,1.4516,9690.57,,,,0.0,99,100.0,2026-08-21,1,150000000000.0,2021-02-16,2028-02-16,3.91,2.794,9691.58,1.4519,9691.58,KORAIL196,한국철도공사196,KR,KOREA RAILROAD CORPORATION196,장외,한국철도공사 196,KR354602GB23,한국철도공사,Y,16,매우낮은위험(6등급),2026-08-21,,544.0,,1.731,특수채,공사채,,N,active,N,Y,AAA,1,6,1,N
,4.28,,,,고정금리,이표채,금융지주회사채,공모,120000000000,,,,,8.2255,AAA,2019-06-19,KRW,,,9364.33,2.7314,9364.33,,,,0.0,99,100.0,2026-08-21,1,120000000000.0,2019-06-19,2029-06-19,4.28,8.2123,9365.42,2.7318,9365.42,KB FINANCIAL GROUP38-2,KB금융지주38-2,KR,KB FINANCIAL GROUP38-2,장외,KB금융지주 38-2,KR6105562963,(주)KB금융지주,Y,15,낮은위험(5등급),2026-08-21,,1033.0,,1.769,회사채,일반사채,,N,active,N,Y,AAA,1,5,1,N
,4.915,,,,고정금리,이표채,일반회사채,공모,80000000000,,,,,3.0616,A0,2025-04-29,KRW,,,9779.74,1.6243,9779.74,,,,0.0,99,100.0,2026-08-21,1,80000000000.0,2025-04-29,2028-04-28,4.915,3.0528,9781.04,1.624,9781.04,HANSOL PAPER263-2,한솔제지263-2,KR,HANSOL PAPER263-2,장외,한솔제지263-2,KR6213502F42,한솔제지(주),Y,14,보통위험(4등급),2026-08-21,,616.0,,3.413,회사채,일반사채,,N,active,N,Y,A,6,4,1,N
,4.115,,,,고정금리,이표채,할부금융채,공모,40000000000,,,,,0.1735,A0,2025-06-17,KRW,,,10056.98,0.318,10056.98,,,,0.0,99,100.0,2026-08-21,1,40000000000.0,2025-06-17,2026-12-17,4.115,0.1697,10058.1,0.3163,10058.1,KIC127-1,한국투자캐피탈127-1,KR,Korea Investment Capital127-1,장외,한국투자캐피탈127-1,KR6214341F60,한국투자캐피탈(주),N,14,보통위험(4등급),2026-08-21,,118.0,,3.803,회사채,일반사채,,N,active,N,Y,A,6,4,1,N
,4.819,,,,고정금리,이표채,할부금융채,공모,20000000000,,,,,0.8911,A0,2026-06-23,KRW,,,10025.18,0.8975,10025.18,,,,0.0,99,100.0,2026-08-21,1,20000000000.0,2026-06-23,2027-07-23,4.819,0.8874,10026.48,0.8957,10026.48,KIC144-1,한국투자캐피탈144-1,KR,Korea Investment Capital144-1,장외,한국투자캐피탈144-1,KR6214347G63,한국투자캐피탈(주),Y,14,보통위험(4등급),2026-08-21,,336.0,,4.693,회사채,일반사채,,N,active,N,Y,A,6,4,1,N
,3.376,,,,고정금리,이표채,일반회사채,공모,10000000000,,,,,0.0573,AA-,2026-03-24,KRW,,,10088.53,0.1587,10088.53,,,,0.0,99,100.0,2026-08-21,1,10000000000.0,2023-10-19,2026-10-19,3.376,0.0538,10089.45,0.1569,10089.45,HD Hyundai Electric10-2,HD현대일렉트릭10-2,KR,HD Hyundai Electric10-2,장외,HD현대일렉트릭10-2,KR6267262DA8,에이치디현대일렉트릭(주),Y,15,낮은위험(5등급),2026-08-21,,59.0,,5.726,회사채,일반사채,,N,active,N,Y,AA-,4,5,1,N
3.7683,4.309,0.0,온오프 겸용,0,고정금리,이표채,국고채권,공모,14284000000000,0.0,4.264,3.7683,4.3315,51.8523,,,KRW,4.454,4.992,9536.09,6.7085,9536.09,,,,0.0,99,100.0,2026-08-21,2,15310000000000.0,2024-06-10,2034-06-10,4.309,51.8209,9537.2,6.7187,9537.2,KTB03500-3406(24-5),국고03500-3406(24-5),KR,KOREA TREASURY BOND03500-3406(24-5),장외,국고채권 03500-3406(24-5),KR103502GE63,대한민국,Y,16,매우낮은위험(6등급),2026-08-21,3.9841,2850.0,2026-08-21,3.5,국공채,국고채,9565.0,N,active,N,Y,,,6,1,N
3.3522,3.501,0.0,온오프 겸용,0,고정금리,복리채,도시철도공채,공모,10874755000,0.0,3.489,3.493,3.493,1.9315,,,KRW,3.962,5.913,10169.88,1.0008,10169.88,,,,0.0,99,100.0,2026-08-21,2,10828835000.0,2022-08-31,2027-08-31,3.501,1.9227,10170.86,1.0018,10170.86,BUSAN SUBWAY22-08,부산도시철도22-08,KR,BUSAN SUBWAY22-08,장외,부산도시철도공채증권 22-08,KR2006024C87,부산광역시,Y,16,매우낮은위험(6등급),2026-08-21,3.4085,375.0,2026-08-21,1.05,국공채,도시철도,10171.0,N,active,N,Y,,,6,1,N
3.3629,3.528,0.0,온오프 겸용,0,고정금리,복리채,지역개발채,공모,16327540000,0.0,3.514,3.3629,3.5289,2.1407,,,KRW,3.975,5.93,10137.76,1.0813,10137.76,,,,0.0,99,100.0,2026-08-21,2,16233495000.0,2022-09-30,2027-09-30,3.528,2.1214,10138.74,1.0827,10138.74,CHUNGNAM PROVINCIAL22-09,충남지역개발22-09,KR,CHUNGNAM PROVINCIAL DEVELOPMENT22-09,장외,충남지역개발채권 22-09,KR2022022C94,충청남도,Y,16,매우낮은위험(6등급),2026-08-21,3.4264,405.0,2026-08-21,1.05,국공채,지역개발,10139.0,N,active,N,Y,,,6,1,N
3.5498,3.878,0.0,온오프 겸용,0,고정금리,복리채,지역개발채,공모,12264900000,0.0,3.841,3.5498,3.9541,7.7215,,,KRW,4.195,5.256,10306.47,2.3796,10306.47,,,,0.0,99,100.0,2026-08-21,2,12222225000.0,2024-01-31,2029-01-31,3.878,7.6808,10307.55,2.386,10307.55,CHUNGNAM PROVINCIAL24-01,충남지역개발24-01,KR,CHUNGNAM PROVINCIAL DEVELOPMENT24-01,장외,충남지역개발채권 24-01,KR2022022E19,충청남도,Y,16,매우낮은위험(6등급),2026-08-21,3.7047,894.0,2026-08-21,2.5,국공채,지역개발,10315.0,N,active,N,Y,,,6,1,N
3.1691,3.336,0.0,온오프 겸용,0,고정금리,복리채,지역개발채,공모,15155230000,0.0,3.333,3.1691,3.3331,1.0,,,KRW,3.745,5.556,10298.82,0.6746,10298.82,,,,0.0,99,100.0,2026-08-21,2,15114410000.0,2022-04-30,2027-04-30,3.336,0.9648,10299.74,0.675,10299.74,CHUNGBUK PROVINCIAL22-04,충북지역개발22-04,KR,CHUNGBUK PROVINCIAL DEVELOPMENT22-04,장외,충북지역개발채권 22-04,KR2033022C42,충청북도,Y,16,매우낮은위험(6등급),2026-08-21,3.232,252.0,2026-08-21,1.05,국공채,지역개발,10299.0,N,active,N,Y,,,6,1,N
3.2956,3.668,0.0,온오프 겸용,0,고정금리,복리채,지역개발채,공모,111275695000,0.0,3.65,3.2956,3.6891,3.4748,,,KRW,3.895,4.8,10708.04,1.4843,10708.04,,,,0.0,99,100.0,2026-08-21,2,106006940000.0,2023-02-28,2028-02-29,3.668,3.4342,10709.1,1.4875,10709.1,KYUNGKI PROVINCIAL23-02,경기지역개발23-02,KR,KYUNGKI PROVINCIAL DEVELOPMENT23-02,장외,경기지역개발채권 23-02,KR2044022D22,경기도,Y,16,매우낮은위험(6등급),2026-08-21,3.4464,557.0,2026-08-21,2.5,국공채,지역개발,10711.0,N,active,N,Y,,,6,1,N
3.4135,3.777,0.0,온오프 겸용,0,고정금리,복리채,지역개발채,공모,96163500000,0.0,3.747,3.4135,3.811,4.8797,,,KRW,4.034,5.016,10560.15,1.8072,10560.15,,,,0.0,99,100.0,2026-08-21,2,95860125000.0,2023-06-30,2028-06-30,3.777,4.8549,10561.21,1.8112,10561.21,KYUNGKI PROVINCIAL23-06,경기지역개발23-06,KR,KYUNGKI PROVINCIAL DEVELOPMENT23-06,장외,경기지역개발채권 23-06,KR2044022D63,경기도,Y,16,매우낮은위험(6등급),2026-08-21,3.5658,679.0,2026-08-21,2.5,국공채,지역개발,10565.0,N,active,N,Y,,,6,1,N
3.4843,3.837,0.0,온오프 겸용,0,고정금리,복리채,지역개발채,공모,77990245000,0.0,3.802,3.4843,3.8847,6.0435,,,KRW,4.118,5.143,10449.26,2.0513,10449.26,,,,0.0,99,100.0,2026-08-21,2,77790680000.0,2023-09-30,2028-09-30,3.837,6.0217,10450.36,2.0561,10450.36,KYUNGKI PROVINCIAL23-09,경기지역개발23-09,KR,KYUNGKI PROVINCIAL DEVELOPMENT23-09,장외,경기지역개발채권 23-09,KR2044022D97,경기도,Y,16,매우낮은위험(6등급),2026-08-21,3.6377,771.0,2026-08-21,2.5,국공채,지역개발,10456.0,N,active,N,Y,,,6,1,N
4.2018,4.256,0.0,온오프 겸용,0,고정금리,복리채,지역개발채,공모,15973315000,0.0,4.218,4.2018,4.5543,23.7082,,,KRW,4.966,6.774,9108.95,4.4688,9108.95,,,,0.0,99,100.0,2026-08-21,2,15893855000.0,2026-03-31,2031-03-31,4.256,23.6679,9109.99,4.4832,9109.99,CHUNNAM PROVINCIAL26-03,전남지역개발26-03,KR,CHUNNAM PROVINCIAL DEVELOPMENT26-03,장외,전남지역개발채권 26-03,KR2066022G30,전남광주통합특별시,Y,16,매우낮은위험(6등급),2026-08-21,4.3368,1683.0,2026-08-21,2.0,국공채,지역개발,9124.0,N,active,N,Y,,,6,1,N
4.2823,4.31,0.0,온오프 겸용,0,고정금리,복리채,지역개발채,공모,19826700000,0.0,4.271,4.2823,4.6384,26.1137,,,KRW,5.061,6.918,8992.92,4.7075,8992.92,,,,0.0,99,100.0,2026-08-21,2,19633555000.0,2026-06-30,2031-06-30,4.31,26.083,8993.95,4.7226,8993.95,CHUNNAM PROVINCIAL26-06,전남지역개발26-06,KR,CHUNNAM PROVINCIAL DEVELOPMENT26-06,장외,전남지역개발채권 26-06,KR2066022G63,전남광주통합특별시,Y,16,매우낮은위험(6등급),2026-08-21,4.4188,1774.0,2026-08-21,2.0,국공채,지역개발,9009.0,N,active,N,Y,,,6,1,N
4.4811,4.499,0.0,온오프 겸용,0,고정금리,이표채,일반특수법인채,공모,110000000000,0.0,4.454,4.4811,4.8431,54.0997,AAA,2019-05-15,KRW,5.296,7.286,8360.18,7.0628,8360.18,,,,0.0,99,100.0,2026-08-21,2,110000000000.0,2019-05-15,2034-05-15,4.499,54.0718,8361.19,7.0675,8361.19,KOGAS394,한국가스공사394,KR,KOREA GAS394,장외,한국가스공사 394,KR350801G954,한국가스공사(주),N,16,매우낮은위험(6등급),2026-08-21,4.6198,2824.0,2026-08-21,1.972,특수채,공사채,8386.0,N,active,N,Y,AAA,1,6,1,N
3.1643,3.742,0.0,온오프 겸용,0,고정금리,이표채,할부금융채,공모,90000000000,0.0,3.729,3.1643,3.7335,0.5291,AA+,2024-04-08,KRW,3.74,3.77,10042.1,0.6187,10042.1,,,,0.0,99,100.0,2026-08-21,2,90000000000.0,2024-04-08,2027-04-08,3.742,0.5237,10043.12,0.6172,10043.12,HYUNDAI CAPITAL2015-2(G),현대캐피탈2015-2(녹),KR,HYUNDAI CAPITAL SERVICES2015-2(G),장외,현대캐피탈2015-2(녹),KR6029882E43,현대캐피탈(주),Y,15,낮은위험(5등급),2026-08-21,3.3824,230.0,2026-08-21,3.71,회사채,일반사채,10042.0,N,active,N,Y,AA+,2,5,1,N
4.4025,4.594,0.0,온오프 겸용,0,고정금리,이표채,일반회사채,공모,110000000000,0.0,4.557,4.4025,4.7714,19.4767,AA0,2025-09-16,KRW,5.203,7.1,9022.98,4.238,9022.98,,,,0.0,99,100.0,2026-08-21,2,10000000000.0,2021-02-17,2031-02-17,4.594,19.4589,9024.09,4.24,9024.09,SK INNOVATION10-4,SK이노베이션10-4,KR,SK INNOVATION10-4,장외,SK이노베이션10-4,KR6056554B20,SK이노베이션(주),N,15,낮은위험(5등급),2026-08-21,4.5439,1641.0,2026-08-21,2.168,회사채,일반사채,9037.0,N,active,N,Y,AA,3,5,1,N
3.2805,3.811,0.0,온오프 겸용,0,고정금리,이표채,할부금융채,공모,60000000000,0.0,3.798,3.2805,3.7809,0.5391,AA-,2026-02-12,KRW,3.877,4.301,9973.37,0.6275,9973.37,,,,0.0,99,100.0,2026-08-21,2,60000000000.0,2026-02-12,2027-04-12,3.811,0.5329,9974.4,0.6261,9974.4,NH Capital258-1,엔에이치농협캐피탈258-1,KR,NH Capital258-1,장외,엔에이치농협캐피탈258-1,KR6097241G28,엔에이치농협캐피탈(주),Y,15,낮은위험(5등급),2026-08-21,3.4722,234.0,2026-08-21,3.261,회사채,일반사채,9974.0,N,active,N,Y,AA-,4,5,1,N
,3.194,,,,고정금리,이표채,일반회사채,공모,50000000000,,,,,0.023,AA0,2020-05-12,KRW,,,10017.36,0.0893,10017.36,,,,0.0,99,100.0,2026-08-21,1,50000000000.0,2019-09-24,2026-09-23,3.194,0.0198,10018.23,0.0873,10018.23,SK BROADBAND48-3,SK브로드밴드48-3,KR,SK BROADBAND48-3,장외,에스케이브로드밴드48-3,KR6033633993,에스케이브로드밴드(주),Y,15,낮은위험(5등급),2026-08-21,,33.0,,1.857,회사채,일반사채,,N,active,N,Y,AA,3,5,1,N
,3.624,,,,고정금리,이표채,일반회사채,공모,120000000000,,,,,0.3772,AA0,2020-02-25,KRW,,,9937.55,0.5037,9937.55,,,,0.0,99,100.0,2026-08-21,1,120000000000.0,2020-02-25,2027-02-25,3.624,0.3745,9938.53,0.5021,9938.53,LGE95-1,LG전자95-1,KR,LG ELECTRONICS95-1,장외,LG전자95-1,KR6066571A29,LG전자(주),Y,15,낮은위험(5등급),2026-08-21,,188.0,,1.618,회사채,일반사채,,N,active,N,Y,AA,3,5,1,N
,3.367,,,,고정금리,이표채,금융지주회사채,공모,280000000000,,,,,210.2733,AA-,2024-06-14,KRW,,,10018.81,4.4052,10018.81,,,,0.0,99,100.0,2026-08-21,1,280000000000.0,2021-09-09,2026-09-09,3.367,210.2153,10019.81,7.7198,10019.81,HNFG CoCo Bond(PWD)9-1,하나금융조건부(상)9-1,KR,HANA Financial Contingent Convertible Bond(PWD)9-1,장외,하나금융지주 조건부자본증권(상)9-1(조건상각/콜/후),KR6086791B95,(주)하나금융지주,N,11,매우높은위험(1등급),2026-08-21,,19.0,,3.34,회사채,일반사채,,N,active,N,Y,AA-,4,1,1,N
,4.44,,,,고정금리,이표채,일반회사채,공모,180000000000,,,,,6.4592,AA0,2020-12-22,KRW,,,9545.77,2.4041,9515.97,,,,0.0,99,100.0,2026-08-21,1,180000000000.0,2019-02-21,2029-02-21,4.44,6.4691,9517.1,2.4118,9517.1,SK ENERGY45-3,SK에너지45-3,KR,SK ENERGY45-3,장외,SK에너지 45-3,KR6138093929,SK에너지(주),N,15,낮은위험(5등급),2026-08-21,,915.0,,2.384,회사채,일반사채,,N,active,N,Y,AA,3,5,1,N
,4.303,,,,고정금리,이표채,금융지주회사채,공모,100000000000,,,,,236.8598,AA-,2025-02-28,KRW,,,9840.74,5.1487,9840.74,,,,0.0,99,100.0,2026-08-21,1,100000000000.0,2025-02-28,2030-02-28,4.303,236.7982,9841.74,6.5823,9841.74,iM Financial Group10(Hyb-Perp-5Call),iM금융지주10(신종-영구-5콜),KR,iM Financial Group10(Hyb-Perp-5Call),장외,DGB금융지주 조건부자본증권(상)10(신종-영구-5콜)(조건상각/콜/후),KR6139131F22,(주)아이엠금융지주,N,11,매우높은위험(1등급),2026-08-21,,1287.0,,4.15,회사채,일반사채,,N,active,N,Y,AA-,4,1,1,N
3.6362,3.784,0.0,온오프 겸용,0,고정금리,복리채,국민주택1종,공모,1061845440000,0.0,3.747,3.6362,3.8501,7.2817,,,KRW,4.298,6.262,9769.63,2.2984,9769.63,,,,0.0,99,100.0,2026-08-21,2,1057645300000.0,2023-12-31,2028-12-31,3.784,7.2426,9770.63,2.3043,9770.63,KNHB (Ⅰ)23-12,국민주택1종23-12,KR,KOREA NATIONAL HOUSING BOND (Ⅰ)23-12,장외,국민주택1종채권 23-12,KR101501DDC7,대한민국,Y,16,매우낮은위험(6등급),2026-08-21,3.7181,863.0,2026-08-21,1.3,국공채,국민주택,9777.0,N,active,N,Y,,,6,1,N
3.8523,3.934,0.0,온오프 겸용,0,고정금리,복리채,국민주택1종,공모,1286396330000,0.0,3.9,3.8523,4.0728,12.3466,,,KRW,4.553,6.661,9428.84,3.1046,9428.84,,,,0.0,99,100.0,2026-08-21,2,1272386850000.0,2024-10-31,2029-10-31,3.934,12.315,9429.85,3.1131,9429.85,KNHB (Ⅰ)24-10,국민주택1종24-10,KR,KOREA NATIONAL HOUSING BOND (Ⅰ)24-10,장외,국민주택1종채권 24-10,KR101501DEA9,대한민국,Y,16,매우낮은위험(6등급),2026-08-21,3.9368,1167.0,2026-08-21,1.3,국공채,국민주택,9438.0,N,active,N,Y,,,6,1,N
4.2091,4.125,0.0,온오프 겸용,0,고정금리,복리채,국민주택1종,공모,1428024220000,0.0,4.089,4.3841,4.3841,21.4976,,,KRW,4.975,7.544,8809.41,4.2336,8809.41,,,,0.0,99,100.0,2026-08-21,2,1411015570000.0,2025-12-31,2030-12-31,4.125,21.4586,8810.39,4.2468,8810.39,KNHB (Ⅰ)25-12,국민주택1종25-12,KR,KOREA NATIONAL HOUSING BOND (Ⅰ)25-12,장외,국민주택1종채권 25-12,KR101501DFC2,대한민국,Y,16,매우낮은위험(6등급),2026-08-21,4.2748,1593.0,2026-08-21,1.0,국공채,국민주택,8822.0,N,active,N,Y,,,6,1,N
4.2436,4.626,0.0,온오프 겸용,0,고정금리,이표채,국고채권,공모,11557768800000,0.0,4.567,4.2436,4.8213,173.3227,,,KRW,5.016,5.869,8597.09,11.8608,8597.09,,,,0.0,99,100.0,2026-08-21,2,8536768799999.999,2022-09-10,2042-09-10,4.626,173.2603,8598.17,11.8809,8598.17,KTB03250-4209(22-11),국고03250-4209(22-11),KR,KOREA TREASURY BOND03250-4209(22-11),장외,국고채권 03250-4209(22-11),KR103504GC97,대한민국,Y,16,매우낮은위험(6등급),2026-08-21,4.4649,5864.0,2026-08-21,3.25,국공채,국고채,8657.0,N,active,N,Y,,,6,1,N
4.3349,4.37,0.0,온오프 겸용,0,고정금리,복리채,도시철도공채,공모,69117810000,0.0,4.33,4.3349,4.7624,31.2511,,,KRW,5.123,6.709,9390.7,5.1949,9390.7,,,,0.0,99,100.0,2026-08-21,2,69098195000.0,2024-12-31,2031-12-31,4.37,31.2105,9391.8,5.2123,9391.8,SEOUL SUBWAY24-12,서울도시철도24-12,KR,SEOUL METROPOLITAN CITY SUBWAY BOND24-12,장외,서울도시철도공채증권 24-12,KR2001024EC6,서울특별시,Y,16,매우낮은위험(6등급),2026-08-21,4.4987,1958.0,2026-08-21,2.5,국공채,도시철도,9410.0,N,active,N,Y,,,6,1,N
3.3955,3.528,0.0,온오프 겸용,0,고정금리,복리채,지역개발채,공모,15717620000,0.0,3.514,3.5289,3.5289,2.1407,,,KRW,4.013,6.019,10137.76,1.0813,10137.76,,,,0.0,99,100.0,2026-08-21,2,15645505000.0,2022-09-30,2027-09-30,3.528,2.1214,10138.74,1.0827,10138.74,KANGWON PROVINCIAL22-09,강원지역개발22-09,KR,KANGWON PROVINCIAL DEVELOPMENT22-09,장외,강원지역개발채권 22-09,KR2002012C98,강원도,Y,16,매우낮은위험(6등급),2026-08-21,3.44,405.0,2026-08-21,1.05,국공채,지역개발,10139.0,N,active,N,Y,,,6,1,N
3.5315,3.868,0.0,온오프 겸용,0,고정금리,복리채,도시철도공채,공모,9626675000,0.0,3.831,3.5315,3.9348,7.2705,,,KRW,4.174,5.224,10342.37,2.2971,10342.37,,,,0.0,99,100.0,2026-08-21,2,9586785000.0,2023-12-31,2028-12-31,3.868,7.2317,10343.45,2.3032,10343.45,BUSAN SUBWAY23-12,부산도시철도23-12,KR,BUSAN SUBWAY23-12,장외,부산도시철도공채증권 23-12,KR2006014DC4,부산광역시,Y,16,매우낮은위험(6등급),2026-08-21,3.686,863.0,2026-08-21,2.5,국공채,도시철도,10351.0,N,active,N,Y,,,6,1,N
3.9129,4.12,0.0,온오프 겸용,0,고정금리,복리채,도시철도공채,공모,3575440000,0.0,4.086,3.9129,4.3369,17.9525,,,KRW,4.625,5.888,9648.54,3.8253,9648.54,,,,0.0,99,100.0,2026-08-21,2,3575440000.0,2025-07-31,2030-07-31,4.12,17.9298,9649.59,3.8365,9649.59,BUSAN SUBWAY25-07,부산도시철도25-07,KR,BUSAN SUBWAY25-07,장외,부산도시철도공채증권 25-07,KR2006014F78,부산광역시,Y,16,매우낮은위험(6등급),2026-08-21,4.0753,1440.0,2026-08-21,2.5,국공채,도시철도,9661.0,N,active,N,Y,,,6,1,N
3.2741,3.64,0.0,온오프 겸용,0,고정금리,복리채,도시철도공채,공모,8806825000,0.0,3.622,3.2741,3.6675,3.193,,,KRW,3.87,4.758,10741.99,1.4099,10741.99,,,,0.0,99,100.0,2026-08-21,2,8806825000.0,2023-01-31,2028-01-31,3.64,3.1526,10743.05,1.4128,10743.05,BUSAN SUBWAY23-01,부산도시철도23-01,KR,BUSAN SUBWAY23-01,장외,부산도시철도공채증권 23-01,KR2006024D11,부산광역시,Y,16,매우낮은위험(6등급),2026-08-21,3.4248,528.0,2026-08-21,2.5,국공채,도시철도,10744.0,N,active,N,Y,,,6,1,N
3.5315,3.868,0.0,온오프 겸용,0,고정금리,복리채,지역개발채,공모,23655490000,0.0,3.831,3.5315,3.9348,7.2705,,,KRW,4.174,5.224,10342.37,2.2971,10342.37,,,,0.0,99,100.0,2026-08-21,2,23543660000.0,2023-12-31,2028-12-31,3.868,7.2317,10343.45,2.3032,10343.45,CHUNGBUK PROVINCIAL23-12,충북지역개발23-12,KR,CHUNGBUK PROVINCIAL DEVELOPMENT23-12,장외,충북지역개발채권 23-12,KR2033022DC4,충청북도,Y,16,매우낮은위험(6등급),2026-08-21,3.686,863.0,2026-08-21,2.5,국공채,지역개발,10351.0,N,active,N,Y,,,6,1,N
3.7378,4.025,0.0,온오프 겸용,0,고정금리,복리채,지역개발채,공모,13827710000,0.0,3.993,3.7378,4.149,10.6978,,,KRW,4.418,5.598,10073.08,2.8569,10073.08,,,,0.0,99,100.0,2026-08-21,2,13804250000.0,2024-07-31,2029-07-31,4.025,10.6774,10074.14,2.8644,10074.14,CHUNGBUK PROVINCIAL24-07,충북지역개발24-07,KR,CHUNGBUK PROVINCIAL DEVELOPMENT24-07,장외,충북지역개발채권 24-07,KR2033022E73,충청북도,Y,16,매우낮은위험(6등급),2026-08-21,3.8954,1075.0,2026-08-21,2.5,국공채,지역개발,10082.0,N,active,N,Y,,,6,1,N
3.8339,4.078,0.0,온오프 겸용,0,고정금리,복리채,지역개발채,공모,13588960000,0.0,4.044,3.8339,4.2516,14.0647,,,KRW,4.531,5.76,9856.02,3.3469,9856.02,,,,0.0,99,100.0,2026-08-21,2,13524590000.0,2025-01-31,2030-01-31,4.078,14.0228,9857.11,3.3569,9857.11,KYUNGBUK PROVINCIAL25-01,경북지역개발25-01,KR,KYUNGBUK PROVINCIAL DEVELOPMENT25-01,장외,경북지역개발채권 25-01,KR2077012F14,경상북도,Y,16,매우낮은위험(6등급),2026-08-21,3.9939,1259.0,2026-08-21,2.5,국공채,지역개발,9867.0,N,active,N,Y,,,6,1,N
4.1731,4.301,0.0,온오프 겸용,0,고정금리,이표채,금융지주회사채,공모,120000000000,0.0,4.269,4.1731,4.416,9.3677,AAA,2019-08-29,KRW,4.932,7.198,9231.81,2.9235,9231.81,,,,0.0,99,100.0,2026-08-21,2,120000000000.0,2019-08-29,2029-08-29,4.301,9.3551,9232.89,2.9241,9232.89,HANA FINANCIAL GROUP43-2,하나금융지주43-2,KR,HANA FINANCIAL GROUP43-2,장외,하나금융지주 43-2,KR6086792985,(주)하나금융지주,Y,15,낮은위험(5등급),2026-08-21,4.2661,1104.0,2026-08-21,1.459,회사채,일반사채,9240.0,N,active,N,Y,AAA,1,5,1,N
,3.843,,,,고정금리,이표채,신용카드채,공모,60000000000,,,,,0.6723,AA+,2024-05-10,KRW,,,10007.35,0.7073,10007.35,0.0,,0.0,0.0,99,100.0,2026-08-21,1,60000000000.0,2024-05-10,2027-05-10,3.843,0.6678,10008.39,0.7059,10008.39,KB CARD403-3,케이비국민카드403-3,KR,KB KOOKMIN CARD403-3,장내,케이비국민카드403-3,KR6140173E53,(주)KB국민카드,Y,15,낮은위험(5등급),2026-08-21,,262.0,,3.789,회사채,일반사채,,N,active,N,Y,AA+,2,5,1,N
,4.038,,,,고정금리,이표채,할부금융채,공모,80000000000,,,,,1.0457,AA-,2026-01-16,KRW,,,10012.33,0.9076,10012.33,0.0,,0.0,0.0,99,100.0,2026-08-21,1,80000000000.0,2024-07-26,2027-07-26,4.038,1.0395,10013.42,0.9064,10013.42,iM Capital119-2,아이엠캐피탈119-2,KR,iM Capital119-2,장내,아이엠캐피탈119-2,KR6176943E72,(주)아이엠캐피탈,Y,15,낮은위험(5등급),2026-08-21,,339.0,,3.875,회사채,일반사채,,N,active,N,Y,AA-,4,5,1,N
,3.012,,,,고정금리,이표채,일반특수법인채,공모,70000000000,,,,,0.0217,AAA,2016-09-22,KRW,,,10014.76,0.0858,10014.76,,,,0.0,99,100.0,2026-08-21,1,70000000000.0,2016-09-22,2026-09-22,3.012,0.0186,10015.58,0.0839,10015.58,NACF2016-09COUP10Y-B,농금채(중앙회)2016-09이10Y-B,KR,NATIONAL AGRICULTURAL COOPERATIVE FEDERATION2016-09COUP10Y-B,장외,농금채(중앙회) 2016-09이10Y-B,KR381102G695,농업협동조합중앙회,Y,16,매우낮은위험(6등급),2026-08-21,,32.0,,1.64,특수채,공사채,,N,active,N,Y,AAA,1,6,1,N
,3.721,,,,고정금리,이표채,일반은행채,공모,400000000000,,,,,128.087,AA-,2025-04-30,KRW,,,9537.07,6.3473,9537.07,,,,0.0,99,100.0,2026-08-21,1,400000000000.0,2025-04-30,2030-04-30,3.721,243.658,9538.04,7.3119,9538.04,SHINHAN BANK29-04COUP5@(Hyb-P),신한은행29-04-이-영구5갑(신),KR,SHINHAN BANK29-04COUP5@(Hyb-P),장외,신한은행29-04-이-영구5갑(신)(조건상각/콜/후),KR6000017F41,(주)신한은행,N,11,매우높은위험(1등급),2026-08-21,,1348.0,,3.45,회사채,은행채,,N,active,N,Y,AA-,4,1,1,N
,4.472,,,,고정금리,이표채,할부금융채,공모,110000000000,,,,,1.2967,A+,2025-12-09,KRW,,,9997.62,1.0195,9997.62,,,,0.0,99,100.0,2026-08-21,1,110000000000.0,2025-12-09,2027-09-09,4.472,1.2907,9998.83,1.0185,9998.83,MERITZ CAPITAL289-1,메리츠캐피탈289-1,KR,MERITZ CAPITAL289-1,장외,메리츠캐피탈289-1,KR6169371FC7,메리츠캐피탈(주),Y,14,보통위험(4등급),2026-08-21,,384.0,,3.727,회사채,일반사채,,N,active,N,Y,A+,5,4,1,N
,5.809,,,,고정금리,이표채,금융지주회사채,공모,220000000000,,,,,108.1486,AA-,2022-10-25,KRW,,,10259.04,5.76,10259.04,,,,0.0,99,100.0,2026-08-21,1,220000000000.0,2022-10-25,2027-10-25,5.809,214.9151,10260.23,8.0706,10260.23,WRFG CoCo Bond(PWD)13(HY),우리금융조건부(상)13(신종),KR,WRFG CoCo Bond(PWD)13(HY),장외,우리금융조건부(상)13(신종)(조건상각/콜/후),KR6316141CA7,(주)우리금융지주,Y,11,매우높은위험(1등급),2026-08-21,,430.0,,5.97,회사채,일반사채,,N,active,N,Y,AA-,4,1,1,N
4.5905,4.442,0.0,온오프 겸용,0,고정금리,복리채,도시철도공채,공모,68733740000,0.0,4.401,4.5905,4.9559,42.8805,,,KRW,5.426,7.488,8674.43,6.1604,8674.43,,,,0.0,99,100.0,2026-08-21,2,68615020000.0,2025-12-31,2032-12-31,4.442,42.8403,8675.47,6.1817,8675.47,SEOUL SUBWAY25-12,서울도시철도25-12,KR,SEOUL METROPOLITAN CITY SUBWAY BOND25-12,장외,서울도시철도공채증권 25-12,KR2001024FC3,서울특별시,Y,16,매우낮은위험(6등급),2026-08-21,4.7305,2324.0,2026-08-21,2.0,국공채,도시철도,8696.0,N,active,N,Y,,,6,1,N
4.6125,4.447,0.0,온오프 겸용,0,고정금리,복리채,도시철도공채,공모,39173805000,0.0,4.405,4.6125,4.9802,44.9334,,,KRW,5.452,7.521,8611.26,6.3168,8611.26,,,,0.0,99,100.0,2026-08-21,2,39123165000.0,2026-02-28,2033-02-28,4.447,44.891,8612.29,6.3387,8612.29,SEOUL SUBWAY26-02,서울도시철도26-02,KR,SEOUL METROPOLITAN CITY SUBWAY BOND26-02,장외,서울도시철도공채증권 26-02,KR2001024G27,서울특별시,Y,16,매우낮은위험(6등급),2026-08-21,4.7534,2383.0,2026-08-21,2.0,국공채,도시철도,8633.0,N,active,N,Y,,,6,1,N
3.7642,4.046,0.0,온오프 겸용,0,고정금리,복리채,도시철도공채,공모,9338440000,0.0,4.013,3.7642,4.1766,11.2494,,,KRW,4.449,5.645,10033.66,2.9386,10033.66,,,,0.0,99,100.0,2026-08-21,2,9316740000.0,2024-08-31,2029-08-31,4.046,11.2327,10034.77,2.9464,10034.77,BUSAN SUBWAY24-08,부산도시철도24-08,KR,BUSAN SUBWAY24-08,장외,부산도시철도공채증권 24-08,KR2006024E85,부산광역시,Y,16,매우낮은위험(6등급),2026-08-21,3.9222,1106.0,2026-08-21,2.5,국공채,도시철도,10043.0,N,active,N,Y,,,6,1,N
3.14,3.272,0.0,온오프 겸용,0,고정금리,복리채,지역개발채,공모,17313010000,0.0,3.27,3.2784,3.2784,0.8125,,,KRW,3.711,5.498,10330.39,0.5949,10330.39,,,,0.0,99,100.0,2026-08-21,2,17250790000.0,2022-03-31,2027-03-31,3.272,0.7737,10331.3,0.595,10331.3,CHUNGNAM PROVINCIAL22-03,충남지역개발22-03,KR,CHUNGNAM PROVINCIAL DEVELOPMENT22-03,장외,충남지역개발채권 22-03,KR2022022C37,충청남도,Y,16,매우낮은위험(6등급),2026-08-21,3.1919,222.0,2026-08-21,1.05,국공채,지역개발,10330.0,N,active,N,Y,,,6,1,N
3.7072,3.999,0.0,온오프 겸용,0,고정금리,복리채,지역개발채,공모,21765645000,0.0,3.966,3.7072,4.1172,10.1467,,,KRW,4.382,5.543,10113.74,2.7756,10113.74,,,,0.0,99,100.0,2026-08-21,2,21594675000.0,2024-06-30,2029-06-30,3.999,10.1197,10114.81,2.783,10114.81,CHUNGNAM PROVINCIAL24-06,충남지역개발24-06,KR,CHUNGNAM PROVINCIAL DEVELOPMENT24-06,장외,충남지역개발채권 24-06,KR2022022E68,충청남도,Y,16,매우낮은위험(6등급),2026-08-21,3.8643,1044.0,2026-08-21,2.5,국공채,지역개발,10122.0,N,active,N,Y,,,6,1,N
4.093,4.183,0.0,온오프 겸용,0,고정금리,복리채,지역개발채,공모,58089680000,0.0,4.147,4.093,4.4408,20.7278,,,KRW,4.838,6.58,9263.75,4.1492,9263.75,,,,0.0,99,100.0,2026-08-21,2,57814500000.0,2025-11-30,2030-11-30,4.183,20.6904,9264.8,4.1621,9264.8,KYUNGKI PROVINCIAL25-11,경기지역개발25-11,KR,KYUNGKI PROVINCIAL DEVELOPMENT25-11,장외,경기지역개발채권 25-11,KR2044022FB8,경기도,Y,16,매우낮은위험(6등급),2026-08-21,4.2262,1562.0,2026-08-21,2.0,국공채,지역개발,9277.0,N,active,N,Y,,,6,1,N
3.5498,3.878,0.0,온오프 겸용,0,고정금리,복리채,지역개발채,공모,15409925000,0.0,3.841,3.5498,3.9541,7.7215,,,KRW,4.195,5.256,10306.47,2.3796,10306.47,,,,0.0,99,100.0,2026-08-21,2,15337525000.0,2024-01-31,2029-01-31,3.878,7.6808,10307.55,2.386,10307.55,CHUNNAM PROVINCIAL24-01,전남지역개발24-01,KR,CHUNNAM PROVINCIAL DEVELOPMENT24-01,장외,전남지역개발채권 24-01,KR2066022E16,전남광주통합특별시,Y,16,매우낮은위험(6등급),2026-08-21,3.7047,894.0,2026-08-21,2.5,국공채,지역개발,10315.0,N,active,N,Y,,,6,1,N
3.8744,4.098,0.0,온오프 겸용,0,고정금리,복리채,지역개발채,공모,15828270000,0.0,4.064,3.8744,4.2952,15.9038,,,KRW,4.579,5.826,9753.6,3.5828,9753.6,,,,0.0,99,100.0,2026-08-21,2,15743185000.0,2025-04-30,2030-04-30,4.098,15.8657,9754.66,3.5935,9754.66,CHUNNAM PROVINCIAL25-04,전남지역개발25-04,KR,CHUNNAM PROVINCIAL DEVELOPMENT25-04,장외,전남지역개발채권 25-04,KR2066022F49,전남광주통합특별시,Y,16,매우낮은위험(6등급),2026-08-21,4.0356,1348.0,2026-08-21,2.5,국공채,지역개발,9765.0,N,active,N,Y,,,6,1,N
4.578,4.538,0.0,온오프 겸용,0,고정금리,이표채,일반특수법인채,공모,150000000000,0.0,4.49,4.578,4.95,83.0685,AAA,2016-05-26,KRW,5.411,7.434,8018.45,8.6169,8018.45,,,,0.0,99,100.0,2026-08-21,2,150000000000.0,2016-05-26,2036-05-26,4.538,83.0341,8019.43,8.6315,8019.43,KR283,국가철도공단채권283,KR,KOREA NATIONAL RAILWAY BOND283,장외,국가철도공단채권 283,KR352702G655,국가철도공단,N,16,매우낮은위험(6등급),2026-08-21,4.7205,3566.0,2026-08-21,1.946,특수채,공사채,8052.0,N,active,N,Y,AAA,1,6,1,N
4.1655,4.318,0.0,온오프 겸용,0,고정금리,이표채,일반특수법인채,공모,250000000000,0.0,4.283,4.1655,4.4791,18.9175,AAA,2021-01-15,KRW,4.923,6.873,9031.88,4.1818,9031.88,,,,0.0,99,100.0,2026-08-21,2,250000000000.0,2021-01-15,2031-01-15,4.318,18.8987,9032.94,4.1835,9032.94,KOREA L&H383,토지주택채권383,KR,KOREA LAND & HOUSING CORPORATION383,장외,토지주택채권 383,KR356102GB15,한국토지주택공사,Y,16,매우낮은위험(6등급),2026-08-21,4.2857,1608.0,2026-08-21,1.844,특수채,공사채,9045.0,N,active,N,Y,AAA,1,6,1,N
3.8358,3.96,0.0,온오프 겸용,0,고정금리,이표채,신용카드채,공모,10000000000,0.0,3.943,3.8358,3.8358,1.2171,AA+,2024-09-30,KRW,4.534,7.595,9900.4,1.0585,9900.4,,,,0.0,99,100.0,2026-08-21,2,10000000000.0,2017-09-19,2027-09-19,3.96,1.2125,9901.45,1.0568,9901.45,HYUNDAI CARD704-2,현대카드704-2,KR,HYUNDAI CARD704-2,장외,현대카드 704-2(풋),KR606590A792,현대카드(주),N,15,낮은위험(5등급),2026-08-21,3.8358,394.0,2026-08-21,3.0,회사채,일반사채,9902.0,N,active,N,Y,AA+,2,5,1,N
4.1557,4.882,0.0,온오프 겸용,0,고정금리,이표채,할부금융채,공모,40000000000,0.0,4.861,4.1557,4.8509,3.7468,A+,2026-04-13,KRW,4.912,5.181,9980.72,1.8004,9980.72,,,,0.0,99,100.0,2026-08-21,2,40000000000.0,2026-04-13,2028-07-13,4.882,3.7371,9982.04,1.8003,9982.04,MERITZ CAPITAL296-5,메리츠캐피탈296-5,KR,MERITZ CAPITAL296-5,장외,메리츠캐피탈 296-5,KR6169375G49,메리츠캐피탈(주),Y,14,보통위험(4등급),2026-08-21,4.4221,692.0,2026-08-21,4.511,회사채,일반사채,9984.0,N,active,N,Y,A+,5,4,1,N
3.4196,4.038,0.0,온오프 겸용,0,고정금리,이표채,할부금융채,공모,80000000000,0.0,4.02,3.4196,4.0158,1.0457,AA-,2026-01-16,KRW,4.042,4.156,10012.33,0.9076,10012.33,,,,0.0,99,100.0,2026-08-21,2,80000000000.0,2024-07-26,2027-07-26,4.038,1.0395,10013.42,0.9064,10013.42,iM Capital119-2,아이엠캐피탈119-2,KR,iM Capital119-2,장외,아이엠캐피탈119-2,KR6176943E72,(주)아이엠캐피탈,Y,15,낮은위험(5등급),2026-08-21,3.648,339.0,2026-08-21,3.875,회사채,일반사채,10014.0,N,active,N,Y,AA-,4,5,1,N
,3.748,,,,고정금리,이표채,국고채권,공모,4731000000000,,,,,4.7903,,,KRW,,,10106.9,1.9419,10106.9,,,,0.0,99,100.0,2026-08-21,1,10210000000000.0,2023-09-10,2028-09-10,3.748,4.7786,10107.92,1.943,10107.92,KTB03500-2809(23-6),국고03500-2809(23-6),KR,KOREA TREASURY BOND03500-2809(23-6),장외,국고채권 03500-2809(23-6),KR103501GD99,대한민국,Y,16,매우낮은위험(6등급),2026-08-21,,751.0,,3.5,국공채,국고채,,N,active,N,Y,,,6,1,N
,3.92,,,,고정금리,복리채,도시철도공채,공모,68578200000,,,,,8.6272,,,KRW,,,9686.32,2.5359,9686.32,,,,0.0,99,100.0,2026-08-21,1,68467550000.0,2022-03-31,2029-03-31,3.92,8.5877,9687.34,2.5429,9687.34,SEOUL SUBWAY22-03,서울도시철도22-03,KR,SEOUL METROPOLITAN CITY SUBWAY BOND22-03,장외,서울도시철도공채증권 22-03,KR2001024C39,서울특별시,Y,16,매우낮은위험(6등급),2026-08-21,,953.0,,1.0,국공채,도시철도,,N,active,N,Y,,,6,1,N
,4.026,,,,고정금리,복리채,도시철도공채,공모,57503575000,,,,,10.6977,,,KRW,,,9535.19,2.8569,9535.19,,,,0.0,99,100.0,2026-08-21,1,57439885000.0,2022-07-31,2029-07-31,4.026,10.6773,9536.2,2.8644,9536.2,SEOUL SUBWAY22-07,서울도시철도22-07,KR,SEOUL METROPOLITAN CITY SUBWAY BOND22-07,장외,서울도시철도공채증권 22-07,KR2001024C70,서울특별시,Y,16,매우낮은위험(6등급),2026-08-21,,1075.0,,1.0,국공채,도시철도,,N,active,N,Y,,,6,1,N
,4.438,,,,고정금리,복리채,도시철도공채,공모,45040805000,,,,,41.827,,,KRW,,,8709.13,6.078,8709.13,,,,0.0,99,100.0,2026-08-21,1,45030010000.0,2025-11-30,2032-11-30,4.438,41.7891,8710.17,6.0989,8710.17,SEOUL SUBWAY25-11,서울도시철도25-11,KR,SEOUL METROPOLITAN CITY SUBWAY BOND25-11,장외,서울도시철도공채증권 25-11,KR2001024FB5,서울특별시,Y,16,매우낮은위험(6등급),2026-08-21,,2293.0,,2.0,국공채,도시철도,,N,active,N,Y,,,6,1,N
,4.471,,,,고정금리,복리채,도시철도공채,공모,21089405000,,,,,51.672,,,KRW,,,8412.2,6.8014,8412.2,,,,0.0,99,100.0,2026-08-21,1,21080070000.0,2026-08-31,2033-08-31,4.471,51.639,8413.23,6.8243,8413.23,SEOUL SUBWAY26-08,서울도시철도26-08,KR,SEOUL METROPOLITAN CITY SUBWAY BOND26-08,장외,서울도시철도공채증권 26-08,KR2001024G84,서울특별시,Y,16,매우낮은위험(6등급),2026-08-21,,2567.0,,2.0,국공채,도시철도,,N,active,N,Y,,,6,1,N
,3.695,,,,고정금리,복리채,도시철도공채,공모,79342660000,,,,,3.8051,,,KRW,,,10101.37,1.5666,10101.37,,,,0.0,99,100.0,2026-08-21,1,78779025000.0,2021-03-31,2028-03-31,3.695,3.7659,10102.37,1.5701,10102.37,SEOUL SUBWAY21-03,서울도시철도21-03,KR,SEOUL METROPOLITAN CITY SUBWAY BOND21-03,장외,서울도시철도공채증권 21-03,KR2001094B35,서울특별시,Y,16,매우낮은위험(6등급),2026-08-21,,588.0,,1.0,국공채,도시철도,,N,active,N,Y,,,6,1,N
,3.557,,,,고정금리,복리채,지역개발채,공모,14756090000,,,,,2.3767,,,KRW,,,10104.19,1.1643,10104.19,,,,0.0,99,100.0,2026-08-21,1,14709160000.0,2022-10-31,2027-10-31,3.557,2.3489,10105.17,1.1662,10105.17,KANGWON PROVINCIAL22-10,강원지역개발22-10,KR,KANGWON PROVINCIAL DEVELOPMENT22-10,장외,강원지역개발채권 22-10,KR2002012CA8,강원도,Y,16,매우낮은위험(6등급),2026-08-21,,436.0,,1.05,국공채,지역개발,,N,active,N,Y,,,6,1,N
,4.219,,,,고정금리,복리채,지역개발채,공모,10578345000,,,,,22.2233,,,KRW,,,9184.78,4.3133,9184.78,,,,0.0,99,100.0,2026-08-21,1,10527235000.0,2026-01-31,2031-01-31,4.219,22.1816,9185.82,4.327,9185.82,KANGWON PROVINCIAL26-01,강원지역개발26-01,KR,KANGWON PROVINCIAL DEVELOPMENT26-01,장외,강원지역개발채권 26-01,KR2002022G19,강원도,Y,16,매우낮은위험(6등급),2026-08-21,,1624.0,,2.0,국공채,지역개발,,N,active,N,Y,,,6,1,N
,3.528,,,,고정금리,복리채,지역개발채,공모,6154915000,,,,,2.1407,,,KRW,,,10137.76,1.0813,10137.76,,,,0.0,99,100.0,2026-08-21,1,6143420000.0,2022-09-30,2027-09-30,3.528,2.1214,10138.74,1.0827,10138.74,DAEJON PROVINCIAL22-09,대전지역개발22-09,KR,DAEJON PROVINCIAL DEVELOPMENT22-09,장외,대전지역개발채권22-09,KR2003022C94,대전광역시,Y,16,매우낮은위험(6등급),2026-08-21,,405.0,,1.05,국공채,지역개발,,N,active,N,Y,,,6,1,N
,3.528,,,,고정금리,복리채,지역개발채,공모,2132685000,,,,,2.1407,,,KRW,,,10137.76,1.0813,10137.76,,,,0.0,99,100.0,2026-08-21,1,2132685000.0,2022-09-30,2027-09-30,3.528,2.1214,10138.74,1.0827,10138.74,DAEGU PROVINCIAL22-09,대구지역개발22-09,KR,DAEGU PROVINCIAL DEVELOPMENT22-09,장외,대구지역개발채권 22-09,KR2007012C97,대구광역시,Y,16,매우낮은위험(6등급),2026-08-21,,405.0,,1.05,국공채,지역개발,,N,active,N,Y,,,6,1,N
,3.64,,,,고정금리,복리채,도시철도공채,공모,3303815000,,,,,3.193,,,KRW,,,10741.99,1.4099,10741.99,,,,0.0,99,100.0,2026-08-21,1,3303815000.0,2023-01-31,2028-01-31,3.64,3.1526,10743.05,1.4128,10743.05,DAEGU SUBWAY23-01,대구도시철도23-01,KR,DAEGU SUBWAY23-01,장외,대구도시철도공채증권23-01,KR2007024D19,대구광역시,Y,16,매우낮은위험(6등급),2026-08-21,,528.0,,2.5,국공채,도시철도,,N,active,N,Y,,,6,1,N
,3.868,,,,고정금리,복리채,지역개발채,공모,11330350000,,,,,7.2705,,,KRW,,,10342.37,2.2971,10342.37,,,,0.0,99,100.0,2026-08-21,1,11289110000.0,2023-12-31,2028-12-31,3.868,7.2317,10343.45,2.3032,10343.45,ULSAN PROVINCIAL23-12,울산지역개발23-12,KR,ULSAN PROVINCIAL DEVELOPMENT23-12,장외,울산지역개발채권 23-12,KR2008012DC6,울산광역시,Y,16,매우낮은위험(6등급),2026-08-21,,863.0,,2.5,국공채,지역개발,,N,active,N,Y,,,6,1,N
,3.695,,,,고정금리,복리채,지역개발채,공모,17743745000,,,,,3.8051,,,KRW,,,10671.0,1.5666,10671.0,,,,0.0,99,100.0,2026-08-21,1,17573270000.0,2023-03-31,2028-03-31,3.695,3.7658,10672.05,1.5701,10672.05,CHUNGNAM PROVINCIAL23-03,충남지역개발23-03,KR,CHUNGNAM PROVINCIAL DEVELOPMENT23-03,장외,충남지역개발채권 23-03,KR2022022D36,충청남도,Y,16,매우낮은위험(6등급),2026-08-21,,588.0,,2.5,국공채,지역개발,,N,active,N,Y,,,6,1,N
,3.612,,,,고정금리,복리채,지역개발채,공모,25499560000,,,,,2.8988,,,KRW,,,10037.51,1.3273,10037.51,,,,0.0,99,100.0,2026-08-21,1,25370180000.0,2022-12-31,2027-12-31,3.612,2.8607,10038.5,1.3299,10038.5,CHUNGBUK PROVINCIAL22-12,충북지역개발22-12,KR,CHUNGBUK PROVINCIAL DEVELOPMENT22-12,장외,충북지역개발채권 22-12,KR2033022CC6,충청북도,Y,16,매우낮은위험(6등급),2026-08-21,,497.0,,1.05,국공채,지역개발,,N,active,N,Y,,,6,1,N
,4.328,,,,고정금리,복리채,지역개발채,공모,11527750000,,,,,26.9639,,,KRW,,,8953.54,4.7885,8953.54,,,,0.0,99,100.0,2026-08-21,1,11487760000.0,2026-07-31,2031-07-31,4.328,26.938,8954.56,4.8037,8954.56,CHUNGBUK PROVINCIAL26-07,충북지역개발26-07,KR,CHUNGBUK PROVINCIAL DEVELOPMENT26-07,장외,충북지역개발채권 26-07,KR2033022G71,충청북도,Y,16,매우낮은위험(6등급),2026-08-21,,1805.0,,2.0,국공채,지역개발,,N,active,N,Y,,,6,1,N
,3.427,,,,고정금리,복리채,지역개발채,공모,18163260000,,,,,1.4363,,,KRW,,,10235.21,0.8365,10235.21,,,,0.0,99,100.0,2026-08-21,1,18065975000.0,2022-06-30,2027-06-30,3.427,1.4135,10236.15,0.8372,10236.15,JUNBUK PROVINCIAL22-06,전북지역개발22-06,KR,JUNBUK PROVINCIAL DEVELOPMENT22-06,장외,전북지역개발채권22-06,KR2055012C62,전라북도,Y,16,매우낮은위험(6등급),2026-08-21,,313.0,,1.05,국공채,지역개발,,N,active,N,Y,,,6,1,N
,4.064,,,,고정금리,복리채,지역개발채,공모,9120650000,,,,,12.8697,,,KRW,,,9927.77,3.1819,9927.77,,,,0.0,99,100.0,2026-08-21,1,9060120000.0,2024-11-30,2029-11-30,4.064,12.8327,9928.86,3.1911,9928.86,JUNBUK PROVINCIAL24-11,전북지역개발24-11,KR,JUNBUK PROVINCIAL DEVELOPMENT24-11,장외,전북지역개발채권24-11,KR2055012EB8,전라북도,Y,16,매우낮은위험(6등급),2026-08-21,,1197.0,,2.5,국공채,지역개발,,N,active,N,Y,,,6,1,N
,2.897,,,,고정금리,복리채,지역개발채,공모,21361110000,,,,,0.069,,,KRW,,,10502.69,0.1072,10502.69,,,,0.0,99,100.0,2026-08-21,1,21306210000.0,2021-09-30,2026-09-30,2.897,0.0523,10503.52,0.1057,10503.52,KYUNGBUK PROVINCIAL21-09,경북지역개발21-09,KR,KYUNGBUK PROVINCIAL DEVELOPMENT21-09,장외,경북지역개발채권 21-09,KR2077012B91,경상북도,Y,16,매우낮은위험(6등급),2026-08-21,,40.0,,1.05,국공채,지역개발,,N,active,N,Y,,,6,1,N
,4.13,,,,고정금리,복리채,지역개발채,공모,15168730000,,,,,18.6593,,,KRW,,,9379.28,3.9071,9379.28,,,,0.0,99,100.0,2026-08-21,1,15096540000.0,2025-08-31,2030-08-31,4.13,18.6396,9380.34,3.9185,9380.34,KYUNGBUK PROVINCIAL25-08,경북지역개발25-08,KR,KYUNGBUK PROVINCIAL DEVELOPMENT25-08,장외,경북지역개발채권 25-08,KR2077012F89,경상북도,Y,16,매우낮은위험(6등급),2026-08-21,,1471.0,,2.0,국공채,지역개발,,N,active,N,Y,,,6,1,N
,3.143,,,,고정금리,복리채,지역개발채,공모,21910785000,,,,,0.4962,,,KRW,,,10390.19,0.4374,10390.19,,,,0.0,99,100.0,2026-08-21,1,21868860000.0,2022-01-31,2027-01-31,3.143,0.4561,10391.07,0.4372,10391.07,KYUNGBUK PROVINCIAL22-01,경북지역개발22-01,KR,KYUNGBUK PROVINCIAL DEVELOPMENT22-01,장외,경북지역개발채권 22-01,KR2077022C15,경상북도,N,16,매우낮은위험(6등급),2026-08-21,,163.0,,1.05,국공채,지역개발,,N,active,N,Y,,,6,1,N
,3.272,,,,고정금리,복리채,지역개발채,공모,8892025000,,,,,0.8125,,,KRW,,,10330.39,0.5949,10330.39,,,,0.0,99,100.0,2026-08-21,1,8849230000.0,2022-03-31,2027-03-31,3.272,0.7737,10331.3,0.595,10331.3,KYUNGNAM PROVINCIAL22-03,경남지역개발22-03,KR,KYUNGNAM PROVINCIAL DEVELOPMENT22-03,장외,경남지역개발채권 22-03,KR2088022C38,경상남도,Y,16,매우낮은위험(6등급),2026-08-21,,222.0,,1.05,국공채,지역개발,,N,active,N,Y,,,6,1,N
,3.303,,,,고정금리,이표채,일반특수법인채,공모,240000000000,,,,,0.3095,AAA,2020-01-10,KRW,,,9962.52,0.3808,9962.52,,,,0.0,99,100.0,2026-08-21,1,240000000000.0,2020-01-10,2027-01-10,3.303,0.3,9963.4,0.3794,9963.4,KEPCO1016,한국전력1016,KR,KOREA ELECTRIC POWER CORPCORPORATION1016,장외,한국전력공사채권1016,KR350103GA18,한국전력공사(주),Y,16,매우낮은위험(6등급),2026-08-21,,142.0,,1.79,특수채,공사채,,N,active,N,Y,AAA,1,6,1,N
,4.427,,,,고정금리,이표채,일반특수법인채,공모,100000000000,,,,,33.4858,AAA,2012-09-26,KRW,,,9529.44,5.3887,9529.44,,,,0.0,99,100.0,2026-08-21,1,100000000000.0,2012-09-26,2032-09-26,4.427,33.4595,9530.58,5.3966,9530.58,KOREA L&H156,토지주택채권156,KR,KOREA LAND & HOUSING CORPORATION156,장외,토지주택채권 156,KR3561047290,한국토지주택공사,Y,16,매우낮은위험(6등급),2026-08-21,,2228.0,,3.29,특수채,공사채,,N,active,N,Y,AAA,1,6,1,N
,5.233,,,,고정금리,이표채,일반회사채,공모,63000000000,,,,,3.641,A-,2026-07-20,KRW,,,10015.6,1.8387,10015.6,,,,0.0,99,100.0,2026-08-21,1,63000000000.0,2026-07-30,2028-07-30,5.233,3.6333,10017.01,1.8374,10017.01,SK ecoplant186-3,SK에코플랜트186-3,KR,SK ecoplant186-3,장외,SK에코플랜트186-3,KR6003343G72,SK에코플랜트(주),Y,14,보통위험(4등급),2026-08-21,,709.0,,5.153,회사채,일반사채,,N,active,N,Y,A-,7,4,1,N
,4.064,,,,고정금리,복리채,도시철도공채,공모,75075145000,,,,,12.8697,,,KRW,,,9397.7,3.1819,9397.7,,,,0.0,99,100.0,2026-08-21,1,74960090000.0,2022-11-30,2029-11-30,4.064,12.8326,9398.74,3.1911,9398.74,SEOUL SUBWAY22-11,서울도시철도22-11,KR,SEOUL METROPOLITAN CITY SUBWAY BOND22-11,장외,서울도시철도공채증권 22-11,KR2001024CB2,서울특별시,Y,16,매우낮은위험(6등급),2026-08-21,,1197.0,,1.0,국공채,도시철도,,N,active,N,Y,,,6,1,N
,3.668,,,,고정금리,복리채,지역개발채,공모,14427305000,,,,,3.4748,,,KRW,,,10708.04,1.4843,10708.04,,,,0.0,99,100.0,2026-08-21,1,14370385000.0,2023-02-28,2028-02-29,3.668,3.4342,10709.1,1.4875,10709.1,KANGWON PROVINCIAL23-02,강원지역개발23-02,KR,KANGWON PROVINCIAL DEVELOPMENT23-02,장외,강원지역개발채권 23-02,KR2002012D22,강원도,Y,16,매우낮은위험(6등급),2026-08-21,,557.0,,2.5,국공채,지역개발,,N,active,N,Y,,,6,1,N
,4.071,,,,고정금리,복리채,지역개발채,공모,22716805000,,,,,13.4582,,,KRW,,,9891.91,3.2645,9891.91,,,,0.0,99,100.0,2026-08-21,1,22436370000.0,2024-12-31,2029-12-31,4.071,13.4179,9892.99,3.2741,9892.99,KANGWON PROVINCIAL24-12,강원지역개발24-12,KR,KANGWON PROVINCIAL DEVELOPMENT24-12,장외,강원지역개발채권 24-12,KR2002012EC0,강원도,N,16,매우낮은위험(6등급),2026-08-21,,1228.0,,2.5,국공채,지역개발,,N,active,N,Y,,,6,1,N
,3.695,,,,고정금리,복리채,지역개발채,공모,6314180000,,,,,3.8051,,,KRW,,,10671.0,1.5666,10671.0,,,,0.0,99,100.0,2026-08-21,1,6259765000.0,2023-03-31,2028-03-31,3.695,3.7658,10672.05,1.5701,10672.05,DAEJON PROVINCIAL23-03,대전지역개발23-03,KR,DAEJON PROVINCIAL DEVELOPMENT23-03,장외,대전지역개발채권23-03,KR2003012D38,대전광역시,Y,16,매우낮은위험(6등급),2026-08-21,,588.0,,2.5,국공채,지역개발,,N,active,N,Y,,,6,1,N
,4.256,,,,고정금리,복리채,지역개발채,공모,5001400000,,,,,23.7082,,,KRW,,,9108.95,4.4688,9108.95,,,,0.0,99,100.0,2026-08-21,1,5001400000.0,2026-03-31,2031-03-31,4.256,23.6679,9109.99,4.4832,9109.99,DAEJON PROVINCIAL26-03,대전지역개발26-03,KR,DAEJON PROVINCIAL DEVELOPMENT26-03,장외,대전지역개발채권26-03,KR2003022G33,대전광역시,N,16,매우낮은위험(6등급),2026-08-21,,1683.0,,2.0,국공채,지역개발,,N,active,N,Y,,,6,1,N
,4.31,,,,고정금리,복리채,지역개발채,공모,6234120000,,,,,26.1137,,,KRW,,,8992.92,4.7075,8992.92,,,,0.0,99,100.0,2026-08-21,1,6187555000.0,2026-06-30,2031-06-30,4.31,26.083,8993.95,4.7226,8993.95,DAEJON PROVINCIAL26-06,대전지역개발26-06,KR,DAEJON PROVINCIAL DEVELOPMENT26-06,장외,대전지역개발채권26-06,KR2003022G66,대전광역시,N,16,매우낮은위험(6등급),2026-08-21,,1774.0,,2.0,국공채,지역개발,,N,active,N,Y,,,6,1,N
,4.328,,,,고정금리,복리채,지역개발채,공모,7932025000,,,,,26.9639,,,KRW,,,8953.54,4.7885,8953.54,,,,0.0,99,100.0,2026-08-21,1,7914595000.0,2026-07-31,2031-07-31,4.328,26.938,8954.56,4.8037,8954.56,INCHEON PROVINCIAL26-07,인천지역개발26-07,KR,INCHEON PROVINCIAL DEVELOPMENT26-07,장외,인천지역개발채권 26-07,KR2004022G72,인천광역시,N,16,매우낮은위험(6등급),2026-08-21,,1805.0,,2.0,국공채,지역개발,,N,active,N,Y,,,6,1,N
,3.557,,,,고정금리,복리채,지역개발채,공모,7352870000,,,,,2.3767,,,KRW,,,10104.19,1.1643,10104.19,,,,0.0,99,100.0,2026-08-21,1,7347445000.0,2022-10-31,2027-10-31,3.557,2.3489,10105.17,1.1662,10105.17,KWANGJU PROVINCIAL22-10,광주지역개발22-10,KR,KWANGJU PROVINCIAL DEVELOPMENT22-10,장외,광주지역개발채권 22-10,KR2005012CA5,전남광주통합특별시,Y,16,매우낮은위험(6등급),2026-08-21,,436.0,,1.05,국공채,지역개발,,N,active,N,Y,,,6,1,N
,3.837,,,,고정금리,복리채,지역개발채,공모,7242810000,,,,,6.0435,,,KRW,,,10449.26,2.0513,10449.26,,,,0.0,99,100.0,2026-08-21,1,7235075000.0,2023-09-30,2028-09-30,3.837,6.0217,10450.36,2.0561,10450.36,KWANGJU PROVINCIAL23-09,광주지역개발23-09,KR,KWANGJU PROVINCIAL DEVELOPMENT23-09,장외,광주지역개발채권 23-09,KR2005022D98,전남광주통합특별시,N,16,매우낮은위험(6등급),2026-08-21,,771.0,,2.5,국공채,지역개발,,N,active,N,Y,,,6,1,N
,3.858,,,,고정금리,복리채,지역개발채,공모,7808355000,,,,,6.8382,,,KRW,,,10378.27,2.2144,10378.27,,,,0.0,99,100.0,2026-08-21,1,7797520000.0,2023-11-30,2028-11-30,3.858,6.8033,10379.36,2.2201,10379.36,KWANGJU PROVINCIAL23-11,광주지역개발23-11,KR,KWANGJU PROVINCIAL DEVELOPMENT23-11,장외,광주지역개발채권 23-11,KR2005022DB0,전남광주통합특별시,N,16,매우낮은위험(6등급),2026-08-21,,832.0,,2.5,국공채,지역개발,,N,active,N,Y,,,6,1,N
,3.868,,,,고정금리,복리채,지역개발채,공모,10021380000,,,,,7.2705,,,KRW,,,10342.37,2.2971,10342.37,,,,0.0,99,100.0,2026-08-21,1,10009035000.0,2023-12-31,2028-12-31,3.868,7.2317,10343.45,2.3032,10343.45,KWANGJU PROVINCIAL23-12,광주지역개발23-12,KR,KWANGJU PROVINCIAL DEVELOPMENT23-12,장외,광주지역개발채권 23-12,KR2005022DC8,전남광주통합특별시,N,16,매우낮은위험(6등급),2026-08-21,,863.0,,2.5,국공채,지역개발,,N,active,N,Y,,,6,1,N
,3.612,,,,고정금리,복리채,지역개발채,공모,19792260000,,,,,2.8988,,,KRW,,,10037.51,1.3273,10037.51,,,,0.0,99,100.0,2026-08-21,1,19767495000.0,2022-12-31,2027-12-31,3.612,2.8607,10038.5,1.3299,10038.5,BUSAN PROVINCIAL22-12,부산지역개발22-12,KR,BUSAN PROVINCIAL DEVELOPMENT22-12,장외,부산지역개발채권 22-12,KR2006022CC9,부산광역시,Y,16,매우낮은위험(6등급),2026-08-21,,497.0,,1.05,국공채,지역개발,,N,active,N,Y,,,6,1,N
,4.535,,,,고정금리,이표채,일반회사채,공모,80000000000,,,,,19.6171,AA+,2021-02-24,KRW,,,9030.47,4.2464,9030.47,,,,0.0,99,100.0,2026-08-21,1,80000000000.0,2021-02-24,2031-02-24,4.535,19.5999,9031.58,4.2484,9031.58,SK295-4(G),SK295-4(녹),KR,SK Inc.295-4(G),장외,SK295-4(녹),KR6034734B20,SK(주),N,15,낮은위험(5등급),2026-08-21,,1648.0,,2.025,회사채,일반사채,,N,active,N,Y,AA+,2,5,1,N
,3.92,,,,고정금리,복리채,지역개발채,공모,2795815000,,,,,8.6272,,,KRW,,,10232.58,2.5359,10232.58,,,,0.0,99,100.0,2026-08-21,1,2779935000.0,2024-03-31,2029-03-31,3.92,8.5877,10233.65,2.5429,10233.65,BUSAN PROVINCIAL24-03,부산지역개발24-03,KR,BUSAN PROVINCIAL DEVELOPMENT24-03,장외,부산지역개발채권 24-03,KR2006022E38,부산광역시,N,16,매우낮은위험(6등급),2026-08-21,,953.0,,2.5,국공채,지역개발,,N,active,N,Y,,,6,1,N
,3.946,,,,고정금리,복리채,지역개발채,공모,2554325000,,,,,9.1116,,,KRW,,,10193.4,2.6151,10193.4,,,,0.0,99,100.0,2026-08-21,1,2532360000.0,2024-04-30,2029-04-30,3.946,9.075,10194.47,2.6223,10194.47,BUSAN PROVINCIAL24-04,부산지역개발24-04,KR,BUSAN PROVINCIAL DEVELOPMENT24-04,장외,부산지역개발채권 24-04,KR2006022E46,부산광역시,N,16,매우낮은위험(6등급),2026-08-21,,983.0,,2.5,국공채,지역개발,,N,active,N,Y,,,6,1,N
,4.051,,,,고정금리,복리채,도시철도공채,공모,2380305000,,,,,11.7657,,,KRW,,,9998.72,3.019,9998.72,,,,0.0,99,100.0,2026-08-21,1,2380305000.0,2024-09-30,2029-09-30,4.051,11.7405,9999.82,3.0272,9999.82,DAEGU SUBWAY24-09,대구도시철도24-09,KR,DAEGU SUBWAY24-09,장외,대구도시철도공채증권 24-09,KR2007024E91,대구광역시,Y,16,매우낮은위험(6등급),2026-08-21,,1136.0,,2.5,국공채,도시철도,,N,active,N,Y,,,6,1,N
,4.064,,,,고정금리,복리채,도시철도공채,공모,2768120000,,,,,12.8697,,,KRW,,,9927.77,3.1819,9927.77,,,,0.0,99,100.0,2026-08-21,1,2768120000.0,2024-11-30,2029-11-30,4.064,12.8327,9928.86,3.1911,9928.86,DAEGU SUBWAY24-11,대구도시철도24-11,KR,DAEGU SUBWAY24-11,장외,대구도시철도공채증권 24-11,KR2007024EB2,대구광역시,Y,16,매우낮은위험(6등급),2026-08-21,,1197.0,,2.5,국공채,도시철도,,N,active,N,Y,,,6,1,N
,4.098,,,,고정금리,복리채,도시철도공채,공모,1840495000,,,,,15.9038,,,KRW,,,9753.6,3.5828,9753.6,,,,0.0,99,100.0,2026-08-21,1,1796565000.0,2025-04-30,2030-04-30,4.098,15.8657,9754.66,3.5935,9754.66,DAEGU SUBWAY25-04,대구도시철도25-04,KR,DAEGU SUBWAY25-04,장외,대구도시철도공채증권 25-04,KR2007024F41,대구광역시,Y,16,매우낮은위험(6등급),2026-08-21,,1348.0,,2.5,국공채,도시철도,,N,active,N,Y,,,6,1,N
,2.974,,,,고정금리,복리채,지역개발채,공모,108513820000,,,,,0.241,,,KRW,,,10450.03,0.2714,10450.03,,,,0.0,99,100.0,2026-08-21,1,108358630000.0,2021-11-30,2026-11-30,2.974,0.208,10450.87,0.2705,10450.87,KYUNGKI PROVINCIAL21-11,경기지역개발21-11,KR,KYUNGKI PROVINCIAL DEVELOPMENT21-11,장외,경기지역개발채권 21-11,KR2044022BB7,경기도,Y,16,매우낮은위험(6등급),2026-08-21,,101.0,,1.05,국공채,지역개발,,N,active,N,Y,,,6,1,N
,3.64,,,,고정금리,복리채,지역개발채,공모,13209500000,,,,,3.193,,,KRW,,,10741.99,1.4099,10741.99,,,,0.0,99,100.0,2026-08-21,1,13192060000.0,2023-01-31,2028-01-31,3.64,3.1526,10743.05,1.4128,10743.05,JUNBUK PROVINCIAL23-01,전북지역개발23-01,KR,JUNBUK PROVINCIAL DEVELOPMENT23-01,장외,전북지역개발채권23-01,KR2055012D12,전라북도,Y,16,매우낮은위험(6등급),2026-08-21,,528.0,,2.5,국공채,지역개발,,N,active,N,Y,,,6,1,N
,4.31,,,,고정금리,복리채,지역개발채,공모,6657720000,,,,,26.1137,,,KRW,,,8992.92,4.7075,8992.92,,,,0.0,99,100.0,2026-08-21,1,6172805000.0,2026-06-30,2031-06-30,4.31,26.083,8993.95,4.7226,8993.95,KYUNGNAM PROVINCIAL26-06,경남지역개발26-06,KR,KYUNGNAM PROVINCIAL DEVELOPMENT26-06,장외,경남지역개발채권 26-06,KR2088022G67,경상남도,Y,16,매우낮은위험(6등급),2026-08-21,,1774.0,,2.0,국공채,지역개발,,N,active,N,Y,,,6,1,N
,3.837,,,,고정금리,복리채,지역개발채,공모,2716105000,,,,,6.0435,,,KRW,,,10449.26,2.0513,10449.26,,,,0.0,99,100.0,2026-08-21,1,2705475000.0,2023-09-30,2028-09-30,3.837,6.0217,10450.36,2.0561,10450.36,SEJONG PROVINCIAL23-09,세종지역개발23-09,KR,SEJONG PROVINCIAL DEVELOPMENT23-09,장외,세종지역개발채권23-09,KR2101012D97,세종특별자치시,Y,16,매우낮은위험(6등급),2026-08-21,,771.0,,2.5,국공채,지역개발,,N,active,N,Y,,,6,1,N
,4.328,,,,고정금리,복리채,지역개발채,공모,15524155000,,,,,26.9639,,,KRW,,,8953.54,4.7885,8953.54,,,,0.0,99,100.0,2026-08-21,1,15435705000.0,2026-07-31,2031-07-31,4.328,26.938,8954.56,4.8037,8954.56,Jeonnam-Gwangju Prov26-07,전남광주지역개발26-07,KR,Jeonnam-Gwangju Provincial Development26-07,장외,전남광주통합특별시지역개발채권 26-07,KR2106012G77,전남광주통합특별시,Y,16,매우낮은위험(6등급),2026-08-21,,1805.0,,2.0,국공채,지역개발,,N,active,N,Y,,,6,1,N
,3.776,,,,고정금리,이표채,일반특수법인채,공모,130000000000,,,,,1.292,AAA,2020-09-04,KRW,,,9805.96,1.0205,9805.96,,,,0.0,99,100.0,2026-08-21,1,130000000000.0,2020-09-04,2027-09-04,3.776,1.2864,9806.96,1.0193,9806.96,NACF2020-9COUP7Y-A,농금채(중앙회)2020-9이7Y-A,KR,NATIONAL AGRICULTURAL COOPERATIVE FEDERATION2020-9COUP7Y-A,장외,농업금융채권(중앙회) 2020-9이7Y-A,KR381101GA98,농업협동조합중앙회,N,16,매우낮은위험(6등급),2026-08-21,,379.0,,1.54,특수채,공사채,,N,active,N,Y,AAA,1,6,1,N
,4.273,,,,고정금리,이표채,일반회사채,공모,95000000000,,,,,0.2131,A-,2025-07-25,KRW,,,10020.69,0.4214,10020.69,,,,0.0,99,100.0,2026-08-21,1,95000000000.0,2025-07-25,2027-01-25,4.273,0.2112,10021.84,0.4195,10021.84,SK ecoplant184-2,SK에코플랜트184-2,KR,SK ecoplant184-2,장외,SK에코플랜트184-2,KR6003343F73,SK에코플랜트(주),Y,14,보통위험(4등급),2026-08-21,,157.0,,4.065,회사채,일반사채,,N,active,N,Y,A-,7,4,1,N
,4.624,,,,고정금리,이표채,일반회사채,공모,96000000000,,,,,6.4959,A+,2026-03-11,KRW,,,9925.52,2.3945,9925.52,,,,0.0,99,100.0,2026-08-21,1,96000000000.0,2026-03-11,2029-03-09,4.624,6.4843,9926.76,2.3948,9926.76,GC Biopharma45-2,녹십자45-2,KR,GC Biopharma45-2,장외,녹십자45-2,KR6006282G37,(주)녹십자,Y,14,보통위험(4등급),2026-08-21,,931.0,,3.992,회사채,일반사채,,N,active,N,Y,A+,5,4,1,N
,3.255,,,,고정금리,이표채,일반회사채,공모,63000000000,,,,,0.0116,A-,2026-06-24,KRW,,,10083.76,0.0561,10083.76,,,,0.0,99,100.0,2026-08-21,1,63000000000.0,2024-09-11,2026-09-11,3.255,0.0093,10084.65,0.0541,10084.65,DOOSAN ENERBILITY79-1,두산에너빌리티79-1,KR,DOOSAN ENERBILITY79-1,장외,두산에너빌리티79-1,KR6034021E94,두산에너빌리티(주),Y,14,보통위험(4등급),2026-08-21,,21.0,,4.1,회사채,일반사채,,N,active,N,Y,A-,7,4,1,N
,4.03,,,,고정금리,이표채,금융지주회사채,공모,200000000000,,,,,240.3906,AA-,2024-09-25,KRW,,,9922.72,6.6798,9922.72,,,,0.0,99,100.0,2026-08-21,1,200000000000.0,2024-09-25,2029-09-25,4.03,240.3285,9923.69,10.004,9923.69,NHFG CoCoBond(PWD)7,농협금융 조건부(상)7,KR,NONGHYUP FINANCIAL Contingent Convertible Bond(PWD)7,장외,NH농협금융지주 조건부자본증권(상)7(조건상각/콜/후),KR6166261E93,농협금융지주(주),Y,11,매우높은위험(1등급),2026-08-21,,1131.0,,3.95,회사채,일반사채,,N,active,N,Y,AA-,4,1,1,N
,4.114,,,,고정금리,이표채,할부금융채,공모,110000000000,,,,,0.3345,A+,2024-08-13,KRW,,,10031.82,0.4705,10031.82,,,,0.0,99,100.0,2026-08-21,1,110000000000.0,2024-08-13,2027-02-12,4.114,0.3311,10032.94,0.4689,10032.94,MERITZ CAPITAL260-2,메리츠캐피탈260-2,KR,MERITZ CAPITAL260-2,장외,메리츠캐피탈260-2,KR6169372E85,메리츠캐피탈(주),Y,14,보통위험(4등급),2026-08-21,,175.0,,4.581,회사채,일반사채,,N,active,N,Y,A+,5,4,1,N
,4.861,,,,고정금리,이표채,할부금융채,공모,80000000000,,,,,3.5864,A+,2026-06-29,KRW,,,10087.73,1.756,10087.73,0.0,,0.0,0.0,99,100.0,2026-08-21,1,80000000000.0,2026-06-29,2028-06-29,4.861,3.5769,10089.05,1.7558,10089.05,MERITZ CAPITAL302-3,메리츠캐피탈302-3,KR,MERITZ CAPITAL302-3,장내,메리츠캐피탈302-3,KR6169376G63,메리츠캐피탈(주),N,14,보통위험(4등급),2026-08-21,,678.0,,4.956,회사채,일반사채,,N,active,N,Y,A+,5,4,1,N
,4.995,,,,고정금리,이표채,금융지주회사채,공모,300000000000,,,,,216.5869,AA-,2022-07-28,KRW,,,10021.93,5.0296,10021.93,,,,0.0,99,100.0,2026-08-21,1,300000000000.0,2022-07-28,2027-07-28,4.995,216.5282,10023.03,8.2448,10023.03,WRFG CoCo Bond(PWD)12(HY),우리금융조건부(상)12(신종),KR,WRFG CoCo Bond(PWD)12(HY),장외,우리금융조건부(상)12(신종)(조건상각/콜/후),KR6316141C76,(주)우리금융지주,N,11,매우높은위험(1등급),2026-08-21,,341.0,,4.99,회사채,일반사채,,N,active,N,Y,AA-,4,1,1,N
,4.171,,,,고정금리,이표채,할부금융채,공모,60000000000,,,,,0.3776,A+,2025-02-28,KRW,,,10066.34,0.504,10066.34,,,,0.0,99,100.0,2026-08-21,1,60000000000.0,2025-02-28,2027-02-26,4.171,0.3745,10067.48,0.5025,10067.48,MERITZ CAPITAL272-3,메리츠캐피탈272-3,KR,MERITZ CAPITAL272-3,장외,메리츠캐피탈 272-3,KR6169378F21,메리츠캐피탈(주),Y,14,보통위험(4등급),2026-08-21,,189.0,,3.766,회사채,일반사채,,N,active,N,Y,A+,5,4,1,N
,4.95,,,,고정금리,이표채,일반회사채,공모,100000000000,,,,,13.4478,A0,2025-05-28,KRW,,,9610.27,3.4731,9610.27,,,,0.0,99,100.0,2026-08-21,1,100000000000.0,2025-05-28,2030-05-28,4.95,13.4334,9611.57,3.4747,9611.57,KAL111-3,대한항공111-3,KR,KOREAN AIR LINES111-3,장외,대한항공111-3,KR6003493F55,(주)대한항공,Y,14,보통위험(4등급),2026-08-21,,1376.0,,3.57,회사채,일반사채,,N,active,N,Y,A,6,4,1,N
3.9274,4.113,0.0,온오프 겸용,0,고정금리,복리채,도시철도공채,공모,67989290000,0.0,4.079,3.9274,4.3243,17.2456,,,KRW,4.642,6.036,10111.62,3.7437,10111.62,,,,0.0,99,100.0,2026-08-21,2,67879025000.0,2023-06-30,2030-06-30,4.113,17.2166,10112.72,3.7548,10112.72,SEOUL SUBWAY23-06,서울도시철도23-06,KR,SEOUL METROPOLITAN CITY SUBWAY BOND23-06,장외,서울도시철도공채증권 23-06,KR2001024D61,서울특별시,Y,16,매우낮은위험(6등급),2026-08-21,4.0795,1409.0,2026-08-21,2.5,국공채,도시철도,10124.0,N,active,N,Y,,,6,1,N
4.1747,4.237,0.0,온오프 겸용,0,고정금리,복리채,도시철도공채,공모,2528605000,0.0,4.199,4.1747,4.5259,22.9206,,,KRW,4.934,6.726,9148.82,4.3871,9148.82,,,,0.0,99,100.0,2026-08-21,2,2505465000.0,2026-02-28,2031-02-28,4.237,22.8791,9149.86,4.4013,9149.86,BUSAN SUBWAY26-02,부산도시철도26-02,KR,BUSAN SUBWAY26-02,장외,부산도시철도공채증권 26-02,KR2006014G28,부산광역시,Y,16,매우낮은위험(6등급),2026-08-21,4.3093,1652.0,2026-08-21,2.0,국공채,도시철도,9163.0,N,active,N,Y,,,6,1,N
3.3634,3.528,0.0,온오프 겸용,0,고정금리,복리채,도시철도공채,공모,8262575000,0.0,3.514,3.3634,3.5289,2.1407,,,KRW,3.975,5.932,10137.76,1.0813,10137.76,,,,0.0,99,100.0,2026-08-21,2,8220775000.0,2022-09-30,2027-09-30,3.528,2.1214,10138.74,1.0827,10138.74,BUSAN SUBWAY22-09,부산도시철도22-09,KR,BUSAN SUBWAY22-09,장외,부산도시철도공채증권 22-09,KR2006024C95,부산광역시,Y,16,매우낮은위험(6등급),2026-08-21,3.4287,405.0,2026-08-21,1.05,국공채,도시철도,10139.0,N,active,N,Y,,,6,1,N
3.3274,3.695,0.0,온오프 겸용,0,고정금리,복리채,지역개발채,공모,17303560000,0.0,3.673,3.3274,3.7219,3.8051,,,KRW,3.933,4.859,10671.0,1.5666,10671.0,,,,0.0,99,100.0,2026-08-21,2,17253640000.0,2023-03-31,2028-03-31,3.695,3.7658,10672.05,1.5701,10672.05,CHUNGBUK PROVINCIAL23-03,충북지역개발23-03,KR,CHUNGBUK PROVINCIAL DEVELOPMENT23-03,장외,충북지역개발채권 23-03,KR2033022D33,충청북도,Y,16,매우낮은위험(6등급),2026-08-21,3.4786,588.0,2026-08-21,2.5,국공채,지역개발,10674.0,N,active,N,Y,,,6,1,N
3.3274,3.695,0.0,온오프 겸용,0,고정금리,복리채,지역개발채,공모,91980250000,0.0,3.673,3.3274,3.7219,3.8051,,,KRW,3.933,4.859,10671.0,1.5666,10671.0,,,,0.0,99,100.0,2026-08-21,2,91518590000.0,2023-03-31,2028-03-31,3.695,3.7658,10672.05,1.5701,10672.05,KYUNGKI PROVINCIAL23-03,경기지역개발23-03,KR,KYUNGKI PROVINCIAL DEVELOPMENT23-03,장외,경기지역개발채권 23-03,KR2044022D30,경기도,Y,16,매우낮은위험(6등급),2026-08-21,3.4786,588.0,2026-08-21,2.5,국공채,지역개발,10674.0,N,active,N,Y,,,6,1,N
3.8463,4.084,0.0,온오프 겸용,0,고정금리,복리채,지역개발채,공모,15054240000,0.0,4.05,3.8463,4.2649,14.6277,,,KRW,4.546,5.78,9823.67,3.4213,9823.67,,,,0.0,99,100.0,2026-08-21,2,14943180000.0,2025-02-28,2030-02-28,4.084,14.5857,9824.75,3.4315,9824.75,KYUNGBUK PROVINCIAL25-02,경북지역개발25-02,KR,KYUNGBUK PROVINCIAL DEVELOPMENT25-02,장외,경북지역개발채권 25-02,KR2077022F20,경상북도,Y,16,매우낮은위험(6등급),2026-08-21,4.0066,1287.0,2026-08-21,2.5,국공채,지역개발,9835.0,N,active,N,Y,,,6,1,N
4.0637,4.273,0.0,온오프 겸용,0,고정금리,이표채,일반특수법인채,공모,190000000000,0.0,4.239,4.0637,4.3687,11.919,AAA,2019-12-30,KRW,4.803,6.709,9271.75,3.2075,9271.75,,,,0.0,99,100.0,2026-08-21,2,190000000000.0,2019-12-30,2029-12-30,4.273,11.8995,9272.82,3.2113,9272.82,KEPCO1013,한국전력1013,KR,KOREA ELECTRIC POWER CORPCORPORATION1013,장외,한국전력공사채권1013,KR350106G9C5,한국전력공사(주),Y,16,매우낮은위험(6등급),2026-08-21,4.1805,1227.0,2026-08-21,1.84,특수채,공사채,9281.0,N,active,N,Y,AAA,1,6,1,N
3.8438,4.111,0.0,온오프 겸용,0,고정금리,이표채,일반회사채,공모,50000000000,0.0,4.092,3.8438,4.1382,2.3821,AA-,2021-02-04,KRW,4.543,6.32,9692.02,1.4246,9692.02,,,,0.0,99,100.0,2026-08-21,2,50000000000.0,2021-02-04,2028-02-04,4.111,2.3744,9693.09,1.4239,9693.09,CJ Korea Express98-3,CJ대한통운98-3,KR,CJ Korea Express98-3,장외,CJ대한통운98-3,KR6000123B20,씨제이대한통운(주),Y,15,낮은위험(5등급),2026-08-21,3.9566,532.0,2026-08-21,1.858,회사채,일반사채,9694.0,N,active,N,Y,AA-,4,5,1,N
3.7678,4.517,0.0,온오프 겸용,0,고정금리,이표채,일반회사채,공모,205000000000,0.0,4.496,3.7678,4.461,3.4197,A0,2026-05-27,KRW,4.453,4.421,10091.7,1.712,10091.7,,,,0.0,99,100.0,2026-08-21,2,205000000000.0,2026-06-11,2028-06-09,4.517,3.4109,10092.94,1.7116,10092.94,KAL118-1,대한항공118-1,KR,KOREAN AIR LINES118-1,장외,대한항공118-1,KR6003491G64,(주)대한항공,Y,14,보통위험(4등급),2026-08-21,4.0334,658.0,2026-08-21,4.542,회사채,일반사채,10095.0,N,active,N,Y,A,6,4,1,N
4.1458,4.323,0.0,온오프 겸용,0,고정금리,이표채,금융지주회사채,공모,60000000000,0.0,4.289,4.1458,4.4469,12.0432,AAA,2020-02-06,KRW,4.9,6.888,9202.16,3.3257,9202.16,,,,0.0,99,100.0,2026-08-21,2,60000000000.0,2020-02-06,2030-02-06,4.323,12.0282,9203.23,3.3267,9203.23,SHFG131-3,신한금융지주131-3,KR,SHINHAN FINANCIAL GROUP131-3,장외,신한금융지주131-3,KR6055553A24,(주)신한금융지주회사,N,15,낮은위험(5등급),2026-08-21,4.2611,1265.0,2026-08-21,1.805,회사채,일반사채,9212.0,N,active,N,Y,AAA,1,5,1,N
4.2252,4.343,0.0,온오프 겸용,0,고정금리,이표채,금융지주회사채,공모,140000000000,0.0,4.308,4.2252,4.5045,15.0155,AAA,2020-07-09,KRW,4.994,7.141,9060.07,3.7234,9060.07,,,,0.0,99,100.0,2026-08-21,2,140000000000.0,2020-07-09,2030-07-09,4.343,14.9987,9061.13,3.7248,9061.13,HANA FINANCIAL GROUP48-2,하나금융지주48-2,KR,HANA FINANCIAL GROUP48-2,장외,하나금융지주 48-2,KR6086792A79,(주)하나금융지주,N,15,낮은위험(5등급),2026-08-21,4.3322,1418.0,2026-08-21,1.646,회사채,일반사채,9071.0,N,active,N,Y,AAA,1,5,1,N
,2.926,,,,고정금리,복리채,도시철도공채,공모,62928075000,,,,,0.1464,,,KRW,,,10649.4,0.1907,10649.4,,,,0.0,99,100.0,2026-08-21,1,62817010000.0,2019-10-31,2026-10-31,2.926,0.1203,10650.25,0.1895,10650.25,SEOUL SUBWAY19-10,서울도시철도19-10,KR,SEOUL METROPOLITAN CITY SUBWAY BOND19-10,장외,서울도시철도공채증권 19-10,KR20010249A9,서울특별시,Y,16,매우낮은위험(6등급),2026-08-21,,71.0,,1.0,국공채,도시철도,,N,active,N,Y,,,6,1,N
,3.272,,,,고정금리,복리채,지역개발채,공모,15074200000,,,,,0.8125,,,KRW,,,10330.39,0.5949,10330.39,,,,0.0,99,100.0,2026-08-21,1,15028920000.0,2022-03-31,2027-03-31,3.272,0.7737,10331.3,0.595,10331.3,KANGWON PROVINCIAL22-03,강원지역개발22-03,KR,KANGWON PROVINCIAL DEVELOPMENT22-03,장외,강원지역개발채권 22-03,KR2002022C39,강원도,Y,16,매우낮은위험(6등급),2026-08-21,,222.0,,1.05,국공채,지역개발,,N,active,N,Y,,,6,1,N
,4.329,,,,고정금리,이표채,증권금융채(특수금융),공모,200000000000,,,,,9.9862,AAA,2019-10-08,KRW,,,9241.89,3.0217,9241.89,0.0,,0.0,0.0,99,100.0,2026-08-21,1,200000000000.0,2019-10-08,2029-10-08,4.329,9.9717,9242.97,3.0225,9242.97,KSF2019-4,증권금융채권2019-4,KR,KOREA SECURITIES FINANCE2019-4,장내,증권금융채권2019-4,KR60288219A3,한국증권금융(주),Y,15,낮은위험(5등급),2026-08-21,,1144.0,,1.659,회사채,일반사채,,N,active,N,Y,AAA,1,5,1,N
4.24,4.149,0.0,온오프 겸용,0,고정금리,복리채,국민주택1종,공모,1262886630000,0.0,4.113,4.24,4.4193,22.2526,,,KRW,5.011,7.609,8770.09,4.3154,8770.09,,,,0.0,99,100.0,2026-08-21,2,1259977510000.0,2026-01-31,2031-01-31,4.149,22.212,8771.07,4.329,8771.07,KNHB (Ⅰ)26-01,국민주택1종26-01,KR,KOREA NATIONAL HOUSING BOND (Ⅰ)26-01,장외,국민주택1종채권 26-01,KR101501DG10,대한민국,Y,16,매우낮은위험(6등급),2026-08-21,4.3087,1624.0,2026-08-21,1.0,국공채,국민주택,8783.0,N,active,N,Y,,,6,1,N
4.5899,4.409,0.0,온오프 겸용,0,고정금리,이표채,국고채권,공모,9849000000000,0.0,4.359,4.5899,4.8874,90.0366,,,KRW,5.425,7.784,7723.92,9.0149,7723.92,,,,0.0,99,100.0,2026-08-21,2,9169000000000.0,2016-09-10,2036-09-10,4.409,89.9979,7724.85,9.0294,7724.85,KTB01500-3609(16-6),국고01500-3609(16-6),KR,KOREA TREASURY BOND01500-3609(16-6),장외,국고채권 01500-3609(16-6),KR103502G693,대한민국,Y,16,매우낮은위험(6등급),2026-08-21,4.7039,3673.0,2026-08-21,1.5,국공채,국고채,7759.0,N,active,N,Y,,,6,1,N
4.287,4.729,0.0,온오프 겸용,0,고정금리,이표채,국고채권,공모,14089051000000,0.0,4.686,4.287,4.9399,349.8558,,,KRW,5.067,5.625,8485.46,15.8537,8485.46,,,,0.0,99,100.0,2026-08-21,2,17574101000000.0,2023-09-10,2053-09-10,4.729,349.8018,8486.55,15.8831,8486.55,KTB03625-5309(23-7),국고03625-5309(23-7),KR,KOREA TREASURY BOND03625-5309(23-7),장외,국고채권 03625-5309(23-7),KR103502GD98,대한민국,Y,16,매우낮은위험(6등급),2026-08-21,4.5371,9882.0,2026-08-21,3.625,국공채,국고채,8543.0,N,active,N,Y,,,6,1,N
3.9359,4.331,0.0,온오프 겸용,0,고정금리,이표채,국고채권,공모,15319000000000,0.0,4.285,3.9359,4.4394,59.1151,,,KRW,4.652,5.585,9137.77,7.1938,9137.77,,,,0.0,99,100.0,2026-08-21,2,15809000000000.0,2024-12-10,2034-12-10,4.331,59.0822,9138.84,7.2049,9138.84,KTB03000-3412(24-13),국고03000-3412(24-13),KR,KOREA TREASURY BOND03000-3412(24-13),장외,국고채권 03000-3412(24-13),KR103502GEC4,대한민국,Y,16,매우낮은위험(6등급),2026-08-21,4.1288,3033.0,2026-08-21,3.0,국공채,국고채,9168.0,N,active,N,Y,,,6,1,N
4.1137,4.237,0.0,온오프 겸용,0,고정금리,복리채,도시철도공채,공모,39601790000,0.0,4.199,4.1137,4.5243,22.9205,,,KRW,4.862,6.345,9789.96,4.3871,9789.96,,,,0.0,99,100.0,2026-08-21,2,39477490000.0,2024-02-29,2031-02-28,4.237,22.879,9791.08,4.4013,9791.08,SEOUL SUBWAY24-02,서울도시철도24-02,KR,SEOUL METROPOLITAN CITY SUBWAY BOND24-02,장외,서울도시철도공채증권 24-02,KR2001024E29,서울특별시,Y,16,매우낮은위험(6등급),2026-08-21,4.271,1652.0,2026-08-21,2.5,국공채,도시철도,9806.0,N,active,N,Y,,,6,1,N
4.2687,4.343,0.0,온오프 겸용,0,고정금리,복리채,도시철도공채,공모,46715090000,0.0,4.302,4.2687,4.6898,27.8185,,,KRW,5.045,6.606,9540.24,4.87,9540.24,,,,0.0,99,100.0,2026-08-21,2,46674500000.0,2024-08-31,2031-08-31,4.343,27.7949,9541.37,4.8854,9541.37,SEOUL SUBWAY24-08,서울도시철도24-08,KR,SEOUL METROPOLITAN CITY SUBWAY BOND24-08,장외,서울도시철도공채증권 24-08,KR2001024E86,서울특별시,Y,16,매우낮은위험(6등급),2026-08-21,4.43,1836.0,2026-08-21,2.5,국공채,도시철도,9559.0,N,active,N,Y,,,6,1,N
4.3858,4.396,0.0,온오프 겸용,0,고정금리,복리채,도시철도공채,공모,51339415000,0.0,4.355,4.3858,4.8178,33.9459,,,KRW,5.184,6.79,9279.25,5.4328,9279.25,,,,0.0,99,100.0,2026-08-21,2,51190685000.0,2025-03-31,2032-03-31,4.396,33.9072,9280.34,5.4514,9280.34,SEOUL SUBWAY25-03,서울도시철도25-03,KR,SEOUL METROPOLITAN CITY SUBWAY BOND25-03,장외,서울도시철도공채증권 25-03,KR2001024F36,서울특별시,Y,16,매우낮은위험(6등급),2026-08-21,4.5513,2049.0,2026-08-21,2.5,국공채,도시철도,9299.0,N,active,N,Y,,,6,1,N
3.4682,3.612,0.0,온오프 겸용,0,고정금리,복리채,지역개발채,공모,14578015000,0.0,3.596,3.4682,3.6358,2.8988,,,KRW,4.099,6.132,10037.51,1.3273,10037.51,,,,0.0,99,100.0,2026-08-21,2,14455250000.0,2022-12-31,2027-12-31,3.612,2.8607,10038.5,1.3299,10038.5,ULSAN PROVINCIAL22-12,울산지역개발22-12,KR,ULSAN PROVINCIAL DEVELOPMENT22-12,장외,울산지역개발채권 22-12,KR2008012CC8,울산광역시,N,16,매우낮은위험(6등급),2026-08-21,3.5325,497.0,2026-08-21,1.05,국공채,지역개발,10039.0,N,active,N,Y,,,6,1,N
4.2556,4.293,0.0,온오프 겸용,0,고정금리,복리채,지역개발채,공모,39828775000,0.0,4.254,4.2556,4.6105,25.3051,,,KRW,5.03,6.87,9030.69,4.6289,9030.69,,,,0.0,99,100.0,2026-08-21,2,39580005000.0,2026-05-31,2031-05-31,4.293,25.2707,9031.71,4.6439,9031.71,KYUNGKI PROVINCIAL26-05,경기지역개발26-05,KR,KYUNGKI PROVINCIAL DEVELOPMENT26-05,장외,경기지역개발채권 26-05,KR2044022G52,경기도,Y,16,매우낮은위험(6등급),2026-08-21,4.3916,1744.0,2026-08-21,2.0,국공채,지역개발,9047.0,N,active,N,Y,,,6,1,N
3.9129,4.12,0.0,온오프 겸용,0,고정금리,복리채,지역개발채,공모,13780595000,0.0,4.086,3.9129,4.3369,17.9525,,,KRW,4.625,5.888,9648.54,3.8253,9648.54,,,,0.0,99,100.0,2026-08-21,2,13665460000.0,2025-07-31,2030-07-31,4.12,17.9298,9649.59,3.8365,9649.59,CHUNNAM PROVINCIAL25-07,전남지역개발25-07,KR,CHUNNAM PROVINCIAL DEVELOPMENT25-07,장외,전남지역개발채권 25-07,KR2066022F72,전남광주통합특별시,Y,16,매우낮은위험(6등급),2026-08-21,4.0753,1440.0,2026-08-21,2.5,국공채,지역개발,9661.0,N,active,N,Y,,,6,1,N
4.0096,4.13,0.0,온오프 겸용,0,고정금리,복리채,지역개발채,공모,11679795000,0.0,4.095,4.0096,4.3539,18.6593,,,KRW,4.739,6.429,9379.28,3.9071,9379.28,,,,0.0,99,100.0,2026-08-21,2,11652515000.0,2025-08-31,2030-08-31,4.13,18.6396,9380.34,3.9185,9380.34,CHUNNAM PROVINCIAL25-08,전남지역개발25-08,KR,CHUNNAM PROVINCIAL DEVELOPMENT25-08,장외,전남지역개발채권 25-08,KR2066022F80,전남광주통합특별시,Y,16,매우낮은위험(6등급),2026-08-21,4.1415,1471.0,2026-08-21,2.0,국공채,지역개발,9392.0,N,active,N,Y,,,6,1,N
,4.299,,,,고정금리,이표채,일반특수법인채,공모,100000000000,,,,,13.5606,AAA,2020-03-30,KRW,,,9224.02,3.4267,9224.02,,,,0.0,99,100.0,2026-08-21,1,100000000000.0,2020-03-30,2030-03-30,4.299,13.5414,9225.09,3.4309,9225.09,KEPCO1028,한국전력1028,KR,KOREA ELECTRIC POWER CORPCORPORATION1028,장외,한국전력공사채권 1028,KR350107GA30,한국전력공사(주),N,16,매우낮은위험(6등급),2026-08-21,,1317.0,,1.75,특수채,공사채,,N,active,N,Y,AAA,1,6,1,N
,3.427,,,,고정금리,복리채,지역개발채,공모,20986005000,,,,,1.4363,,,KRW,,,10235.21,0.8365,10235.21,,,,0.0,99,100.0,2026-08-21,1,20867750000.0,2022-06-30,2027-06-30,3.427,1.4135,10236.15,0.8372,10236.15,KANGWON PROVINCIAL22-06,강원지역개발22-06,KR,KANGWON PROVINCIAL DEVELOPMENT22-06,장외,강원지역개발채권 22-06,KR2002022C62,강원도,Y,16,매우낮은위험(6등급),2026-08-21,,313.0,,1.05,국공채,지역개발,,N,active,N,Y,,,6,1,N
,3.878,,,,고정금리,복리채,지역개발채,공모,5318475000,,,,,7.7215,,,KRW,,,10306.47,2.3796,10306.47,,,,0.0,99,100.0,2026-08-21,1,5281140000.0,2024-01-31,2029-01-31,3.878,7.6808,10307.55,2.386,10307.55,DAEJON PROVINCIAL24-01,대전지역개발24-01,KR,DAEJON PROVINCIAL DEVELOPMENT24-01,장외,대전지역개발채권24-01,KR2003022E19,대전광역시,N,16,매우낮은위험(6등급),2026-08-21,,894.0,,2.5,국공채,지역개발,,N,active,N,Y,,,6,1,N
,3.272,,,,고정금리,복리채,지역개발채,공모,18036320000,,,,,0.8125,,,KRW,,,10330.39,0.5949,10330.39,,,,0.0,99,100.0,2026-08-21,1,18034165000.0,2022-03-31,2027-03-31,3.272,0.7737,10331.3,0.595,10331.3,INCHEON PROVINCIAL22-03,인천지역개발22-03,KR,INCHEON PROVINCIAL DEVELOPMENT22-03,장외,인천지역개발채권 22-03,KR2004012C37,인천광역시,N,16,매우낮은위험(6등급),2026-08-21,,222.0,,1.05,국공채,지역개발,,N,active,N,Y,,,6,1,N
,3.501,,,,고정금리,복리채,지역개발채,공모,15595635000,,,,,1.9315,,,KRW,,,10169.88,1.0008,10169.88,,,,0.0,99,100.0,2026-08-21,1,15568410000.0,2022-08-31,2027-08-31,3.501,1.9227,10170.86,1.0018,10170.86,INCHEON PROVINCIAL22-08,인천지역개발22-08,KR,INCHEON PROVINCIAL DEVELOPMENT22-08,장외,인천지역개발채권 22-08,KR2004022C84,인천광역시,N,16,매우낮은위험(6등급),2026-08-21,,375.0,,1.05,국공채,지역개발,,N,active,N,Y,,,6,1,N
,3.999,,,,고정금리,복리채,지역개발채,공모,13491040000,,,,,10.1467,,,KRW,,,10113.74,2.7756,10113.74,,,,0.0,99,100.0,2026-08-21,1,13398350000.0,2024-06-30,2029-06-30,3.999,10.1197,10114.81,2.783,10114.81,INCHEON PROVINCIAL24-06,인천지역개발24-06,KR,INCHEON PROVINCIAL DEVELOPMENT24-06,장외,인천지역개발채권 24-06,KR2004022E66,인천광역시,N,16,매우낮은위험(6등급),2026-08-21,,1044.0,,2.5,국공채,지역개발,,N,active,N,Y,,,6,1,N
,4.091,,,,고정금리,복리채,지역개발채,공모,8931665000,,,,,15.2679,,,KRW,,,9788.12,3.5034,9788.12,,,,0.0,99,100.0,2026-08-21,1,8918260000.0,2025-03-31,2030-03-31,4.091,15.2271,9789.19,3.5139,9789.19,INCHEON PROVINCIAL25-03,인천지역개발25-03,KR,INCHEON PROVINCIAL DEVELOPMENT25-03,장외,인천지역개발채권 25-03,KR2004022F32,인천광역시,N,16,매우낮은위험(6등급),2026-08-21,,1318.0,,2.5,국공채,지역개발,,N,active,N,Y,,,6,1,N
,3.847,,,,고정금리,복리채,지역개발채,공모,5878610000,,,,,6.4381,,,KRW,,,10413.31,2.1343,10413.31,,,,0.0,99,100.0,2026-08-21,1,5878610000.0,2023-10-31,2028-10-31,3.847,6.4085,10414.39,2.1395,10414.39,KWANGJU PROVINCIAL23-10,광주지역개발23-10,KR,KWANGJU PROVINCIAL DEVELOPMENT23-10,장외,광주지역개발채권 23-10,KR2005022DA2,전남광주통합특별시,Y,16,매우낮은위험(6등급),2026-08-21,,802.0,,2.5,국공채,지역개발,,N,active,N,Y,,,6,1,N
,4.091,,,,고정금리,복리채,지역개발채,공모,7885165000,,,,,15.2679,,,KRW,,,9788.12,3.5034,9788.12,,,,0.0,99,100.0,2026-08-21,1,7859060000.0,2025-03-31,2030-03-31,4.091,15.2271,9789.19,3.5139,9789.19,KWANGJU PROVINCIAL25-03,광주지역개발25-03,KR,KWANGJU PROVINCIAL DEVELOPMENT25-03,장외,광주지역개발채권 25-03,KR2005022F39,전남광주통합특별시,N,16,매우낮은위험(6등급),2026-08-21,,1318.0,,2.5,국공채,지역개발,,N,active,N,Y,,,6,1,N
,3.39,,,,고정금리,복리채,지역개발채,공모,3011840000,,,,,1.2125,,,KRW,,,10266.15,0.7569,10266.15,,,,0.0,99,100.0,2026-08-21,1,2995315000.0,2022-05-31,2027-05-31,3.39,1.1828,10267.08,0.7575,10267.08,BUSAN PROVINCIAL22-05,부산지역개발22-05,KR,BUSAN PROVINCIAL DEVELOPMENT22-05,장외,부산지역개발채권 22-05,KR2006022C55,부산광역시,Y,16,매우낮은위험(6등급),2026-08-21,,283.0,,1.05,국공채,지역개발,,N,active,N,Y,,,6,1,N
,3.501,,,,고정금리,복리채,지역개발채,공모,2373525000,,,,,1.9315,,,KRW,,,10169.88,1.0008,10169.88,,,,0.0,99,100.0,2026-08-21,1,2354670000.0,2022-08-31,2027-08-31,3.501,1.9227,10170.86,1.0018,10170.86,BUSAN PROVINCIAL22-08,부산지역개발22-08,KR,BUSAN PROVINCIAL DEVELOPMENT22-08,장외,부산지역개발채권 22-08,KR2006022C89,부산광역시,N,16,매우낮은위험(6등급),2026-08-21,,375.0,,1.05,국공채,지역개발,,N,active,N,Y,,,6,1,N
,3.427,,,,고정금리,복리채,도시철도공채,공모,11155985000,,,,,1.4363,,,KRW,,,10235.21,0.8365,10235.21,,,,0.0,99,100.0,2026-08-21,1,11150060000.0,2022-06-30,2027-06-30,3.427,1.4135,10236.15,0.8372,10236.15,BUSAN SUBWAY22-06,부산도시철도22-06,KR,BUSAN SUBWAY22-06,장외,부산도시철도공채증권 22-06,KR2006024C61,부산광역시,Y,16,매우낮은위험(6등급),2026-08-21,,313.0,,1.05,국공채,도시철도,,N,active,N,Y,,,6,1,N
,4.071,,,,고정금리,복리채,도시철도공채,공모,4357575000,,,,,13.4582,,,KRW,,,9891.91,3.2645,9891.91,,,,0.0,99,100.0,2026-08-21,1,4357575000.0,2024-12-31,2029-12-31,4.071,13.4179,9892.99,3.2741,9892.99,BUSAN SUBWAY24-12,부산도시철도24-12,KR,BUSAN SUBWAY24-12,장외,부산도시철도공채증권 24-12,KR2006024EC1,부산광역시,Y,16,매우낮은위험(6등급),2026-08-21,,1228.0,,2.5,국공채,도시철도,,N,active,N,Y,,,6,1,N
,3.837,,,,고정금리,복리채,도시철도공채,공모,2626110000,,,,,6.0435,,,KRW,,,10449.26,2.0513,10449.26,,,,0.0,99,100.0,2026-08-21,1,2626110000.0,2023-09-30,2028-09-30,3.837,6.0217,10450.36,2.0561,10450.36,DAEGU SUBWAY23-09,대구도시철도23-09,KR,DAEGU SUBWAY23-09,장외,대구도시철도공채증권 23-09,KR2007024D92,대구광역시,Y,16,매우낮은위험(6등급),2026-08-21,,771.0,,2.5,국공채,도시철도,,N,active,N,Y,,,6,1,N
,4.827,,,,고정금리,이표채,할부금융채,공모,120000000000,,,,,3.3977,A+,2026-06-11,KRW,,,10117.7,1.7044,10117.7,0.0,,0.0,0.0,99,100.0,2026-08-21,1,120000000000.0,2026-06-11,2028-06-09,4.827,3.3889,10119.02,1.7042,10119.02,MERITZ CAPITAL300-2,메리츠캐피탈300-2,KR,MERITZ CAPITAL300-2,장내,메리츠캐피탈300-2,KR6169372G67,메리츠캐피탈(주),Y,14,보통위험(4등급),2026-08-21,,658.0,,4.957,회사채,일반사채,,N,active,N,Y,A+,5,4,1,N
,4.735,,,,고정금리,이표채,국고채권,공모,16186875000000,,,,,350.607,,,KRW,,,7742.9,16.0784,7742.9,,,,0.0,99,100.0,2026-08-21,1,14527875000000.0,2022-09-10,2052-09-10,4.735,350.5613,7743.9,16.1086,7743.9,KTB03125-5209(22-9),국고03125-5209(22-9),KR,KOREA TREASURY BOND03125-5209(22-9),장외,국고채권 03125-5209(22-9),KR103502GC99,대한민국,Y,16,매우낮은위험(6등급),2026-08-21,,9517.0,,3.125,국공채,국고채,,N,active,N,Y,,,6,1,N
,3.878,,,,고정금리,복리채,지역개발채,공모,12102260000,,,,,7.7215,,,KRW,,,10306.47,2.3796,10306.47,,,,0.0,99,100.0,2026-08-21,1,12069940000.0,2024-01-31,2029-01-31,3.878,7.6808,10307.55,2.386,10307.55,KANGWON PROVINCIAL24-01,강원지역개발24-01,KR,KANGWON PROVINCIAL DEVELOPMENT24-01,장외,강원지역개발채권 24-01,KR2002022E11,강원도,N,16,매우낮은위험(6등급),2026-08-21,,894.0,,2.5,국공채,지역개발,,N,active,N,Y,,,6,1,N
,4.105,,,,고정금리,복리채,지역개발채,공모,14410195000,,,,,16.5777,,,KRW,,,9718.13,3.6646,9718.13,,,,0.0,99,100.0,2026-08-21,1,14265100000.0,2025-05-31,2030-05-31,4.105,16.5436,9719.19,3.6755,9719.19,KANGWON PROVINCIAL25-05,강원지역개발25-05,KR,KANGWON PROVINCIAL DEVELOPMENT25-05,장외,강원지역개발채권 25-05,KR2002022F51,강원도,Y,16,매우낮은위험(6등급),2026-08-21,,1379.0,,2.5,국공채,지역개발,,N,active,N,Y,,,6,1,N
,4.13,,,,고정금리,복리채,지역개발채,공모,11250725000,,,,,18.6593,,,KRW,,,9379.28,3.9071,9379.28,,,,0.0,99,100.0,2026-08-21,1,11171340000.0,2025-08-31,2030-08-31,4.13,18.6396,9380.34,3.9185,9380.34,KANGWON PROVINCIAL25-08,강원지역개발25-08,KR,KANGWON PROVINCIAL DEVELOPMENT25-08,장외,강원지역개발채권 25-08,KR2002022F85,강원도,Y,16,매우낮은위험(6등급),2026-08-21,,1471.0,,2.0,국공채,지역개발,,N,active,N,Y,,,6,1,N
,3.059,,,,고정금리,복리채,지역개발채,공모,26011295000,,,,,0.3586,,,KRW,,,10420.73,0.3545,10420.73,,,,0.0,99,100.0,2026-08-21,1,25973155000.0,2021-12-31,2026-12-31,3.059,0.3209,10421.59,0.354,10421.59,INCHEON PROVINCIAL21-12,인천지역개발21-12,KR,INCHEON PROVINCIAL DEVELOPMENT21-12,장외,인천지역개발채권 21-12,KR2004022BC3,인천광역시,Y,16,매우낮은위험(6등급),2026-08-21,,132.0,,1.05,국공채,지역개발,,N,active,N,Y,,,6,1,N
,3.64,,,,고정금리,복리채,지역개발채,공모,11627575000,,,,,3.193,,,KRW,,,10741.99,1.4099,10741.99,,,,0.0,99,100.0,2026-08-21,1,11532325000.0,2023-01-31,2028-01-31,3.64,3.1526,10743.05,1.4128,10743.05,INCHEON PROVINCIAL23-01,인천지역개발23-01,KR,INCHEON PROVINCIAL DEVELOPMENT23-01,장외,인천지역개발채권 23-01,KR2004022D18,인천광역시,Y,16,매우낮은위험(6등급),2026-08-21,,528.0,,2.5,국공채,지역개발,,N,active,N,Y,,,6,1,N
,3.427,,,,고정금리,복리채,지역개발채,공모,9805795000,,,,,1.4363,,,KRW,,,10235.21,0.8365,10235.21,,,,0.0,99,100.0,2026-08-21,1,9799625000.0,2022-06-30,2027-06-30,3.427,1.4135,10236.15,0.8372,10236.15,KWANGJU PROVINCIAL22-06,광주지역개발22-06,KR,KWANGJU PROVINCIAL DEVELOPMENT22-06,장외,광주지역개발채권 22-06,KR2005022C65,전남광주통합특별시,Y,16,매우낮은위험(6등급),2026-08-21,,313.0,,1.05,국공채,지역개발,,N,active,N,Y,,,6,1,N
,3.583,,,,고정금리,복리채,지역개발채,공모,12744450000,,,,,2.624,,,KRW,,,10071.63,1.2446,10071.63,,,,0.0,99,100.0,2026-08-21,1,12703070000.0,2022-11-30,2027-11-30,3.583,2.5901,10072.61,1.2468,10072.61,BUSAN PROVINCIAL22-11,부산지역개발22-11,KR,BUSAN PROVINCIAL DEVELOPMENT22-11,장외,부산지역개발채권 22-11,KR2006022CB1,부산광역시,Y,16,매우낮은위험(6등급),2026-08-21,,466.0,,1.05,국공채,지역개발,,N,active,N,Y,,,6,1,N
,4.183,,,,고정금리,복리채,도시철도공채,공모,1437980000,,,,,20.7278,,,KRW,,,9263.75,4.1492,9263.75,,,,0.0,99,100.0,2026-08-21,1,1437980000.0,2025-11-30,2030-11-30,4.183,20.6904,9264.8,4.1621,9264.8,DAEGU SUBWAY25-11,대구도시철도25-11,KR,DAEGU SUBWAY25-11,장외,대구도시철도공채증권 25-11,KR2007024FB9,대구광역시,Y,16,매우낮은위험(6등급),2026-08-21,,1562.0,,2.0,국공채,도시철도,,N,active,N,Y,,,6,1,N
,2.897,,,,고정금리,복리채,지역개발채,공모,8418755000,,,,,0.069,,,KRW,,,10502.69,0.1072,10502.69,,,,0.0,99,100.0,2026-08-21,1,8375375000.0,2021-09-30,2026-09-30,2.897,0.0523,10503.52,0.1057,10503.52,ULSAN PROVINCIAL21-09,울산지역개발21-09,KR,ULSAN PROVINCIAL DEVELOPMENT21-09,장외,울산지역개발채권 21-09,KR2008012B96,울산광역시,Y,16,매우낮은위험(6등급),2026-08-21,,40.0,,1.05,국공채,지역개발,,N,active,N,Y,,,6,1,N
,3.501,,,,고정금리,복리채,지역개발채,공모,9470740000,,,,,1.9315,,,KRW,,,10169.88,1.0008,10169.88,,,,0.0,99,100.0,2026-08-21,1,9465740000.0,2022-08-31,2027-08-31,3.501,1.9227,10170.86,1.0018,10170.86,ULSAN PROVINCIAL22-08,울산지역개발22-08,KR,ULSAN PROVINCIAL DEVELOPMENT22-08,장외,울산지역개발채권 22-08,KR2008012C87,울산광역시,Y,16,매우낮은위험(6등급),2026-08-21,,375.0,,1.05,국공채,지역개발,,N,active,N,Y,,,6,1,N
,3.501,,,,고정금리,복리채,지역개발채,공모,14561980000,,,,,1.9315,,,KRW,,,10169.88,1.0008,10169.88,,,,0.0,99,100.0,2026-08-21,1,14532070000.0,2022-08-31,2027-08-31,3.501,1.9227,10170.86,1.0018,10170.86,CHUNGBUK PROVINCIAL22-08,충북지역개발22-08,KR,CHUNGBUK PROVINCIAL DEVELOPMENT22-08,장외,충북지역개발채권 22-08,KR2033022C83,충청북도,Y,16,매우낮은위험(6등급),2026-08-21,,375.0,,1.05,국공채,지역개발,,N,active,N,Y,,,6,1,N
,3.501,,,,고정금리,복리채,지역개발채,공모,11665350000,,,,,1.9315,,,KRW,,,10169.88,1.0008,10169.88,,,,0.0,99,100.0,2026-08-21,1,11622850000.0,2022-08-31,2027-08-31,3.501,1.9227,10170.86,1.0018,10170.86,JUNBUK PROVINCIAL22-08,전북지역개발22-08,KR,JUNBUK PROVINCIAL DEVELOPMENT22-08,장외,전북지역개발채권22-08,KR2055012C88,전라북도,Y,16,매우낮은위험(6등급),2026-08-21,,375.0,,1.05,국공채,지역개발,,N,active,N,Y,,,6,1,N
,3.39,,,,고정금리,복리채,지역개발채,공모,22278005000,,,,,1.2125,,,KRW,,,10266.15,0.7569,10266.15,,,,0.0,99,100.0,2026-08-21,1,22232790000.0,2022-05-31,2027-05-31,3.39,1.1828,10267.08,0.7575,10267.08,CHUNNAM PROVINCIAL22-05,전남지역개발22-05,KR,CHUNNAM PROVINCIAL DEVELOPMENT22-05,장외,전남지역개발채권 22-05,KR2066022C59,전남광주통합특별시,Y,16,매우낮은위험(6등급),2026-08-21,,283.0,,1.05,국공채,지역개발,,N,active,N,Y,,,6,1,N
,3.427,,,,고정금리,복리채,지역개발채,공모,29893200000,,,,,1.4363,,,KRW,,,10235.21,0.8365,10235.21,,,,0.0,99,100.0,2026-08-21,1,29807015000.0,2022-06-30,2027-06-30,3.427,1.4135,10236.15,0.8372,10236.15,CHUNNAM PROVINCIAL22-06,전남지역개발22-06,KR,CHUNNAM PROVINCIAL DEVELOPMENT22-06,장외,전남지역개발채권 22-06,KR2066022C67,전남광주통합특별시,Y,16,매우낮은위험(6등급),2026-08-21,,313.0,,1.05,국공채,지역개발,,N,active,N,Y,,,6,1,N
,4.147,,,,고정금리,복리채,지역개발채,공모,2515450000,,,,,19.3243,,,KRW,,,9573.08,3.9871,9573.08,,,,0.0,99,100.0,2026-08-21,1,2498725000.0,2025-09-30,2030-09-30,4.147,19.2972,9574.16,3.999,9574.16,CHEJU PROVINCIAL25-09,제주지역개발25-09,KR,CHEJU PROVINCIAL DEVELOPMENT25-09,장외,제주지역개발채권 25-09,KR2099012F91,제주도,Y,16,매우낮은위험(6등급),2026-08-21,,1501.0,,2.5,국공채,지역개발,,N,active,N,Y,,,6,1,N
,3.528,,,,고정금리,복리채,지역개발채,공모,4667145000,,,,,2.1407,,,KRW,,,10137.76,1.0813,10137.76,,,,0.0,99,100.0,2026-08-21,1,4654105000.0,2022-09-30,2027-09-30,3.528,2.1214,10138.74,1.0827,10138.74,CHEJU PROVINCIAL22-09,제주지역개발22-09,KR,CHEJU PROVINCIAL DEVELOPMENT22-09,장외,제주지역개발채권 22-09,KR2099022C92,제주도,Y,16,매우낮은위험(6등급),2026-08-21,,405.0,,1.05,국공채,지역개발,,N,active,N,Y,,,6,1,N
,4.271,,,,고정금리,이표채,특수은행채,공모,290000000000,,,,,232.6208,AA0,2016-09-20,KRW,,,8599.54,14.1108,8599.54,,,,0.0,99,100.0,2026-08-21,1,290000000000.0,2016-09-20,2026-09-20,4.271,276.7795,8600.64,14.6353,8600.64,IBK CoCoBond(PWD)1609COUP(HY)perpA-20,기업은행 조건부(상)1609이(신종)영구A-20,KR,Industrial BANK of Korea CoCoBond(PWD)1609COUP(HY)perpA-20,장외,중금채 조건부자본증권(상) 1609이(신종)영구A-20(콜/후),KR310501G694,(주)중소기업은행,Y,12,높은위험(2등급),2026-08-21,,30.0,,3.16,특수채,특수은행채,,N,active,N,Y,AA,3,2,1,N
,2.963,,,,고정금리,이표채,일반특수법인채,공모,280000000000,,,,,0.0168,AAA,2021-09-17,KRW,,,10026.44,0.0723,10026.44,,,,0.0,99,100.0,2026-08-21,1,280000000000.0,2021-09-17,2026-09-17,2.963,0.014,10027.25,0.0704,10027.25,KOSME741(S),중소벤처기업진흥채권741(사),KR,Korea SMEs and Startups Agency741(S),장외,중소벤처기업진흥채권 741(사),KR351603GB93,중소벤처기업진흥공단,Y,16,매우낮은위험(6등급),2026-08-21,,27.0,,1.93,특수채,공사채,,N,active,N,Y,AAA,1,6,1,N
,4.423,,,,고정금리,이표채,일반특수법인채,공모,150000000000,,,,,31.9059,AAA,2012-08-24,KRW,,,9544.9,5.3483,9544.9,,,,0.0,99,100.0,2026-08-21,1,150000000000.0,2012-08-24,2032-08-24,4.423,31.8833,9546.05,5.3512,9546.05,KOREA L&H152,토지주택채권152,KR,KOREA LAND & HOUSING CORPORATION152,장외,토지주택채권152,KR3561037283,한국토지주택공사,N,16,매우낮은위험(6등급),2026-08-21,,2195.0,,3.4,특수채,공사채,,N,active,N,Y,AAA,1,6,1,N
,3.377,,,,고정금리,이표채,일반회사채,공모,120000000000,,,,,0.098,A0,2025-05-15,KRW,,,10060.12,0.2181,10060.12,,,,0.0,99,100.0,2026-08-21,1,120000000000.0,2023-11-10,2026-11-10,3.377,0.0953,10061.04,0.2162,10061.04,KAL105-2,대한항공105-2,KR,KOREAN AIR LINES105-2,장외,대한항공 105-2,KR6003492DB8,(주)대한항공,N,14,보통위험(4등급),2026-08-21,,81.0,,5.397,회사채,일반사채,,N,active,N,Y,A,6,4,1,N
,4.407,,,,고정금리,이표채,특수은행채,공모,400000000000,,,,,270.6599,AA-,2025-06-24,KRW,,,9895.38,6.759,9895.38,,,,0.0,99,100.0,2026-08-21,1,400000000000.0,2026-04-30,2031-04-30,4.407,270.5906,9896.4,8.1347,9896.4,NongHyup Bank2026-04COUP-C(Hyb),농업금융채권(은행)2026-04이-C(신종),KR,NongHyup Bank2026-04COUP-C(Hyb),장외,농업금융채권(은행) 2026-04이-C(신종)(조건상각/콜/후),KR381003GG42,농협은행,N,11,매우높은위험(1등급),2026-08-21,,1713.0,,4.33,특수채,특수은행채,,N,active,N,Y,AA-,4,1,1,N
,3.157,,,,고정금리,이표채,일반회사채,공모,200000000000,,,,,0.0159,AA+,2021-09-16,KRW,,,10027.8,0.0696,10027.8,,,,0.0,99,100.0,2026-08-21,1,200000000000.0,2021-09-16,2026-09-16,3.157,0.0132,10028.65,0.0677,10028.65,POSCO311-2(T),POSCO311-2(지),KR,POSCO311-2(T),장외,POSCO 311-2(지),KR6005492B97,(주)포스코,Y,15,낮은위험(5등급),2026-08-21,,26.0,,2.007,회사채,일반사채,,N,active,N,Y,AA+,2,5,1,N
,4.021,,,,고정금리,이표채,할부금융채,공모,60000000000,,,,,0.2738,A+,2024-10-25,KRW,,,10044.64,0.4202,10044.64,,,,0.0,99,100.0,2026-08-21,1,60000000000.0,2024-10-25,2027-01-25,4.021,0.2695,10045.73,0.4186,10045.73,MERITZ CAPITAL265-4,메리츠캐피탈265-4,KR,MERITZ CAPITAL265-4,장외,메리츠캐피탈265-4,KR6169378EA9,메리츠캐피탈(주),N,14,보통위험(4등급),2026-08-21,,157.0,,4.332,회사채,일반사채,,N,active,N,Y,A+,5,4,1,N
3.5434,3.725,0.0,온오프 겸용,0,고정금리,복리채,국민주택1종,공모,1126886100000,0.0,3.692,3.5434,3.7544,5.2889,,,KRW,4.188,6.091,9935.08,1.8899,9935.08,,,,0.0,99,100.0,2026-08-21,2,1123513270000.0,2023-07-31,2028-07-31,3.725,5.2721,9936.06,1.8939,9936.06,KNHB (Ⅰ)23-07,국민주택1종23-07,KR,KOREA NATIONAL HOUSING BOND (Ⅰ)23-07,장외,국민주택1종채권 23-07,KR101501DD70,대한민국,Y,16,매우낮은위험(6등급),2026-08-21,3.6242,710.0,2026-08-21,1.3,국공채,국민주택,9941.0,N,active,N,Y,,,6,1,N
3.6532,3.794,0.0,온오프 겸용,0,고정금리,복리채,국민주택1종,공모,1050115150000,0.0,3.757,3.6532,3.8674,7.7334,,,KRW,4.318,6.294,9736.4,2.381,9736.4,,,,0.0,99,100.0,2026-08-21,2,1046171260000.0,2024-01-31,2029-01-31,3.794,7.6923,9737.39,2.3871,9737.39,KNHB (Ⅰ)24-01,국민주택1종24-01,KR,KOREA NATIONAL HOUSING BOND (Ⅰ)24-01,장외,국민주택1종채권 24-01,KR101501DE12,대한민국,Y,16,매우낮은위험(6등급),2026-08-21,3.7353,894.0,2026-08-21,1.3,국공채,국민주택,9744.0,N,active,N,Y,,,6,1,N
4.0552,4.019,0.0,온오프 겸용,0,고정금리,복리채,국민주택1종,공모,1269988650000,0.0,3.986,4.0552,4.2308,18.6993,,,KRW,4.793,7.259,8967.55,3.9102,8967.55,,,,0.0,99,100.0,2026-08-21,2,1267486830000.0,2025-08-31,2030-08-31,4.019,18.68,8968.53,3.9213,8968.53,KNHB (Ⅰ)25-08,국민주택1종25-08,KR,KOREA NATIONAL HOUSING BOND (Ⅰ)25-08,장외,국민주택1종채권 25-08,KR101501DF86,대한민국,Y,16,매우낮은위험(6등급),2026-08-21,4.1225,1471.0,2026-08-21,1.0,국공채,국민주택,8979.0,N,active,N,Y,,,6,1,N
3.8649,4.161,0.0,온오프 겸용,0,고정금리,이표채,국고채권,공모,16533000000000,0.0,4.122,3.8649,4.2613,27.1233,,,KRW,4.568,5.915,9203.82,4.8973,9203.82,,,,0.0,99,100.0,2026-08-21,2,15969000000000.0,2021-12-10,2031-12-10,4.161,27.0974,9204.85,4.904,9204.85,KTB02375-3112(21-11),국고02375-3112(21-11),KR,KOREA TREASURY BOND02375-3112(21-11),장외,국고채권 02375-3112(21-11),KR103502GBC0,대한민국,Y,16,매우낮은위험(6등급),2026-08-21,4.0168,1937.0,2026-08-21,2.375,국공채,국고채,9221.0,N,active,N,Y,,,6,1,N
3.5909,4.291,0.0,온오프 겸용,0,고정금리,이표채,국고채권,공모,13753270000000,0.0,4.246,3.5909,4.2253,45.0655,,,KRW,4.244,4.328,9976.95,6.2238,9976.95,,,,0.0,99,100.0,2026-08-21,2,13938720000000.0,2023-12-10,2033-12-10,4.291,45.0358,9978.1,6.2331,9978.1,KTB04125-3312(23-11),국고04125-3312(23-11),KR,KOREA TREASURY BOND04125-3312(23-11),장외,국고채권 04125-3312(23-11),KR103502GDC6,대한민국,Y,16,매우낮은위험(6등급),2026-08-21,3.834,2668.0,2026-08-21,4.125,국공채,국고채,10004.0,N,active,N,Y,,,6,1,N
4.0363,4.65,0.0,온오프 겸용,0,고정금리,이표채,국고채권,공모,6993000000000,0.0,4.589,4.0363,4.6752,181.1125,,,KRW,4.771,5.191,9266.01,11.9464,9266.01,,,,0.0,99,100.0,2026-08-21,2,7672287000000.0,2023-09-10,2043-09-10,4.65,181.0633,9267.18,11.9674,9267.18,KTB03875-4309(23-9),국고03875-4309(23-9),KR,KOREA TREASURY BOND03875-4309(23-9),장외,국고채권 03875-4309(23-9),KR103504GD96,대한민국,Y,16,매우낮은위험(6등급),2026-08-21,4.2811,6229.0,2026-08-21,3.875,국공채,국고채,9334.0,N,active,N,Y,,,6,1,N
4.2856,4.349,0.0,온오프 겸용,0,고정금리,복리채,도시철도공채,공모,49414030000,0.0,4.308,4.2856,4.7083,28.6379,,,KRW,5.065,6.632,9503.43,4.9501,9503.43,,,,0.0,99,100.0,2026-08-21,2,49353375000.0,2024-09-30,2031-09-30,4.349,28.6082,9504.56,4.9661,9504.56,SEOUL SUBWAY24-09,서울도시철도24-09,KR,SEOUL METROPOLITAN CITY SUBWAY BOND24-09,장외,서울도시철도공채증권 24-09,KR2001024E94,서울특별시,Y,16,매우낮은위험(6등급),2026-08-21,4.4476,1866.0,2026-08-21,2.5,국공채,도시철도,9522.0,N,active,N,Y,,,6,1,N
4.3175,4.362,0.0,온오프 겸용,0,고정금리,복리채,도시철도공채,공모,47189940000,0.0,4.321,4.3175,4.7434,30.3546,,,KRW,5.103,6.682,9429.2,5.1126,9429.2,,,,0.0,99,100.0,2026-08-21,2,47119260000.0,2024-11-30,2031-11-30,4.362,30.3157,9430.31,5.1295,9430.31,SEOUL SUBWAY24-11,서울도시철도24-11,KR,SEOUL METROPOLITAN CITY SUBWAY BOND24-11,장외,서울도시철도공채증권 24-11,KR2001024EB8,서울특별시,Y,16,매우낮은위험(6등급),2026-08-21,4.4806,1927.0,2026-08-21,2.5,국공채,도시철도,9448.0,N,active,N,Y,,,6,1,N
4.4286,4.416,0.0,온오프 겸용,0,고정금리,복리채,도시철도공채,공모,49925060000,0.0,4.374,4.4286,4.8652,36.8099,,,KRW,5.234,6.855,9170.8,5.6722,9170.8,,,,0.0,99,100.0,2026-08-21,2,49788200000.0,2025-06-30,2032-06-30,4.416,36.7799,9171.87,5.6914,9171.87,SEOUL SUBWAY25-06,서울도시철도25-06,KR,SEOUL METROPOLITAN CITY SUBWAY BOND25-06,장외,서울도시철도공채증권 25-06,KR2001024F69,서울특별시,Y,16,매우낮은위험(6등급),2026-08-21,4.5959,2140.0,2026-08-21,2.5,국공채,도시철도,9192.0,N,active,N,Y,,,6,1,N
3.957,4.147,0.0,온오프 겸용,0,고정금리,복리채,도시철도공채,공모,4681445000,0.0,4.112,3.957,4.3835,19.3243,,,KRW,4.677,5.965,9573.08,3.9871,9573.08,,,,0.0,99,100.0,2026-08-21,2,4681445000.0,2025-09-30,2030-09-30,4.147,19.2972,9574.16,3.999,9574.16,BUSAN SUBWAY25-09,부산도시철도25-09,KR,BUSAN SUBWAY25-09,장외,부산도시철도공채증권 25-09,KR2006014F94,부산광역시,Y,16,매우낮은위험(6등급),2026-08-21,4.1204,1501.0,2026-08-21,2.5,국공채,도시철도,9586.0,N,active,N,Y,,,6,1,N
3.8744,4.098,0.0,온오프 겸용,0,고정금리,복리채,지역개발채,공모,8793015000,0.0,4.064,3.8744,4.2952,15.9038,,,KRW,4.579,5.826,9753.6,3.5828,9753.6,,,,0.0,99,100.0,2026-08-21,2,8733105000.0,2025-04-30,2030-04-30,4.098,15.8657,9754.66,3.5935,9754.66,JUNBUK PROVINCIAL25-04,전북지역개발25-04,KR,JUNBUK PROVINCIAL DEVELOPMENT25-04,장외,전북지역개발채권25-04,KR2055022F42,전라북도,Y,16,매우낮은위험(6등급),2026-08-21,4.0356,1348.0,2026-08-21,2.5,국공채,지역개발,9765.0,N,active,N,Y,,,6,1,N
4.1907,4.291,0.0,온오프 겸용,0,고정금리,이표채,일반특수법인채,공모,120000000000,0.0,4.256,4.1907,4.4511,16.4334,AAA,2020-08-13,KRW,4.953,7.156,9001.34,3.8053,9001.34,,,,0.0,99,100.0,2026-08-21,2,120000000000.0,2020-08-13,2030-08-13,4.291,16.4163,9002.37,3.8101,9002.37,KR348,국가철도공단채권348,KR,KOREA NATIONAL RAILWAY BOND348,장외,국가철도공단채권 348,KR352701GA85,국가철도공단,N,16,매우낮은위험(6등급),2026-08-21,4.2904,1453.0,2026-08-21,1.525,특수채,공사채,9013.0,N,active,N,Y,AAA,1,6,1,N
4.343,4.485,0.0,온오프 겸용,0,고정금리,이표채,일반회사채,공모,180000000000,0.0,4.449,4.343,4.6679,19.1219,AAA,2021-01-26,KRW,5.133,7.175,8980.05,4.2042,8980.05,,,,0.0,99,100.0,2026-08-21,2,180000000000.0,2021-01-26,2031-01-26,4.485,19.1033,8981.13,4.2062,8981.13,KOREA SOUTH-EAST POW48-1(G),한국남동발전48-1(녹),KR,KOREA SOUTH-EAST POWER48-1(G),장외,한국남동발전 48-1 (녹),KR6064981B19,한국남동발전(주),N,15,낮은위험(5등급),2026-08-21,4.4675,1619.0,2026-08-21,1.9,회사채,일반사채,8993.0,N,active,N,Y,AAA,1,5,1,N
,4.867,,,,고정금리,이표채,일반회사채,공모,150000000000,,,,,6.1483,A-,2026-02-11,KRW,,,9853.8,2.3333,9853.8,,,,0.0,99,100.0,2026-08-21,1,150000000000.0,2026-02-11,2029-02-09,4.867,6.1374,9855.09,2.3337,9855.09,HANWHA OCEAN12-2,한화오션12-2,KR,HANWHA OCEAN12-2,장외,한화오션12-2,KR6042662G24,한화오션(주),Y,14,보통위험(4등급),2026-08-21,,903.0,,4.187,회사채,일반사채,,N,active,N,Y,A-,7,4,1,N
,4.764,,,,고정금리,이표채,금융지주회사채,공모,480000000000,,,,,223.0512,AA-,2022-05-12,KRW,,,9883.98,5.1674,9883.98,,,,0.0,99,100.0,2026-08-21,1,480000000000.0,2022-05-12,2027-05-12,4.764,222.9905,9885.06,8.808,9885.06,KBFG CoCo Bond(PWD)9-1,KB금융조건부(상)9-1,KR,KBFinancialGroup Contingent Convertible Bond(PWD)9-1,장외,KB금융지주 조건부자본증권(상)9-1(조건상각/콜/후),KR6105561C58,(주)KB금융지주,N,11,매우높은위험(1등급),2026-08-21,,264.0,,4.68,회사채,일반사채,,N,active,N,Y,AA-,4,1,1,N
,3.906,,,,고정금리,이표채,할부금융채,공모,60000000000,,,,,0.0321,A0,2024-10-04,KRW,,,10069.7,0.1109,10069.7,,,,0.0,99,100.0,2026-08-21,1,60000000000.0,2024-10-04,2026-10-01,3.906,0.0287,10070.78,0.109,10070.78,KIC114-1,한국투자캐피탈114-1,KR,Korea Investment Capital114-1,장외,한국투자캐피탈114-1,KR6214341EA2,한국투자캐피탈(주),Y,14,보통위험(4등급),2026-08-21,,41.0,,4.671,회사채,일반사채,,N,active,N,Y,A,6,4,1,N
,4.95,,,,고정금리,이표채,할부금융채,공모,130000000000,,,,,1.892,A0,2025-12-09,KRW,,,9984.57,1.2511,9984.57,,,,0.0,99,100.0,2026-08-21,1,130000000000.0,2025-12-09,2027-12-09,4.95,1.885,9985.91,1.2503,9985.91,KIC132-5,한국투자캐피탈132-5,KR,Korea Investment Capital132-5,장외,한국투자캐피탈132-5,KR6214345FC6,한국투자캐피탈(주),Y,14,보통위험(4등급),2026-08-21,,475.0,,4.169,회사채,일반사채,,N,active,N,Y,A,6,4,1,N
,3.536,,,,고정금리,이표채,금융지주회사채,공모,400000000000,,,,,261.3538,AA-,2025-10-01,KRW,,,9668.45,7.6583,9668.45,,,,0.0,99,100.0,2026-08-21,1,400000000000.0,2025-10-22,2030-10-22,3.536,261.2889,9669.31,11.2394,9669.31,WRFG CoCo Bond(PWD)20(HY),우리금융조건부(상)20(신종),KR,WRFG CoCo Bond(PWD)20(HY),장외,우리금융조건부(상)20(신종)(조건상각/콜/후),KR6316141FA0,(주)우리금융지주,N,11,매우높은위험(1등급),2026-08-21,,1523.0,,3.34,회사채,일반사채,,N,active,N,Y,AA-,4,1,1,N
3.4392,3.619,0.0,온오프 겸용,0,고정금리,복리채,국민주택1종,공모,1293903210000,0.0,3.599,3.4392,3.6474,3.8102,,,KRW,4.065,5.895,10072.6,1.5674,10072.6,,,,0.0,99,100.0,2026-08-21,2,1278445290000.0,2023-03-31,2028-03-31,3.619,3.7709,10073.58,1.5707,10073.58,KNHB (Ⅰ)23-03,국민주택1종23-03,KR,KOREA NATIONAL HOUSING BOND (Ⅰ)23-03,장외,국민주택1종채권 23-03,KR101501DD39,대한민국,Y,16,매우낮은위험(6등급),2026-08-21,3.5195,588.0,2026-08-21,1.3,국공채,국민주택,10075.0,N,active,N,Y,,,6,1,N
3.585,3.754,0.0,온오프 겸용,0,고정금리,복리채,국민주택1종,공모,1061131140000,0.0,3.718,3.585,3.7969,6.0531,,,KRW,4.237,6.169,9868.45,2.0525,9868.45,,,,0.0,99,100.0,2026-08-21,2,1058687980000.0,2023-09-30,2028-09-30,3.754,6.0311,9869.46,2.0571,9869.46,KNHB (Ⅰ)23-09,국민주택1종23-09,KR,KOREA NATIONAL HOUSING BOND (Ⅰ)23-09,장외,국민주택1종채권 23-09,KR101501DD96,대한민국,Y,16,매우낮은위험(6등급),2026-08-21,3.6662,771.0,2026-08-21,1.3,국공채,국민주택,9875.0,N,active,N,Y,,,6,1,N
3.6197,3.773,0.0,온오프 겸용,0,고정금리,복리채,국민주택1종,공모,1149024000000,0.0,3.737,3.6197,3.8325,6.8489,,,KRW,4.278,6.234,9802.97,2.2157,9802.97,,,,0.0,99,100.0,2026-08-21,2,1145228760000.0,2023-11-30,2028-11-30,3.773,6.8136,9803.97,2.2211,9803.97,KNHB (Ⅰ)23-11,국민주택1종23-11,KR,KOREA NATIONAL HOUSING BOND (Ⅰ)23-11,장외,국민주택1종채권 23-11,KR101501DDB9,대한민국,Y,16,매우낮은위험(6등급),2026-08-21,3.7012,832.0,2026-08-21,1.3,국공채,국민주택,9810.0,N,active,N,Y,,,6,1,N
3.6938,3.825,0.0,온오프 겸용,0,고정금리,복리채,국민주택1종,공모,1130263300000,0.0,3.789,3.6938,3.9095,8.6423,,,KRW,4.366,6.368,9670.41,2.5375,9670.41,,,,0.0,99,100.0,2026-08-21,2,1122977350000.0,2024-03-31,2029-03-31,3.825,8.6022,9671.4,2.5442,9671.4,KNHB (Ⅰ)24-03,국민주택1종24-03,KR,KOREA NATIONAL HOUSING BOND (Ⅰ)24-03,장외,국민주택1종채권 24-03,KR101501DE38,대한민국,Y,16,매우낮은위험(6등급),2026-08-21,3.7765,953.0,2026-08-21,1.3,국공채,국민주택,9679.0,N,active,N,Y,,,6,1,N
3.7737,3.883,0.0,온오프 겸용,0,고정금리,복리채,국민주택1종,공모,1184676880000,0.0,3.85,3.7737,3.9913,10.1689,,,KRW,4.46,6.518,9565.87,2.7779,9565.87,,,,0.0,99,100.0,2026-08-21,2,1179993350000.0,2024-06-30,2029-06-30,3.883,10.1418,9566.85,2.7851,9566.85,KNHB (Ⅰ)24-06,국민주택1종24-06,KR,KOREA NATIONAL HOUSING BOND (Ⅰ)24-06,장외,국민주택1종채권 24-06,KR101501DE61,대한민국,Y,16,매우낮은위험(6등급),2026-08-21,3.8571,1044.0,2026-08-21,1.3,국공채,국민주택,9574.0,N,active,N,Y,,,6,1,N
3.9742,4.09,0.0,온오프 겸용,0,고정금리,이표채,국고채권,공모,20195002000000,0.0,4.052,3.9742,4.2298,18.9802,,,KRW,4.697,6.748,9016.34,4.0994,9016.34,,,,0.0,99,100.0,2026-08-21,2,18028002000000.0,2020-12-10,2030-12-10,4.09,18.9567,9017.34,4.1045,9017.34,KTB01500-3012(20-9),국고01500-3012(20-9),KR,KOREA TREASURY BOND01500-3012(20-9),장외,국고채권 01500-3012(20-9),KR103502GAC2,대한민국,Y,16,매우낮은위험(6등급),2026-08-21,4.0721,1572.0,2026-08-21,1.5,국공채,국고채,9030.0,N,active,N,Y,,,6,1,N
4.4802,4.665,0.0,온오프 겸용,0,고정금리,이표채,국고채권,공모,7198000000000,0.0,4.603,4.4802,5.0315,214.4171,,,KRW,5.295,6.454,7959.28,13.1536,7959.28,,,,0.0,99,100.0,2026-08-21,2,7201000000000.0,2024-09-10,2044-09-10,4.665,214.3541,7960.29,13.1767,7960.29,KTB02875-4409(24-10),국고02875-4409(24-10),KR,KOREA TREASURY BOND02875-4409(24-10),장외,국고채권 02875-4409(24-10),KR103504GE95,대한민국,Y,16,매우낮은위험(6등급),2026-08-21,4.6914,6595.0,2026-08-21,2.875,국공채,국고채,8024.0,N,active,N,Y,,,6,1,N
4.3679,4.387,0.0,온오프 겸용,0,고정금리,복리채,도시철도공채,공모,44675715000,0.0,4.346,4.3679,4.7983,33.0026,,,KRW,5.163,6.762,9317.68,5.351,9317.68,,,,0.0,99,100.0,2026-08-21,2,44554365000.0,2025-02-28,2032-02-29,4.387,32.9621,9318.78,5.3693,9318.78,SEOUL SUBWAY25-02,서울도시철도25-02,KR,SEOUL METROPOLITAN CITY SUBWAY BOND25-02,장외,서울도시철도공채증권 25-02,KR2001024F28,서울특별시,Y,16,매우낮은위험(6등급),2026-08-21,4.5328,2018.0,2026-08-21,2.5,국공채,도시철도,9337.0,N,active,N,Y,,,6,1,N
4.6241,4.45,0.0,온오프 겸용,0,고정금리,복리채,도시철도공채,공모,48853095000,0.0,4.408,4.6241,4.9932,46.0339,,,KRW,5.465,7.538,8577.83,6.3988,8577.83,,,,0.0,99,100.0,2026-08-21,2,48769800000.0,2026-03-31,2033-03-31,4.45,45.9922,8578.85,6.4209,8578.85,SEOUL SUBWAY26-03,서울도시철도26-03,KR,SEOUL METROPOLITAN CITY SUBWAY BOND26-03,장외,서울도시철도공채증권 26-03,KR2001024G35,서울특별시,Y,16,매우낮은위험(6등급),2026-08-21,4.7655,2414.0,2026-08-21,2.0,국공채,도시철도,8600.0,N,active,N,Y,,,6,1,N
4.2556,4.293,0.0,온오프 겸용,0,고정금리,복리채,지역개발채,공모,4014135000,0.0,4.254,4.2556,4.6105,25.3051,,,KRW,5.03,6.87,9030.69,4.6289,9030.69,,,,0.0,99,100.0,2026-08-21,2,3997930000.0,2026-05-31,2031-05-31,4.293,25.2707,9031.71,4.6439,9031.71,DAEJON PROVINCIAL26-05,대전지역개발26-05,KR,DAEJON PROVINCIAL DEVELOPMENT26-05,장외,대전지역개발채권26-05,KR2003022G58,대전광역시,N,16,매우낮은위험(6등급),2026-08-21,4.3916,1744.0,2026-08-21,2.0,국공채,지역개발,9047.0,N,active,N,Y,,,6,1,N
3.3861,3.751,0.0,온오프 겸용,0,고정금리,복리채,도시철도공채,공모,8818990000,0.0,3.724,3.3861,3.7826,4.5082,,,KRW,4.002,4.966,10596.64,1.728,10596.64,,,,0.0,99,100.0,2026-08-21,2,8818990000.0,2023-05-31,2028-05-31,3.751,4.4772,10597.7,1.7319,10597.7,BUSAN SUBWAY23-05,부산도시철도23-05,KR,BUSAN SUBWAY23-05,장외,부산도시철도공채증권 23-05,KR2006024D52,부산광역시,Y,16,매우낮은위험(6등급),2026-08-21,3.538,649.0,2026-08-21,2.5,국공채,도시철도,10601.0,N,active,N,Y,,,6,1,N
3.7072,3.999,0.0,온오프 겸용,0,고정금리,복리채,도시철도공채,공모,7393585000,0.0,3.966,3.7072,4.1172,10.1467,,,KRW,4.382,5.543,10113.74,2.7756,10113.74,,,,0.0,99,100.0,2026-08-21,2,7328360000.0,2024-06-30,2029-06-30,3.999,10.1197,10114.81,2.783,10114.81,BUSAN SUBWAY24-06,부산도시철도24-06,KR,BUSAN SUBWAY24-06,장외,부산도시철도공채증권 24-06,KR2006024E69,부산광역시,Y,16,매우낮은위험(6등급),2026-08-21,3.8643,1044.0,2026-08-21,2.5,국공채,도시철도,10122.0,N,active,N,Y,,,6,1,N
3.6718,3.973,0.0,온오프 겸용,0,고정금리,복리채,지역개발채,공모,13959925000,0.0,3.939,3.6718,4.0806,9.6294,,,KRW,4.34,5.478,10152.91,2.6967,10152.91,,,,0.0,99,100.0,2026-08-21,2,13813865000.0,2024-05-31,2029-05-31,3.973,9.5969,10153.98,2.7041,10153.98,CHUNGNAM PROVINCIAL24-05,충남지역개발24-05,KR,CHUNGNAM PROVINCIAL DEVELOPMENT24-05,장외,충남지역개발채권 24-05,KR2022022E50,충청남도,Y,16,매우낮은위험(6등급),2026-08-21,3.8285,1014.0,2026-08-21,2.5,국공채,지역개발,10162.0,N,active,N,Y,,,6,1,N
3.4135,3.777,0.0,온오프 겸용,0,고정금리,복리채,지역개발채,공모,20908040000,0.0,3.747,3.4135,3.811,4.8797,,,KRW,4.034,5.016,10560.15,1.8072,10560.15,,,,0.0,99,100.0,2026-08-21,2,20760200000.0,2023-06-30,2028-06-30,3.777,4.8549,10561.21,1.8112,10561.21,CHUNGBUK PROVINCIAL23-06,충북지역개발23-06,KR,CHUNGBUK PROVINCIAL DEVELOPMENT23-06,장외,충북지역개발채권 23-06,KR2033022D66,충청북도,Y,16,매우낮은위험(6등급),2026-08-21,3.5658,679.0,2026-08-21,2.5,국공채,지역개발,10565.0,N,active,N,Y,,,6,1,N
3.1768,3.336,0.0,온오프 겸용,0,고정금리,복리채,지역개발채,공모,102752295000,0.0,3.333,3.3331,3.3331,1.0,,,KRW,3.755,5.563,10298.82,0.6746,10298.82,,,,0.0,99,100.0,2026-08-21,2,102457375000.0,2022-04-30,2027-04-30,3.336,0.9648,10299.74,0.675,10299.74,KYUNGKI PROVINCIAL22-04,경기지역개발22-04,KR,KYUNGKI PROVINCIAL DEVELOPMENT22-04,장외,경기지역개발채권 22-04,KR2044022C49,경기도,Y,16,매우낮은위험(6등급),2026-08-21,3.2393,252.0,2026-08-21,1.05,국공채,지역개발,10299.0,N,active,N,Y,,,6,1,N
4.0166,4.18,0.0,온오프 겸용,0,고정금리,이표채,일반특수법인채,공모,150000000000,0.0,4.146,4.0166,4.271,9.3338,AAA,2019-07-24,KRW,4.747,6.838,9290.75,2.8203,9290.75,,,,0.0,99,100.0,2026-08-21,2,150000000000.0,2019-07-24,2029-07-24,4.18,9.3175,9291.79,2.8233,9291.79,KR326,국가철도공단채권326,KR,KOREA NATIONAL RAILWAY BOND326,장외,국가철도공단채권 326,KR352701G970,국가철도공단,Y,16,매우낮은위험(6등급),2026-08-21,4.1141,1068.0,2026-08-21,1.537,특수채,공사채,9299.0,N,active,N,Y,AAA,1,6,1,N
3.0211,3.726,0.0,온오프 겸용,0,고정금리,이표채,일반회사채,공모,170000000000,0.0,3.71,3.0211,3.6583,0.3761,A+,2024-02-26,KRW,3.571,3.188,10125.02,0.5016,10125.02,,,,0.0,99,100.0,2026-08-21,2,170000000000.0,2024-02-26,2027-02-26,3.726,0.3733,10126.05,0.4999,10126.05,HANWHA250-2,한화250-2,KR,HANWHA250-2,장외,한화250-2,KR6000883E27,(주)한화,Y,14,보통위험(4등급),2026-08-21,3.2653,189.0,2026-08-21,4.224,회사채,일반사채,10125.0,N,active,N,Y,A+,5,4,1,N
3.7154,4.257,0.0,온오프 겸용,0,고정금리,이표채,일반회사채,공모,50000000000,0.0,4.238,3.7154,4.2497,2.2722,A+,2026-01-30,KRW,4.391,5.014,9907.97,1.3856,9907.97,,,,0.0,99,100.0,2026-08-21,2,50000000000.0,2026-01-30,2028-01-25,4.257,2.264,9909.11,1.3848,9909.11,LX HAUSYS18-1,LX하우시스18-1,KR,LX HAUSYS18-1,장외,LX하우시스18-1,KR6108671G14,(주)LX하우시스,Y,14,보통위험(4등급),2026-08-21,3.9201,522.0,2026-08-21,3.442,회사채,일반사채,9910.0,N,active,N,Y,A+,5,4,1,N
4.0468,4.861,0.0,온오프 겸용,0,고정금리,이표채,할부금융채,공모,80000000000,0.0,4.84,4.0468,4.8025,3.5864,A+,2026-06-29,KRW,4.783,4.699,10087.73,1.756,10087.73,,,,0.0,99,100.0,2026-08-21,2,80000000000.0,2026-06-29,2028-06-29,4.861,3.5769,10089.05,1.7558,10089.05,MERITZ CAPITAL302-3,메리츠캐피탈302-3,KR,MERITZ CAPITAL302-3,장외,메리츠캐피탈302-3,KR6169376G63,메리츠캐피탈(주),N,14,보통위험(4등급),2026-08-21,4.3363,678.0,2026-08-21,4.956,회사채,일반사채,10091.0,N,active,N,Y,A+,5,4,1,N
,2.854,,,,고정금리,복리채,국민주택1종,공모,1503995030000,,,,,0.069,,,KRW,,,10477.22,0.1072,10477.22,,,,0.0,99,100.0,2026-08-21,1,1500047830000.0,2021-09-30,2026-09-30,2.854,0.0523,10478.03,0.1057,10478.03,KNHB (Ⅰ)21-09,국민주택1종21-09,KR,KOREA NATIONAL HOUSING BOND (Ⅰ)21-09,장외,국민주택1종채권 21-09,KR101501DB98,대한민국,Y,16,매우낮은위험(6등급),2026-08-21,,40.0,,1.0,국공채,국민주택,,N,active,N,Y,,,6,1,N
,3.887,,,,고정금리,이표채,국고채권,공모,12747000000000,,,,,8.5922,,,KRW,,,9506.53,2.6928,9506.53,,,,0.0,99,100.0,2026-08-21,1,11412000000000.0,2019-06-10,2029-06-10,3.887,8.5731,9507.53,2.6953,9507.53,KTB01875-2906(19-4),국고01875-2906(19-4),KR,KOREA TREASURY BOND01875-2906(19-4),장외,국고채권 01875-2906(19-4),KR103502G966,대한민국,Y,16,매우낮은위험(6등급),2026-08-21,,1024.0,,1.875,국공채,국고채,,N,active,N,Y,,,6,1,N
,4.165,,,,고정금리,복리채,지역개발채,공모,11032010000,,,,,20.0291,,,KRW,,,9302.0,4.0696,9302.0,,,,0.0,99,100.0,2026-08-21,1,10918490000.0,2025-10-31,2030-10-31,4.165,19.9958,9303.05,4.082,9303.05,KANGWON PROVINCIAL25-10,강원지역개발25-10,KR,KANGWON PROVINCIAL DEVELOPMENT25-10,장외,강원지역개발채권 25-10,KR2002022FA0,강원도,Y,16,매우낮은위험(6등급),2026-08-21,,1532.0,,2.0,국공채,지역개발,,N,active,N,Y,,,6,1,N
,3.973,,,,고정금리,복리채,지역개발채,공모,9357495000,,,,,9.6294,,,KRW,,,10152.91,2.6967,10152.91,,,,0.0,99,100.0,2026-08-21,1,9350720000.0,2024-05-31,2029-05-31,3.973,9.5969,10153.98,2.7041,10153.98,INCHEON PROVINCIAL24-05,인천지역개발24-05,KR,INCHEON PROVINCIAL DEVELOPMENT24-05,장외,인천지역개발채권 24-05,KR2004022E58,인천광역시,N,16,매우낮은위험(6등급),2026-08-21,,1014.0,,2.5,국공채,지역개발,,N,active,N,Y,,,6,1,N
,4.183,,,,고정금리,복리채,지역개발채,공모,7152465000,,,,,20.7278,,,KRW,,,9263.75,4.1492,9263.75,,,,0.0,99,100.0,2026-08-21,1,7144440000.0,2025-11-30,2030-11-30,4.183,20.6904,9264.8,4.1621,9264.8,INCHEON PROVINCIAL25-11,인천지역개발25-11,KR,INCHEON PROVINCIAL DEVELOPMENT25-11,장외,인천지역개발채권 25-11,KR2004022FB6,인천광역시,N,16,매우낮은위험(6등급),2026-08-21,,1562.0,,2.0,국공채,지역개발,,N,active,N,Y,,,6,1,N
,3.892,,,,고정금리,복리채,지역개발채,공모,6414750000,,,,,8.144,,,KRW,,,10272.91,2.454,10272.91,,,,0.0,99,100.0,2026-08-21,1,6412550000.0,2024-02-29,2029-02-28,3.892,8.1032,10273.98,2.4607,10273.98,KWANGJU PROVINCIAL24-02,광주지역개발24-02,KR,KWANGJU PROVINCIAL DEVELOPMENT24-02,장외,광주지역개발채권 24-02,KR2005022E22,전남광주통합특별시,N,16,매우낮은위험(6등급),2026-08-21,,922.0,,2.5,국공채,지역개발,,N,active,N,Y,,,6,1,N
,4.046,,,,고정금리,복리채,지역개발채,공모,5662040000,,,,,11.2494,,,KRW,,,10033.66,2.9386,10033.66,,,,0.0,99,100.0,2026-08-21,1,5649710000.0,2024-08-31,2029-08-31,4.046,11.2327,10034.77,2.9464,10034.77,KWANGJU PROVINCIAL24-08,광주지역개발24-08,KR,KWANGJU PROVINCIAL DEVELOPMENT24-08,장외,광주지역개발채권 24-08,KR2005052E82,전남광주통합특별시,N,16,매우낮은위험(6등급),2026-08-21,,1106.0,,2.5,국공채,지역개발,,N,active,N,Y,,,6,1,N
,4.147,,,,고정금리,복리채,지역개발채,공모,3317920000,,,,,19.3243,,,KRW,,,9573.08,3.9871,9573.08,,,,0.0,99,100.0,2026-08-21,1,3301340000.0,2025-09-30,2030-09-30,4.147,19.2972,9574.16,3.999,9574.16,BUSAN PROVINCIAL25-09,부산지역개발25-09,KR,BUSAN PROVINCIAL DEVELOPMENT25-09,장외,부산지역개발채권 25-09,KR2006022F94,부산광역시,N,16,매우낮은위험(6등급),2026-08-21,,1501.0,,2.5,국공채,지역개발,,N,active,N,Y,,,6,1,N
,4.31,,,,고정금리,복리채,지역개발채,공모,4358640000,,,,,26.1137,,,KRW,,,8992.92,4.7075,8992.92,,,,0.0,99,100.0,2026-08-21,1,4250810000.0,2026-06-30,2031-06-30,4.31,26.083,8993.95,4.7226,8993.95,BUSAN PROVINCIAL26-06,부산지역개발26-06,KR,BUSAN PROVINCIAL DEVELOPMENT26-06,장외,부산지역개발채권 26-06,KR2006022G69,부산광역시,N,16,매우낮은위험(6등급),2026-08-21,,1774.0,,2.0,국공채,지역개발,,N,active,N,Y,,,6,1,N
,2.974,,,,고정금리,복리채,도시철도공채,공모,4004350000,,,,,0.241,,,KRW,,,10450.03,0.2714,10450.03,,,,0.0,99,100.0,2026-08-21,1,4004350000.0,2021-11-30,2026-11-30,2.974,0.208,10450.87,0.2705,10450.87,DAEGU SUBWAY21-11,대구도시철도21-11,KR,DAEGU SUBWAY21-11,장외,대구도시철도공채증권21-11,KR2007024BB8,대구광역시,Y,16,매우낮은위험(6등급),2026-08-21,,101.0,,1.05,국공채,도시철도,,N,active,N,Y,,,6,1,N
,4.293,,,,고정금리,복리채,도시철도공채,공모,1259455000,,,,,25.3051,,,KRW,,,9030.69,4.6289,9030.69,,,,0.0,99,100.0,2026-08-21,1,1259455000.0,2026-05-31,2031-05-31,4.293,25.2707,9031.71,4.6439,9031.71,DAEGU SUBWAY26-05,대구도시철도26-05,KR,DAEGU SUBWAY26-05,장외,대구도시철도공채증권 26-05,KR2007024G57,대구광역시,Y,16,매우낮은위험(6등급),2026-08-21,,1744.0,,2.0,국공채,도시철도,,N,active,N,Y,,,6,1,N
,3.143,,,,고정금리,복리채,지역개발채,공모,13542350000,,,,,0.4962,,,KRW,,,10390.19,0.4374,10390.19,,,,0.0,99,100.0,2026-08-21,1,13539010000.0,2022-01-31,2027-01-31,3.143,0.4561,10391.07,0.4372,10391.07,CHUNGBUK PROVINCIAL22-01,충북지역개발22-01,KR,CHUNGBUK PROVINCIAL DEVELOPMENT22-01,장외,충북지역개발채권 22-01,KR2033022C18,충청북도,N,16,매우낮은위험(6등급),2026-08-21,,163.0,,1.05,국공채,지역개발,,N,active,N,Y,,,6,1,N
,3.427,,,,고정금리,복리채,지역개발채,공모,22212550000,,,,,1.4363,,,KRW,,,10235.21,0.8365,10235.21,,,,0.0,99,100.0,2026-08-21,1,22141040000.0,2022-06-30,2027-06-30,3.427,1.4135,10236.15,0.8372,10236.15,CHUNGBUK PROVINCIAL22-06,충북지역개발22-06,KR,CHUNGBUK PROVINCIAL DEVELOPMENT22-06,장외,충북지역개발채권 22-06,KR2033022C67,충청북도,Y,16,매우낮은위험(6등급),2026-08-21,,313.0,,1.05,국공채,지역개발,,N,active,N,Y,,,6,1,N
,2.897,,,,고정금리,복리채,지역개발채,공모,90808480000,,,,,0.069,,,KRW,,,10502.69,0.1072,10502.69,,,,0.0,99,100.0,2026-08-21,1,90750370000.0,2021-09-30,2026-09-30,2.897,0.0523,10503.52,0.1057,10503.52,KYUNGKI PROVINCIAL21-09,경기지역개발21-09,KR,KYUNGKI PROVINCIAL DEVELOPMENT21-09,장외,경기지역개발채권 21-09,KR2044012B91,경기도,N,16,매우낮은위험(6등급),2026-08-21,,40.0,,1.05,국공채,지역개발,,N,active,N,Y,,,6,1,N
,4.13,,,,고정금리,복리채,지역개발채,공모,50605565000,,,,,18.6593,,,KRW,,,9611.9,3.9071,9611.9,,,,0.0,99,100.0,2026-08-21,1,50479590000.0,2025-08-31,2030-08-31,4.13,18.6396,9612.99,3.9185,9612.99,KYUNGKI PROVINCIAL25-08,경기지역개발25-08,KR,KYUNGKI PROVINCIAL DEVELOPMENT25-08,장외,경기지역개발채권 25-08,KR2044022F87,경기도,Y,16,매우낮은위험(6등급),2026-08-21,,1471.0,,2.5,국공채,지역개발,,N,active,N,Y,,,6,1,N
,3.464,,,,고정금리,복리채,지역개발채,공모,11348570000,,,,,1.6857,,,KRW,,,10202.86,0.9185,10202.86,,,,0.0,99,100.0,2026-08-21,1,11331170000.0,2022-07-31,2027-07-31,3.464,1.6718,10203.8,0.9193,10203.8,JUNBUK PROVINCIAL22-07,전북지역개발22-07,KR,JUNBUK PROVINCIAL DEVELOPMENT22-07,장외,전북지역개발채권22-07,KR2055022C78,전라북도,Y,16,매우낮은위험(6등급),2026-08-21,,344.0,,1.05,국공채,지역개발,,N,active,N,Y,,,6,1,N
,3.828,,,,고정금리,복리채,지역개발채,공모,13810450000,,,,,5.6803,,,KRW,,,10484.02,1.9708,10484.02,,,,0.0,99,100.0,2026-08-21,1,13758435000.0,2023-08-31,2028-08-31,3.828,5.6679,10485.12,1.9751,10485.12,KYUNGBUK PROVINCIAL23-08,경북지역개발23-08,KR,KYUNGBUK PROVINCIAL DEVELOPMENT23-08,장외,경북지역개발채권 23-08,KR2077012D81,경상북도,Y,16,매우낮은위험(6등급),2026-08-21,,741.0,,2.5,국공채,지역개발,,N,active,N,Y,,,6,1,N
,3.892,,,,고정금리,복리채,지역개발채,공모,13726580000,,,,,8.144,,,KRW,,,10272.91,2.454,10272.91,,,,0.0,99,100.0,2026-08-21,1,13595680000.0,2024-02-29,2029-02-28,3.892,8.1032,10273.98,2.4607,10273.98,KYUNGBUK PROVINCIAL24-02,경북지역개발24-02,KR,KYUNGBUK PROVINCIAL DEVELOPMENT24-02,장외,경북지역개발채권 24-02,KR2077012E23,경상북도,Y,16,매우낮은위험(6등급),2026-08-21,,922.0,,2.5,국공채,지역개발,,N,active,N,Y,,,6,1,N
,4.147,,,,고정금리,복리채,지역개발채,공모,2811455000,,,,,19.3243,,,KRW,,,9341.39,3.9871,9341.39,,,,0.0,99,100.0,2026-08-21,1,2795670000.0,2025-09-30,2030-09-30,4.147,19.2972,9342.45,3.999,9342.45,SEJONG PROVINCIAL25-09,세종지역개발25-09,KR,SEJONG PROVINCIAL DEVELOPMENT25-09,장외,세종지역개발채권25-09,KR2101012F95,세종특별자치시,Y,16,매우낮은위험(6등급),2026-08-21,,1501.0,,2.0,국공채,지역개발,,N,active,N,Y,,,6,1,N
,3.03,,,,고정금리,이표채,MBS,공모,510000000000,,,,,0.0139,AAA,2021-09-03,KRW,,,10036.15,0.0345,10036.15,,,,0.0,99,100.0,2026-08-21,1,510000000000.0,2021-09-03,2026-09-03,3.03,0.0149,10036.97,0.0325,10036.97,KHFCMBS2021-20(1-4)(S),주택금융공사MBS2021-20(1-4)(사),KR,Korea Housing Finance CorporationMBS2021-20(1-4)(S),장외,한국주택금융공사 MBS2021-20(1-4)(사)(콜),KR354404GB98,한국주택금융공사,Y,16,매우낮은위험(6등급),2026-08-21,,13.0,,1.876,특수채,공사채,,N,active,N,Y,AAA,1,6,1,N
3.3604,3.504,0.0,온오프 겸용,0,고정금리,복리채,국민주택1종,공모,1049151460000,0.0,3.49,3.3604,3.5199,2.6279,,,KRW,3.972,5.955,10056.65,1.2453,10056.65,,,,0.0,99,100.0,2026-08-21,2,1043120560000.0,2022-11-30,2027-11-30,3.504,2.5939,10057.6,1.2475,10057.6,KNHB (Ⅰ)22-11,국민주택1종22-11,KR,KOREA NATIONAL HOUSING BOND (Ⅰ)22-11,장외,국민주택1종채권 22-11,KR101501DCB1,대한민국,Y,16,매우낮은위험(6등급),2026-08-21,3.4216,466.0,2026-08-21,1.0,국공채,국민주택,10058.0,N,active,N,Y,,,6,1,N
3.404,3.557,0.0,온오프 겸용,0,고정금리,복리채,도시철도공채,공모,5745755000,0.0,3.542,3.404,3.5707,2.3767,,,KRW,4.023,6.009,10104.19,1.1643,10104.19,,,,0.0,99,100.0,2026-08-21,2,5745755000.0,2022-10-31,2027-10-31,3.557,2.3489,10105.17,1.1662,10105.17,BUSAN SUBWAY22-10,부산도시철도22-10,KR,BUSAN SUBWAY22-10,장외,부산도시철도공채증권 22-10,KR2006024CA9,부산광역시,Y,16,매우낮은위험(6등급),2026-08-21,3.4679,436.0,2026-08-21,1.05,국공채,도시철도,10105.0,N,active,N,Y,,,6,1,N
3.5498,3.878,0.0,온오프 겸용,0,고정금리,복리채,지역개발채,공모,1573680000,0.0,3.841,3.5498,3.9541,7.7215,,,KRW,4.195,5.256,10306.47,2.3796,10306.47,,,,0.0,99,100.0,2026-08-21,2,1573680000.0,2024-01-31,2029-01-31,3.878,7.6808,10307.55,2.386,10307.55,DAEGU PROVINCIAL24-01,대구지역개발24-01,KR,DAEGU PROVINCIAL DEVELOPMENT24-01,장외,대구지역개발채권 24-01,KR2007022E10,대구광역시,Y,16,매우낮은위험(6등급),2026-08-21,3.7047,894.0,2026-08-21,2.5,국공채,지역개발,10315.0,N,active,N,Y,,,6,1,N
3.4986,3.847,0.0,온오프 겸용,0,고정금리,복리채,지역개발채,공모,67579255000,0.0,3.811,3.4986,3.9,6.4381,,,KRW,4.135,5.168,10413.31,2.1343,10413.31,,,,0.0,99,100.0,2026-08-21,2,67434235000.0,2023-10-31,2028-10-31,3.847,6.4085,10414.39,2.1395,10414.39,KYUNGKI PROVINCIAL23-10,경기지역개발23-10,KR,KYUNGKI PROVINCIAL DEVELOPMENT23-10,장외,경기지역개발채권 23-10,KR2044022DA5,경기도,Y,16,매우낮은위험(6등급),2026-08-21,3.6524,802.0,2026-08-21,2.5,국공채,지역개발,10421.0,N,active,N,Y,,,6,1,N
3.6396,3.946,0.0,온오프 겸용,0,고정금리,복리채,지역개발채,공모,75601980000,0.0,3.912,3.6396,4.0472,9.1116,,,KRW,4.302,5.42,10193.4,2.6151,10193.4,,,,0.0,99,100.0,2026-08-21,2,75346285000.0,2024-04-30,2029-04-30,3.946,9.075,10194.47,2.6223,10194.47,KYUNGKI PROVINCIAL24-04,경기지역개발24-04,KR,KYUNGKI PROVINCIAL DEVELOPMENT24-04,장외,경기지역개발채권 24-04,KR2044022E47,경기도,Y,16,매우낮은위험(6등급),2026-08-21,3.7958,983.0,2026-08-21,2.5,국공채,지역개발,10202.0,N,active,N,Y,,,6,1,N
4.2018,4.256,0.0,온오프 겸용,0,고정금리,복리채,지역개발채,공모,51781765000,0.0,4.218,4.2018,4.5543,23.7082,,,KRW,4.966,6.774,9108.95,4.4688,9108.95,,,,0.0,99,100.0,2026-08-21,2,51555250000.0,2026-03-31,2031-03-31,4.256,23.6679,9109.99,4.4832,9109.99,KYUNGKI PROVINCIAL26-03,경기지역개발26-03,KR,KYUNGKI PROVINCIAL DEVELOPMENT26-03,장외,경기지역개발채권 26-03,KR2044022G37,경기도,Y,16,매우낮은위험(6등급),2026-08-21,4.3368,1683.0,2026-08-21,2.0,국공채,지역개발,9124.0,N,active,N,Y,,,6,1,N
3.3627,3.528,0.0,온오프 겸용,0,고정금리,복리채,지역개발채,공모,22254040000,0.0,3.514,3.3627,3.5289,2.1407,,,KRW,3.974,5.93,10137.76,1.0813,10137.76,,,,0.0,99,100.0,2026-08-21,2,22175105000.0,2022-09-30,2027-09-30,3.528,2.1214,10138.74,1.0827,10138.74,KYUNGBUK PROVINCIAL22-09,경북지역개발22-09,KR,KYUNGBUK PROVINCIAL DEVELOPMENT22-09,장외,경북지역개발채권 22-09,KR2077012C90,경상북도,Y,16,매우낮은위험(6등급),2026-08-21,3.4263,405.0,2026-08-21,1.05,국공채,지역개발,10139.0,N,active,N,Y,,,6,1,N
4.0332,4.497,0.0,온오프 겸용,0,고정금리,이표채,일반회사채,공모,175000000000,0.0,4.473,4.0332,4.5026,4.4169,A+,2025-09-09,KRW,4.767,5.927,9763.52,1.9671,9763.52,,,,0.0,99,100.0,2026-08-21,2,175000000000.0,2025-09-09,2028-09-08,4.497,4.4072,9764.71,1.9669,9764.71,HANWHA253-2,한화253-2,KR,HANWHA253-2,장외,한화253-2,KR6000883F91,(주)한화,Y,14,보통위험(4등급),2026-08-21,4.2133,749.0,2026-08-21,2.981,회사채,일반사채,9768.0,N,active,N,Y,A+,5,4,1,N
,4.856,,,,고정금리,이표채,할부금융채,공모,40000000000,,,,,0.7996,A0,2025-12-09,KRW,,,9995.21,0.7798,9995.21,,,,0.0,99,100.0,2026-08-21,1,40000000000.0,2025-12-09,2027-06-09,4.856,0.7945,9996.53,0.7785,9996.53,KIC132-3,한국투자캐피탈132-3,KR,Korea Investment Capital132-3,장외,한국투자캐피탈132-3,KR6214343FC1,한국투자캐피탈(주),Y,14,보통위험(4등급),2026-08-21,,292.0,,3.827,회사채,일반사채,,N,active,N,Y,A,6,4,1,N
,3.39,,,,고정금리,복리채,도시철도공채,공모,81283470000,,,,,1.2125,,,KRW,,,10435.68,0.7569,10435.68,,,,0.0,99,100.0,2026-08-21,1,81167895000.0,2020-05-31,2027-05-31,3.39,1.1828,10436.63,0.7575,10436.63,SEOUL SUBWAY20-05,서울도시철도20-05,KR,SEOUL METROPOLITAN CITY SUBWAY BOND20-05,장외,서울도시철도공채증권 20-05,KR2001294A59,서울특별시,Y,16,매우낮은위험(6등급),2026-08-21,,283.0,,1.0,국공채,도시철도,,N,active,N,Y,,,6,1,N
,3.892,,,,고정금리,복리채,지역개발채,공모,10318980000,,,,,8.144,,,KRW,,,10272.91,2.454,10272.91,,,,0.0,99,100.0,2026-08-21,1,10272175000.0,2024-02-29,2029-02-28,3.892,8.1032,10273.98,2.4607,10273.98,KANGWON PROVINCIAL24-02,강원지역개발24-02,KR,KANGWON PROVINCIAL DEVELOPMENT24-02,장외,강원지역개발채권 24-02,KR2002022E29,강원도,Y,16,매우낮은위험(6등급),2026-08-21,,922.0,,2.5,국공채,지역개발,,N,active,N,Y,,,6,1,N
,4.293,,,,고정금리,복리채,지역개발채,공모,10148180000,,,,,25.3051,,,KRW,,,9030.69,4.6289,9030.69,,,,0.0,99,100.0,2026-08-21,1,10068395000.0,2026-05-31,2031-05-31,4.293,25.2707,9031.71,4.6439,9031.71,KANGWON PROVINCIAL26-05,강원지역개발26-05,KR,KANGWON PROVINCIAL DEVELOPMENT26-05,장외,강원지역개발채권 26-05,KR2002022G50,강원도,N,16,매우낮은위험(6등급),2026-08-21,,1744.0,,2.0,국공채,지역개발,,N,active,N,Y,,,6,1,N
,3.668,,,,고정금리,복리채,지역개발채,공모,6479085000,,,,,3.4748,,,KRW,,,10708.04,1.4843,10708.04,,,,0.0,99,100.0,2026-08-21,1,6475905000.0,2023-02-28,2028-02-29,3.668,3.4342,10709.1,1.4875,10709.1,DAEJON PROVINCIAL23-02,대전지역개발23-02,KR,DAEJON PROVINCIAL DEVELOPMENT23-02,장외,대전지역개발채권23-02,KR2003012D20,대전광역시,Y,16,매우낮은위험(6등급),2026-08-21,,557.0,,2.5,국공채,지역개발,,N,active,N,Y,,,6,1,N
,3.868,,,,고정금리,복리채,지역개발채,공모,8691130000,,,,,7.2705,,,KRW,,,10342.37,2.2971,10342.37,,,,0.0,99,100.0,2026-08-21,1,8604255000.0,2023-12-31,2028-12-31,3.868,7.2317,10343.45,2.3032,10343.45,DAEJON PROVINCIAL23-12,대전지역개발23-12,KR,DAEJON PROVINCIAL DEVELOPMENT23-12,장외,대전지역개발채권23-12,KR2003022DC0,대전광역시,N,16,매우낮은위험(6등급),2026-08-21,,863.0,,2.5,국공채,지역개발,,N,active,N,Y,,,6,1,N
,3.892,,,,고정금리,복리채,지역개발채,공모,5392820000,,,,,8.144,,,KRW,,,10272.91,2.454,10272.91,,,,0.0,99,100.0,2026-08-21,1,5382805000.0,2024-02-29,2029-02-28,3.892,8.1032,10273.98,2.4607,10273.98,DAEJON PROVINCIAL24-02,대전지역개발24-02,KR,DAEJON PROVINCIAL DEVELOPMENT24-02,장외,대전지역개발채권24-02,KR2003022E27,대전광역시,N,16,매우낮은위험(6등급),2026-08-21,,922.0,,2.5,국공채,지역개발,,N,active,N,Y,,,6,1,N
,4.201,,,,고정금리,복리채,지역개발채,공모,8334440000,,,,,21.467,,,KRW,,,9224.26,4.2313,9224.26,,,,0.0,99,100.0,2026-08-21,1,8263360000.0,2025-12-31,2030-12-31,4.201,21.4266,9225.31,4.2447,9225.31,DAEJON PROVINCIAL25-12,대전지역개발25-12,KR,DAEJON PROVINCIAL DEVELOPMENT25-12,장외,대전지역개발채권25-12,KR2003022FC5,대전광역시,N,16,매우낮은위험(6등급),2026-08-21,,1593.0,,2.0,국공채,지역개발,,N,active,N,Y,,,6,1,N
,3.751,,,,고정금리,복리채,지역개발채,공모,11269880000,,,,,4.5082,,,KRW,,,10596.64,1.728,10596.64,,,,0.0,99,100.0,2026-08-21,1,11264280000.0,2023-05-31,2028-05-31,3.751,4.4772,10597.7,1.7319,10597.7,INCHEON PROVINCIAL23-05,인천지역개발23-05,KR,INCHEON PROVINCIAL DEVELOPMENT23-05,장외,인천지역개발채권 23-05,KR2004022D59,인천광역시,Y,16,매우낮은위험(6등급),2026-08-21,,649.0,,2.5,국공채,지역개발,,N,active,N,Y,,,6,1,N
,4.098,,,,고정금리,복리채,지역개발채,공모,9367115000,,,,,15.9038,,,KRW,,,9753.6,3.5828,9753.6,,,,0.0,99,100.0,2026-08-21,1,9343610000.0,2025-04-30,2030-04-30,4.098,15.8657,9754.66,3.5935,9754.66,INCHEON PROVINCIAL25-04,인천지역개발25-04,KR,INCHEON PROVINCIAL DEVELOPMENT25-04,장외,인천지역개발채권 25-04,KR2004022F40,인천광역시,N,16,매우낮은위험(6등급),2026-08-21,,1348.0,,2.5,국공채,지역개발,,N,active,N,Y,,,6,1,N
,4.201,,,,고정금리,복리채,지역개발채,공모,10825725000,,,,,21.467,,,KRW,,,9224.26,4.2313,9224.26,,,,0.0,99,100.0,2026-08-21,1,10793195000.0,2025-12-31,2030-12-31,4.201,21.4266,9225.31,4.2447,9225.31,KWANGJU PROVINCIAL25-12,광주지역개발25-12,KR,KWANGJU PROVINCIAL DEVELOPMENT25-12,장외,광주지역개발채권 25-12,KR2005022FC3,전남광주통합특별시,N,16,매우낮은위험(6등급),2026-08-21,,1593.0,,2.0,국공채,지역개발,,N,active,N,Y,,,6,1,N
,3.208,,,,고정금리,복리채,지역개발채,공모,1985855000,,,,,0.6375,,,KRW,,,10362.04,0.5122,10362.04,,,,0.0,99,100.0,2026-08-21,1,1978775000.0,2022-02-28,2027-02-28,3.208,0.597,10362.94,0.5122,10362.94,BUSAN PROVINCIAL22-02,부산지역개발22-02,KR,BUSAN PROVINCIAL DEVELOPMENT22-02,장외,부산지역개발채권 22-02,KR2006022C22,부산광역시,N,16,매우낮은위험(6등급),2026-08-21,,191.0,,1.05,국공채,지역개발,,N,active,N,Y,,,6,1,N
,4.091,,,,고정금리,복리채,지역개발채,공모,4005160000,,,,,15.2679,,,KRW,,,9788.12,3.5034,9788.12,,,,0.0,99,100.0,2026-08-21,1,3954675000.0,2025-03-31,2030-03-31,4.091,15.2271,9789.19,3.5139,9789.19,BUSAN PROVINCIAL25-03,부산지역개발25-03,KR,BUSAN PROVINCIAL DEVELOPMENT25-03,장외,부산지역개발채권 25-03,KR2006022F37,부산광역시,N,16,매우낮은위험(6등급),2026-08-21,,1318.0,,2.5,국공채,지역개발,,N,active,N,Y,,,6,1,N
,3.946,,,,고정금리,복리채,도시철도공채,공모,7578740000,,,,,9.1116,,,KRW,,,10193.4,2.6151,10193.4,,,,0.0,99,100.0,2026-08-21,1,7514180000.0,2024-04-30,2029-04-30,3.946,9.075,10194.47,2.6223,10194.47,BUSAN SUBWAY24-04,부산도시철도24-04,KR,BUSAN SUBWAY24-04,장외,부산도시철도공채증권 24-04,KR2006024E44,부산광역시,Y,16,매우낮은위험(6등급),2026-08-21,,983.0,,2.5,국공채,도시철도,,N,active,N,Y,,,6,1,N
,3.059,,,,고정금리,복리채,지역개발채,공모,5596940000,,,,,0.3586,,,KRW,,,10420.73,0.3545,10420.73,,,,0.0,99,100.0,2026-08-21,1,5596940000.0,2021-12-31,2026-12-31,3.059,0.3209,10421.59,0.354,10421.59,DAEGU PROVINCIAL21-12,대구지역개발21-12,KR,DAEGU PROVINCIAL DEVELOPMENT21-12,장외,대구지역개발채권21-12,KR2007022BC0,대구광역시,N,16,매우낮은위험(6등급),2026-08-21,,132.0,,1.05,국공채,지역개발,,N,active,N,Y,,,6,1,N
,3.528,,,,고정금리,복리채,도시철도공채,공모,3288040000,,,,,2.1407,,,KRW,,,10137.76,1.0813,10137.76,,,,0.0,99,100.0,2026-08-21,1,3288040000.0,2022-09-30,2027-09-30,3.528,2.1214,10138.74,1.0827,10138.74,DAEGU SUBWAY22-09,대구도시철도22-09,KR,DAEGU SUBWAY22-09,장외,대구도시철도공채증권 22-09,KR2007044C99,대구광역시,Y,16,매우낮은위험(6등급),2026-08-21,,405.0,,1.05,국공채,도시철도,,N,active,N,Y,,,6,1,N
,3.751,,,,고정금리,복리채,지역개발채,공모,15277540000,,,,,4.5082,,,KRW,,,10596.64,1.728,10596.64,,,,0.0,99,100.0,2026-08-21,1,15219370000.0,2023-05-31,2028-05-31,3.751,4.4772,10597.7,1.7319,10597.7,CHUNGBUK PROVINCIAL23-05,충북지역개발23-05,KR,CHUNGBUK PROVINCIAL DEVELOPMENT23-05,장외,충북지역개발채권 23-05,KR2033022D58,충청북도,N,16,매우낮은위험(6등급),2026-08-21,,649.0,,2.5,국공채,지역개발,,N,active,N,Y,,,6,1,N
,3.208,,,,고정금리,복리채,지역개발채,공모,85936540000,,,,,0.6375,,,KRW,,,10362.04,0.5122,10362.04,,,,0.0,99,100.0,2026-08-21,1,85859375000.0,2022-02-28,2027-02-28,3.208,0.597,10362.94,0.5122,10362.94,KYUNGKI PROVINCIAL22-02,경기지역개발22-02,KR,KYUNGKI PROVINCIAL DEVELOPMENT22-02,장외,경기지역개발채권 22-02,KR2044022C23,경기도,Y,16,매우낮은위험(6등급),2026-08-21,,191.0,,1.05,국공채,지역개발,,N,active,N,Y,,,6,1,N
,4.051,,,,고정금리,복리채,지역개발채,공모,65965925000,,,,,11.7657,,,KRW,,,9998.72,3.019,9998.72,,,,0.0,99,100.0,2026-08-21,1,65862500000.0,2024-09-30,2029-09-30,4.051,11.7405,9999.82,3.0272,9999.82,KYUNGKI PROVINCIAL24-09,경기지역개발24-09,KR,KYUNGKI PROVINCIAL DEVELOPMENT24-09,장외,경기지역개발채권 24-09,KR2044022E96,경기도,Y,16,매우낮은위험(6등급),2026-08-21,,1136.0,,2.5,국공채,지역개발,,N,active,N,Y,,,6,1,N
,4.051,,,,고정금리,복리채,지역개발채,공모,13836940000,,,,,11.7657,,,KRW,,,9998.72,3.019,9998.72,,,,0.0,99,100.0,2026-08-21,1,13770740000.0,2024-09-30,2029-09-30,4.051,11.7405,9999.82,3.0272,9999.82,CHUNNAM PROVINCIAL24-09,전남지역개발24-09,KR,CHUNNAM PROVINCIAL DEVELOPMENT24-09,장외,전남지역개발채권 24-09,KR2066022E99,전남광주통합특별시,Y,16,매우낮은위험(6등급),2026-08-21,,1136.0,,2.5,국공채,지역개발,,N,active,N,Y,,,6,1,N
,3.272,,,,고정금리,복리채,지역개발채,공모,27258285000,,,,,0.8125,,,KRW,,,10330.39,0.5949,10330.39,,,,0.0,99,100.0,2026-08-21,1,27171640000.0,2022-03-31,2027-03-31,3.272,0.7737,10331.3,0.595,10331.3,KYUNGBUK PROVINCIAL22-03,경북지역개발22-03,KR,KYUNGBUK PROVINCIAL DEVELOPMENT22-03,장외,경북지역개발채권 22-03,KR2077012C33,경상북도,Y,16,매우낮은위험(6등급),2026-08-21,,222.0,,1.05,국공채,지역개발,,N,active,N,Y,,,6,1,N
,3.427,,,,고정금리,복리채,지역개발채,공모,29374550000,,,,,1.4363,,,KRW,,,10235.21,0.8365,10235.21,,,,0.0,99,100.0,2026-08-21,1,29237655000.0,2022-06-30,2027-06-30,3.427,1.4135,10236.15,0.8372,10236.15,KYUNGBUK PROVINCIAL22-06,경북지역개발22-06,KR,KYUNGBUK PROVINCIAL DEVELOPMENT22-06,장외,경북지역개발채권 22-06,KR2077012C66,경상북도,Y,16,매우낮은위험(6등급),2026-08-21,,313.0,,1.05,국공채,지역개발,,N,active,N,Y,,,6,1,N
,3.583,,,,고정금리,복리채,지역개발채,공모,23588600000,,,,,2.624,,,KRW,,,10071.63,1.2446,10071.63,,,,0.0,99,100.0,2026-08-21,1,23521245000.0,2022-11-30,2027-11-30,3.583,2.5901,10072.61,1.2468,10072.61,KYUNGBUK PROVINCIAL22-11,경북지역개발22-11,KR,KYUNGBUK PROVINCIAL DEVELOPMENT22-11,장외,경북지역개발채권 22-11,KR2077012CB6,경상북도,Y,16,매우낮은위험(6등급),2026-08-21,,466.0,,1.05,국공채,지역개발,,N,active,N,Y,,,6,1,N
,3.847,,,,고정금리,복리채,지역개발채,공모,12293985000,,,,,6.4381,,,KRW,,,10413.31,2.1343,10413.31,,,,0.0,99,100.0,2026-08-21,1,12196740000.0,2023-10-31,2028-10-31,3.847,6.4085,10414.39,2.1395,10414.39,KYUNGBUK PROVINCIAL23-10,경북지역개발23-10,KR,KYUNGBUK PROVINCIAL DEVELOPMENT23-10,장외,경북지역개발채권 23-10,KR2077022DA5,경상북도,Y,16,매우낮은위험(6등급),2026-08-21,,802.0,,2.5,국공채,지역개발,,N,active,N,Y,,,6,1,N
,4.867,,,,고정금리,이표채,특수은행채,공모,150000000000,,,,,224.1377,AA0,2017-03-10,KRW,,,8771.27,13.1351,8771.27,,,,0.0,99,100.0,2026-08-21,1,150000000000.0,2017-03-10,2027-03-10,4.867,224.0969,8772.53,13.5756,8772.53,IBK CoCoBond(PWD)1703COUP(HY)perpA-10,기업은행 조건부(상)1703이(신종)영구A-10,KR,Industrial BANK of Korea CoCoBond(PWD)1703COUP(HY)perpA-10,장외,중금채 조건부자본증권(상) 1703이(신종)영구A-10(콜/후),KR310501G736,(주)중소기업은행,N,12,높은위험(2등급),2026-08-21,,201.0,,3.87,특수채,특수은행채,,N,active,N,Y,AA,3,2,1,N
,4.66,,,,고정금리,이표채,특수은행채,공모,540000000000,,,,,313.0656,AA0,2022-08-12,KRW,,,9904.78,6.7952,9904.78,,,,0.0,99,100.0,2026-08-21,1,540000000000.0,2022-08-12,2027-08-12,4.66,312.9847,9905.82,10.1393,9905.82,IBK CoCoBond(PWD)2208C(HY)perpB-12(S),기업은행 조건부(상)2208이(신)영B-12(사),KR,Industrial BANK of Korea CoCoBond(PWD)2208C(HY)perpB-12(S),장외,중소기업은행 조건부자본증권(상)2208이(신)영B-12(사)(조건상각/콜/후),KR310502GC82,(주)중소기업은행,Y,12,높은위험(2등급),2026-08-21,,356.0,,4.59,특수채,특수은행채,,N,active,N,Y,AA,3,2,1,N
,3.5,,,,고정금리,이표채,일반특수법인채,공모,200000000000,,,,,0.5559,AAA,2020-03-12,KRW,,,9955.58,0.5484,9955.58,,,,0.0,99,100.0,2026-08-21,1,200000000000.0,2020-03-12,2027-03-12,3.5,0.5491,9956.53,0.5472,9956.53,KEPCO1023,한국전력1023,KR,KOREA ELECTRIC POWER CORPCORPORATION1023,장외,한국전력공사채권1023,KR350102GA35,한국전력공사(주),Y,16,매우낮은위험(6등급),2026-08-21,,203.0,,1.497,특수채,공사채,,N,active,N,Y,AAA,1,6,1,N
,3.726,,,,고정금리,이표채,일반특수법인채,공모,140000000000,,,,,0.751,AAA,2020-05-26,KRW,,,9857.41,0.7524,9857.41,,,,0.0,99,100.0,2026-08-21,1,140000000000.0,2020-05-26,2027-05-26,3.726,0.7473,9858.41,0.751,9858.41,KOGAS406,한국가스공사406,KR,KOREA GAS406,장외,한국가스공사 406,KR350801GA54,한국가스공사(주),Y,16,매우낮은위험(6등급),2026-08-21,,278.0,,1.387,특수채,공사채,,N,active,N,Y,AAA,1,6,1,N
,4.422,,,,고정금리,이표채,일반특수법인채,공모,150000000000,,,,,31.7462,AAA,2012-08-10,KRW,,,9492.0,5.3546,9492.0,,,,0.0,99,100.0,2026-08-21,1,150000000000.0,2012-08-10,2032-08-10,4.422,31.7231,9493.13,5.3575,9493.13,KOREA L&H151,토지주택채권151,KR,KOREA LAND & HOUSING CORPORATION151,장외,토지주택채권151,KR3561027284,한국토지주택공사,N,16,매우낮은위험(6등급),2026-08-21,,2181.0,,3.43,특수채,공사채,,N,active,N,Y,AAA,1,6,1,N
,4.981,,,,고정금리,이표채,특수은행채,공모,300000000000,,,,,106.9784,AA-,2022-07-11,KRW,,,10051.62,2.9751,10051.62,,,,0.0,99,100.0,2026-08-21,1,300000000000.0,2022-07-11,2027-07-11,4.981,149.5022,10052.74,3.7769,10052.74,NongHyup Bank2022-07COUP-A(Hyb),농업금융채권(은행)2022-07이-A(신종),KR,NongHyup Bank2022-07COUP-A(Hyb),장외,농업금융채권(은행)2022-07이-A(신종)(조건상각/콜/후),KR381002GC70,농협은행,Y,11,매우높은위험(1등급),2026-08-21,,324.0,,4.98,특수채,특수은행채,,N,active,N,Y,AA-,4,1,1,N
,3.796,,,,고정금리,이표채,일반회사채,공모,41000000000,,,,,0.3573,A-,2025-11-28,KRW,,,10016.68,0.4879,10016.68,,,,0.0,99,100.0,2026-08-21,1,41000000000.0,2025-02-19,2027-02-19,3.796,0.3544,10017.7,0.4862,10017.7,HANWHA OCEAN10-1,한화오션10-1,KR,HANWHA OCEAN10-1,장외,한화오션10-1,KR6042661F26,한화오션(주),N,14,보통위험(4등급),2026-08-21,,182.0,,4.093,회사채,일반사채,,N,active,N,Y,A-,7,4,1,N
,3.472,,,,고정금리,이표채,금융지주회사채,공모,400000000000,,,,,258.0364,AA-,2025-09-09,KRW,,,9675.95,7.5944,9675.95,,,,0.0,99,100.0,2026-08-21,1,400000000000.0,2025-09-09,2030-09-09,3.472,257.9719,9676.81,11.2432,9676.81,SHFG CoCo Bond(PWD)18(Hyb-Perp-5Call),신한금융조건부(상)18(신종-영구-5콜),KR,SHINHAN FINANCIAL Contingent Convertible Bond(PWD)18(Hyb-Perp-5Call),장외,신한금융지주 조건부자본증권(상)18(신종-영구-5콜)(조건상각/콜/후),KR6055551F96,(주)신한금융지주회사,Y,11,매우높은위험(1등급),2026-08-21,,1480.0,,3.26,회사채,일반사채,,N,active,N,Y,AA-,4,1,1,N
,3.132,,,,고정금리,이표채,신용카드채,공모,60000000000,,,,,0.0028,AA+,2024-09-30,KRW,,,10035.5,0.0183,10035.5,,,,0.0,99,100.0,2026-08-21,1,60000000000.0,2019-08-29,2026-08-28,3.132,0.0017,10036.36,0.0163,10036.36,HYUNDAI CARD768-4 (G),현대카드768-4 (녹),KR,HYUNDAI CARD768-4 (G),장외,현대카드 768-4 (녹),KR6065904981,현대카드(주),Y,15,낮은위험(5등급),2026-08-21,,7.0,,1.666,회사채,일반사채,,N,active,N,Y,AA+,2,5,1,N
,3.495,,,,고정금리,이표채,금융지주회사채,공모,400000000000,,,,,259.9855,AA-,2025-08-29,KRW,,,9699.32,7.5959,9699.32,,,,0.0,99,100.0,2026-08-21,1,400000000000.0,2025-08-29,2030-08-29,3.495,259.9206,9700.18,11.2299,9700.18,HNFG CoCo Bond(PWD)17,하나금융조건부(상)17,KR,HANA Financial Contingent Convertible Bond(PWD)17,장외,하나금융지주 조건부자본증권(상)17(조건상각/콜/후),KR6086791F83,(주)하나금융지주,N,11,매우높은위험(1등급),2026-08-21,,1469.0,,3.29,회사채,일반사채,,N,active,N,Y,AA-,4,1,1,N
,4.846,,,,고정금리,이표채,금융지주회사채,공모,350000000000,,,,,246.3578,AA-,2026-04-28,KRW,,,10032.86,5.7794,10032.86,,,,0.0,99,100.0,2026-08-21,1,350000000000.0,2026-05-29,2031-05-29,4.846,246.2949,10033.87,7.2692,10033.87,HNFG CoCo Bond(PWD)19,하나금융조건부(상)19,KR,HANA Financial Contingent Convertible Bond(PWD)19,장외,하나금융지주 조건부자본증권(상) 19(조건상각/콜/후),KR6086791G58,(주)하나금융지주,N,11,매우높은위험(1등급),2026-08-21,,1742.0,,4.8,회사채,일반사채,,N,active,N,Y,AA-,4,1,1,N
,4.407,,,,고정금리,이표채,,공모,110000000000,,,,,,,2026-08-21,KRW,,,,,10000.0,,,,0.0,99,100.0,2026-08-21,1,0.0,2026-08-21,2029-08-21,,,,,,NH Capital269-3,엔에이치농협캐피탈269-3,KR,NH Capital269-3,장외,엔에이치농협캐피탈269-3,KR6097244G82,,N,00,해당없음,2026-08-21,,1096.0,,4.407,회사채,일반사채,,N,active,N,Y,,,,1,N
3.5192,3.699,0.0,온오프 겸용,0,고정금리,복리채,국민주택1종,공모,1116026750000,0.0,3.67,3.5192,3.7292,4.8868,,,KRW,4.159,6.048,9970.1,1.8082,9970.1,,,,0.0,99,100.0,2026-08-21,2,1113174100000.0,2023-06-30,2028-06-30,3.699,4.8619,9971.08,1.812,9971.08,KNHB (Ⅰ)23-06,국민주택1종23-06,KR,KOREA NATIONAL HOUSING BOND (Ⅰ)23-06,장외,국민주택1종채권 23-06,KR101501DD62,대한민국,Y,16,매우낮은위험(6등급),2026-08-21,3.5997,679.0,2026-08-21,1.3,국공채,국민주택,9975.0,N,active,N,Y,,,6,1,N
3.5674,3.745,0.0,온오프 겸용,0,고정금리,복리채,국민주택1종,공모,1168375560000,0.0,3.71,3.5674,3.7787,5.6894,,,KRW,4.216,6.137,9900.62,1.972,9900.62,,,,0.0,99,100.0,2026-08-21,2,1164234590000.0,2023-08-31,2028-08-31,3.745,5.677,9901.63,1.9761,9901.63,KNHB (Ⅰ)23-08,국민주택1종23-08,KR,KOREA NATIONAL HOUSING BOND (Ⅰ)23-08,장외,국민주택1종채권 23-08,KR101501DD88,대한민국,Y,16,매우낮은위험(6등급),2026-08-21,3.6484,741.0,2026-08-21,1.3,국공채,국민주택,9907.0,N,active,N,Y,,,6,1,N
3.9002,4.098,0.0,온오프 겸용,0,고정금리,복리채,도시철도공채,공모,58158685000,0.0,4.064,3.9002,4.2938,15.9037,,,KRW,4.61,5.997,10184.55,3.5828,10184.55,,,,0.0,99,100.0,2026-08-21,2,58059085000.0,2023-04-30,2030-04-30,4.098,15.8656,10185.66,3.5935,10185.66,SEOUL SUBWAY23-04,서울도시철도23-04,KR,SEOUL METROPOLITAN CITY SUBWAY BOND23-04,장외,서울도시철도공채증권 23-04,KR2001024D46,서울특별시,Y,16,매우낮은위험(6등급),2026-08-21,4.051,1348.0,2026-08-21,2.5,국공채,도시철도,10197.0,N,active,N,Y,,,6,1,N
4.3549,4.379,0.0,온오프 겸용,0,고정금리,복리채,도시철도공채,공모,43478230000,0.0,4.339,4.3549,4.784,32.1636,,,KRW,5.147,6.741,9351.99,5.277,9351.99,,,,0.0,99,100.0,2026-08-21,2,43438625000.0,2025-01-31,2032-01-31,4.379,32.1227,9353.09,5.2949,9353.09,SEOUL SUBWAY25-01,서울도시철도25-01,KR,SEOUL METROPOLITAN CITY SUBWAY BOND25-01,장외,서울도시철도공채증권 25-01,KR2001024F10,서울특별시,Y,16,매우낮은위험(6등급),2026-08-21,4.5193,1989.0,2026-08-21,2.5,국공채,도시철도,9371.0,N,active,N,Y,,,6,1,N
3.8744,4.098,0.0,온오프 겸용,0,고정금리,복리채,도시철도공채,공모,4760070000,0.0,4.064,3.8744,4.2952,15.9038,,,KRW,4.579,5.826,9753.6,3.5828,9753.6,,,,0.0,99,100.0,2026-08-21,2,4760070000.0,2025-04-30,2030-04-30,4.098,15.8657,9754.66,3.5935,9754.66,BUSAN SUBWAY25-04,부산도시철도25-04,KR,BUSAN SUBWAY25-04,장외,부산도시철도공채증권 25-04,KR2006014F45,부산광역시,Y,16,매우낮은위험(6등급),2026-08-21,4.0356,1348.0,2026-08-21,2.5,국공채,도시철도,9765.0,N,active,N,Y,,,6,1,N
3.2741,3.64,0.0,온오프 겸용,0,고정금리,복리채,지역개발채,공모,16153375000,0.0,3.622,3.2741,3.6675,3.193,,,KRW,3.87,4.758,10741.99,1.4099,10741.99,,,,0.0,99,100.0,2026-08-21,2,16103830000.0,2023-01-31,2028-01-31,3.64,3.1526,10743.05,1.4128,10743.05,CHUNGNAM PROVINCIAL23-01,충남지역개발23-01,KR,CHUNGNAM PROVINCIAL DEVELOPMENT23-01,장외,충남지역개발채권 23-01,KR2022012D12,충청남도,Y,16,매우낮은위험(6등급),2026-08-21,3.4248,528.0,2026-08-21,2.5,국공채,지역개발,10744.0,N,active,N,Y,,,6,1,N
3.6065,3.92,0.0,온오프 겸용,0,고정금리,복리채,지역개발채,공모,17044405000,0.0,3.884,3.6065,4.0129,8.6272,,,KRW,4.263,5.359,10232.58,2.5359,10232.58,,,,0.0,99,100.0,2026-08-21,2,16977740000.0,2024-03-31,2029-03-31,3.92,8.5877,10233.65,2.5429,10233.65,CHUNGNAM PROVINCIAL24-03,충남지역개발24-03,KR,CHUNGNAM PROVINCIAL DEVELOPMENT24-03,장외,충남지역개발채권 24-03,KR2022022E35,충청남도,Y,16,매우낮은위험(6등급),2026-08-21,3.7622,953.0,2026-08-21,2.5,국공채,지역개발,10241.0,N,active,N,Y,,,6,1,N
3.1286,3.787,0.0,온오프 겸용,0,고정금리,이표채,일반회사채,공모,42000000000,0.0,3.774,3.1286,3.7485,0.2622,BBB+,2025-01-21,KRW,3.698,3.477,10046.04,0.4097,10046.04,,,,0.0,99,100.0,2026-08-21,2,42000000000.0,2025-01-21,2027-01-21,3.787,0.2577,10047.06,0.4081,10047.06,HANJIN TRNSPT122-1,한진122-1,KR,HANJIN TRANSPORTATION122-1,장외,한진122-1,KR6002321F14,(주)한진,Y,13,다소높은위험(3등급),2026-08-21,3.3661,153.0,2026-08-21,4.077,회사채,일반사채,10046.0,N,active,N,Y,BBB+,8,3,1,N
,4.155,,,,고정금리,이표채,일반회사채,공모,70000000000,,,,,3.1845,AA0,2021-05-04,KRW,,,9672.9,1.6625,9672.9,,,,0.0,99,100.0,2026-08-21,1,70000000000.0,2021-05-04,2028-05-04,4.155,3.1759,9673.98,1.6619,9673.98,LGE98-2(G),LG전자98-2(녹),KR,LG ELECTRONICS98-2(G),장외,LG전자98-2(녹),KR6066572B50,LG전자(주),Y,15,낮은위험(5등급),2026-08-21,,622.0,,2.098,회사채,일반사채,,N,active,N,Y,AA,3,5,1,N
,4.375,,,,고정금리,이표채,,공모,80000000000,,,,,,,2026-08-21,KRW,,,,,10000.11788786,,,,0.0,99,100.0,2026-08-21,1,0.0,2026-08-21,2029-06-21,,,,,,NH Capital269-2,엔에이치농협캐피탈269-2,KR,NH Capital269-2,장외,엔에이치농협캐피탈269-2,KR6097243G83,,N,00,해당없음,2026-08-21,,1035.0,,4.375,회사채,일반사채,,N,active,N,Y,,,,1,N
,3.92,,,,고정금리,이표채,,공모,40000000000,,,,,,,2026-08-21,KRW,,,,,10000.0,,,,0.0,99,100.0,2026-08-21,1,0.0,2026-08-21,2028-08-21,,,,,,ASSETMANAGEMENT163TH(S),자산관리공사채163회(사),KR,KOREA ASSET MANAGEMENT 163TH(S),장외,한국자산관리공사채권제163회(사),KR352502GG80,,N,00,해당없음,2026-08-21,,731.0,,3.92,특수채,공사채,,N,active,N,Y,,,,1,N
,4.457,,,,고정금리,이표채,,공모,40000000000,,,,,,,2026-08-21,KRW,,,,,10000.0,,,,0.0,99,100.0,2026-08-21,1,0.0,2026-08-21,2030-02-21,,,,,,NH Capital269-6,엔에이치농협캐피탈269-6,KR,NH Capital269-6,장외,엔에이치농협캐피탈269-6,KR6097247G89,,N,00,해당없음,2026-08-21,,1280.0,,4.457,회사채,일반사채,,N,active,N,Y,,,,1,N
,4.176,,,,고정금리,이표채,,공모,561000000000,,,,,212.2269,AA-,2022-03-04,KRW,,,9965.54,4.8158,9965.54,,,,0.0,99,100.0,2026-08-21,1,561000000000.0,2022-03-04,2027-03-04,4.176,212.1689,9966.59,8.1692,9966.59,NHFG CoCoBond(PWD)4,농협금융 조건부(상)4,KR,NONGHYUP FINANCIAL Contingent Convertible Bond(PWD)4,장외,NH농협금융지주 조건부자본증권(상)4,KR6166261C38,농협금융지주,Y,11,매우높은위험(1등급),2026-08-21,,195.0,,4.1,회사채,일반사채,,N,active,N,Y,AA-,4,1,1,N
,4.457,,,,고정금리,이표채,,공모,20000000000,,,,,,,2026-08-21,KRW,,,,,10000.00144704,,,,0.0,99,100.0,2026-08-21,1,0.0,2026-08-21,2030-02-20,,,,,,NH Capital269-5,엔에이치농협캐피탈269-5,KR,NH Capital269-5,장외,엔에이치농협캐피탈269-5,KR6097246G80,,N,00,해당없음,2026-08-21,,1279.0,,4.457,회사채,일반사채,,N,active,N,Y,,,,1,N
,4.707,,,,고정금리,이표채,할부금융채,공모,110000000000,,,,,2.7107,A+,2026-02-25,KRW,,,10011.97,1.5152,10011.97,,,,0.0,99,100.0,2026-08-21,1,110000000000.0,2026-02-25,2028-03-24,4.707,2.7023,10013.25,1.5147,10013.25,MERITZ CAPITAL293-2,메리츠캐피탈293-2,KR,MERITZ CAPITAL293-2,장외,메리츠캐피탈293-2,KR6169379G29,메리츠캐피탈(주),Y,14,보통위험(4등급),2026-08-21,,581.0,,4.136,회사채,일반사채,,N,active,N,Y,A+,5,4,1,N
